<?xml version="1.0" encoding="UTF-8"?>
<cdtprojectproperties>
<section name="org.eclipse.cdt.internal.ui.wizards.settingswizards.IncludePaths">
<language name="Assembly Source File">

</language>
<language name="C++ Source File">

</language>
<language name="C Source File">

</language>
<language name="Object File">

</language>
</section>
<section name="org.eclipse.cdt.internal.ui.wizards.settingswizards.Macros">
<language name="Assembly Source File">

</language>
<language name="C++ Source File">

</language>
<language name="C Source File">

</language>
<language name="Object File">

</language>
</section>
</cdtprojectproperties>
