<?xml version="1.0" encoding="utf-8"?>
<commonRoad benchmarkID="GER_Muc_3a" commonRoadVersion="2017a" date="09-Jun-2017" timeStepSize="0.1">
   <lanelet id="490">
      <leftBound>
         <point>
            <x>-0.3389</x>
            <y>93.2833</y>
         </point>
         <point>
            <x>-2.9578</x>
            <y>83.8319</y>
         </point>
         <point>
            <x>-5.5767</x>
            <y>74.3806</y>
         </point>
         <point>
            <x>-8.1956</x>
            <y>64.9293</y>
         </point>
         <point>
            <x>-10.8146</x>
            <y>55.4779</y>
         </point>
         <point>
            <x>-13.4335</x>
            <y>46.0266</y>
         </point>
         <point>
            <x>-16.0525</x>
            <y>36.5752</y>
         </point>
         <point>
            <x>-18.6714</x>
            <y>27.1238</y>
         </point>
         <point>
            <x>-21.2904</x>
            <y>17.6724</y>
         </point>
         <point>
            <x>-23.9307</x>
            <y>8.1417</y>
         </point>
      </leftBound>
      <rightBound>
         <point>
            <x>-3.2361</x>
            <y>94.0807</y>
         </point>
         <point>
            <x>-5.8536</x>
            <y>84.6344</y>
         </point>
         <point>
            <x>-8.4725</x>
            <y>75.183</y>
         </point>
         <point>
            <x>-11.0914</x>
            <y>65.7317</y>
         </point>
         <point>
            <x>-13.7104</x>
            <y>56.2803</y>
         </point>
         <point>
            <x>-16.3293</x>
            <y>46.829</y>
         </point>
         <point>
            <x>-18.9483</x>
            <y>37.3776</y>
         </point>
         <point>
            <x>-21.5673</x>
            <y>27.9262</y>
         </point>
         <point>
            <x>-24.1862</x>
            <y>18.4748</y>
         </point>
         <point>
            <x>-26.8272</x>
            <y>8.9409</y>
         </point>
      </rightBound>
      <successor ref="488"/>
      <adjacentLeft drivingDir="same" ref="494"/>
      <speedLimit>13.89</speedLimit>
   </lanelet>
   <lanelet id="494">
      <leftBound>
         <point>
            <x>2.5583</x>
            <y>92.4858</y>
         </point>
         <point>
            <x>-0.06064</x>
            <y>83.0345</y>
         </point>
         <point>
            <x>-2.6796</x>
            <y>73.5832</y>
         </point>
         <point>
            <x>-5.2985</x>
            <y>64.1318</y>
         </point>
         <point>
            <x>-7.9174</x>
            <y>54.6805</y>
         </point>
         <point>
            <x>-10.5363</x>
            <y>45.2291</y>
         </point>
         <point>
            <x>-13.1553</x>
            <y>35.7777</y>
         </point>
         <point>
            <x>-15.7742</x>
            <y>26.3263</y>
         </point>
         <point>
            <x>-18.3932</x>
            <y>16.8749</y>
         </point>
         <point>
            <x>-21.0341</x>
            <y>7.3444</y>
         </point>
      </leftBound>
      <rightBound>
         <point>
            <x>-0.3389</x>
            <y>93.2833</y>
         </point>
         <point>
            <x>-2.9564</x>
            <y>83.8369</y>
         </point>
         <point>
            <x>-5.5753</x>
            <y>74.3856</y>
         </point>
         <point>
            <x>-8.1943</x>
            <y>64.9342</y>
         </point>
         <point>
            <x>-10.8132</x>
            <y>55.4829</y>
         </point>
         <point>
            <x>-13.4321</x>
            <y>46.0315</y>
         </point>
         <point>
            <x>-16.0511</x>
            <y>36.5801</y>
         </point>
         <point>
            <x>-18.6701</x>
            <y>27.1287</y>
         </point>
         <point>
            <x>-21.289</x>
            <y>17.6773</y>
         </point>
         <point>
            <x>-23.9307</x>
            <y>8.1417</y>
         </point>
      </rightBound>
      <successor ref="496"/>
      <adjacentRight drivingDir="same" ref="490"/>
      <adjacentLeft drivingDir="same" ref="500"/>
      <speedLimit>13.89</speedLimit>
   </lanelet>
   <lanelet id="500">
      <leftBound>
         <point>
            <x>5.4554</x>
            <y>91.6883</y>
         </point>
         <point>
            <x>2.8365</x>
            <y>82.237</y>
         </point>
         <point>
            <x>0.21762</x>
            <y>72.7857</y>
         </point>
         <point>
            <x>-2.4013</x>
            <y>63.3343</y>
         </point>
         <point>
            <x>-5.0202</x>
            <y>53.883</y>
         </point>
         <point>
            <x>-7.6392</x>
            <y>44.4316</y>
         </point>
         <point>
            <x>-10.2581</x>
            <y>34.9802</y>
         </point>
         <point>
            <x>-12.8771</x>
            <y>25.5288</y>
         </point>
         <point>
            <x>-15.496</x>
            <y>16.0774</y>
         </point>
         <point>
            <x>-18.1369</x>
            <y>6.5469</y>
         </point>
      </leftBound>
      <rightBound>
         <point>
            <x>2.5583</x>
            <y>92.4858</y>
         </point>
         <point>
            <x>-0.059272</x>
            <y>83.0394</y>
         </point>
         <point>
            <x>-2.6782</x>
            <y>73.5881</y>
         </point>
         <point>
            <x>-5.2971</x>
            <y>64.1367</y>
         </point>
         <point>
            <x>-7.916</x>
            <y>54.6854</y>
         </point>
         <point>
            <x>-10.535</x>
            <y>45.234</y>
         </point>
         <point>
            <x>-13.1539</x>
            <y>35.7826</y>
         </point>
         <point>
            <x>-15.7729</x>
            <y>26.3312</y>
         </point>
         <point>
            <x>-18.3918</x>
            <y>16.8798</y>
         </point>
         <point>
            <x>-21.0341</x>
            <y>7.3444</y>
         </point>
      </rightBound>
      <successor ref="502"/>
      <adjacentRight drivingDir="same" ref="494"/>
      <speedLimit>13.89</speedLimit>
   </lanelet>
   <lanelet id="498">
      <leftBound>
         <point>
            <x>-22.6355</x>
            <y>1.5647</y>
         </point>
         <point>
            <x>-25.16</x>
            <y>-7.5451</y>
         </point>
         <point>
            <x>-27.779</x>
            <y>-16.9966</y>
         </point>
         <point>
            <x>-30.398</x>
            <y>-26.4481</y>
         </point>
         <point>
            <x>-33.017</x>
            <y>-35.8996</y>
         </point>
         <point>
            <x>-35.636</x>
            <y>-45.3511</y>
         </point>
         <point>
            <x>-38.2551</x>
            <y>-54.8026</y>
         </point>
         <point>
            <x>-40.8741</x>
            <y>-64.2541</y>
         </point>
         <point>
            <x>-43.4932</x>
            <y>-73.7057</y>
         </point>
         <point>
            <x>-46.1123</x>
            <y>-83.1572</y>
         </point>
      </leftBound>
      <rightBound>
         <point>
            <x>-25.5332</x>
            <y>2.3627</y>
         </point>
         <point>
            <x>-28.0562</x>
            <y>-6.7426</y>
         </point>
         <point>
            <x>-30.6751</x>
            <y>-16.1941</y>
         </point>
         <point>
            <x>-33.2941</x>
            <y>-25.6456</y>
         </point>
         <point>
            <x>-35.9131</x>
            <y>-35.0971</y>
         </point>
         <point>
            <x>-38.5321</x>
            <y>-44.5486</y>
         </point>
         <point>
            <x>-41.1511</x>
            <y>-54.0001</y>
         </point>
         <point>
            <x>-43.7701</x>
            <y>-63.4517</y>
         </point>
         <point>
            <x>-46.3891</x>
            <y>-72.9032</y>
         </point>
         <point>
            <x>-49.0095</x>
            <y>-82.3597</y>
         </point>
      </rightBound>
      <predecessor ref="496"/>
      <predecessor ref="3577"/>
      <adjacentLeft drivingDir="same" ref="504"/>
      <speedLimit>13.89</speedLimit>
   </lanelet>
   <lanelet id="504">
      <leftBound>
         <point>
            <x>-19.7446</x>
            <y>0.77138</y>
         </point>
         <point>
            <x>-22.2628</x>
            <y>-8.3426</y>
         </point>
         <point>
            <x>-24.8818</x>
            <y>-17.7941</y>
         </point>
         <point>
            <x>-27.5008</x>
            <y>-27.2456</y>
         </point>
         <point>
            <x>-30.1198</x>
            <y>-36.6971</y>
         </point>
         <point>
            <x>-32.7388</x>
            <y>-46.1486</y>
         </point>
         <point>
            <x>-35.3579</x>
            <y>-55.6001</y>
         </point>
         <point>
            <x>-37.9769</x>
            <y>-65.0516</y>
         </point>
         <point>
            <x>-40.596</x>
            <y>-74.5032</y>
         </point>
         <point>
            <x>-43.215</x>
            <y>-83.9547</y>
         </point>
      </leftBound>
      <rightBound>
         <point>
            <x>-22.6355</x>
            <y>1.5647</y>
         </point>
         <point>
            <x>-25.1586</x>
            <y>-7.5402</y>
         </point>
         <point>
            <x>-27.7776</x>
            <y>-16.9917</y>
         </point>
         <point>
            <x>-30.3966</x>
            <y>-26.4431</y>
         </point>
         <point>
            <x>-33.0156</x>
            <y>-35.8946</y>
         </point>
         <point>
            <x>-35.6347</x>
            <y>-45.3461</y>
         </point>
         <point>
            <x>-38.2537</x>
            <y>-54.7976</y>
         </point>
         <point>
            <x>-40.8728</x>
            <y>-64.2492</y>
         </point>
         <point>
            <x>-43.4918</x>
            <y>-73.7007</y>
         </point>
         <point>
            <x>-46.1123</x>
            <y>-83.1572</y>
         </point>
      </rightBound>
      <predecessor ref="502"/>
      <predecessor ref="3666"/>
      <predecessor ref="5405"/>
      <adjacentRight drivingDir="same" ref="498"/>
      <adjacentLeft drivingDir="opposite" ref="510"/>
      <speedLimit>13.89</speedLimit>
   </lanelet>
   <lanelet id="510">
      <leftBound>
         <point>
            <x>-43.215</x>
            <y>-83.9547</y>
         </point>
         <point>
            <x>-40.596</x>
            <y>-74.5032</y>
         </point>
         <point>
            <x>-37.9769</x>
            <y>-65.0516</y>
         </point>
         <point>
            <x>-35.3579</x>
            <y>-55.6001</y>
         </point>
         <point>
            <x>-32.7388</x>
            <y>-46.1486</y>
         </point>
         <point>
            <x>-30.1198</x>
            <y>-36.6971</y>
         </point>
         <point>
            <x>-27.5008</x>
            <y>-27.2456</y>
         </point>
         <point>
            <x>-24.8818</x>
            <y>-17.7941</y>
         </point>
         <point>
            <x>-22.2628</x>
            <y>-8.3426</y>
         </point>
         <point>
            <x>-19.7446</x>
            <y>0.77138</y>
         </point>
      </leftBound>
      <rightBound>
         <point>
            <x>-40.3178</x>
            <y>-84.7523</y>
         </point>
         <point>
            <x>-37.7001</x>
            <y>-75.3056</y>
         </point>
         <point>
            <x>-35.081</x>
            <y>-65.8541</y>
         </point>
         <point>
            <x>-32.462</x>
            <y>-56.4025</y>
         </point>
         <point>
            <x>-29.843</x>
            <y>-46.951</y>
         </point>
         <point>
            <x>-27.224</x>
            <y>-37.4995</y>
         </point>
         <point>
            <x>-24.6049</x>
            <y>-28.048</y>
         </point>
         <point>
            <x>-21.9859</x>
            <y>-18.5965</y>
         </point>
         <point>
            <x>-19.3669</x>
            <y>-9.1451</y>
         </point>
         <point>
            <x>-16.8406</x>
            <y>-0.027988</y>
         </point>
      </rightBound>
      <successor ref="508"/>
      <adjacentRight drivingDir="same" ref="996"/>
      <adjacentLeft drivingDir="opposite" ref="504"/>
      <speedLimit>13.89</speedLimit>
   </lanelet>
   <lanelet id="996">
      <leftBound>
         <point>
            <x>-40.3178</x>
            <y>-84.7523</y>
         </point>
         <point>
            <x>-37.6987</x>
            <y>-75.3007</y>
         </point>
         <point>
            <x>-35.0797</x>
            <y>-65.8491</y>
         </point>
         <point>
            <x>-32.4606</x>
            <y>-56.3976</y>
         </point>
         <point>
            <x>-29.8416</x>
            <y>-46.9461</y>
         </point>
         <point>
            <x>-27.2226</x>
            <y>-37.4946</y>
         </point>
         <point>
            <x>-24.6036</x>
            <y>-28.0431</y>
         </point>
         <point>
            <x>-21.9846</x>
            <y>-18.5916</y>
         </point>
         <point>
            <x>-19.3656</x>
            <y>-9.1401</y>
         </point>
         <point>
            <x>-16.8406</x>
            <y>-0.027988</y>
         </point>
      </leftBound>
      <rightBound>
         <point>
            <x>-37.4206</x>
            <y>-85.5498</y>
         </point>
         <point>
            <x>-34.8029</x>
            <y>-76.1031</y>
         </point>
         <point>
            <x>-32.1838</x>
            <y>-66.6516</y>
         </point>
         <point>
            <x>-29.5648</x>
            <y>-57.2001</y>
         </point>
         <point>
            <x>-26.9458</x>
            <y>-47.7485</y>
         </point>
         <point>
            <x>-24.3267</x>
            <y>-38.297</y>
         </point>
         <point>
            <x>-21.7077</x>
            <y>-28.8455</y>
         </point>
         <point>
            <x>-19.0887</x>
            <y>-19.394</y>
         </point>
         <point>
            <x>-16.4697</x>
            <y>-9.9426</y>
         </point>
         <point>
            <x>-13.9434</x>
            <y>-0.82548</y>
         </point>
      </rightBound>
      <successor ref="1013"/>
      <adjacentRight drivingDir="same" ref="1088"/>
      <adjacentLeft drivingDir="same" ref="510"/>
      <speedLimit>13.89</speedLimit>
   </lanelet>
   <lanelet id="1088">
      <leftBound>
         <point>
            <x>-37.4206</x>
            <y>-85.5498</y>
         </point>
         <point>
            <x>-34.8015</x>
            <y>-76.0982</y>
         </point>
         <point>
            <x>-32.1824</x>
            <y>-66.6466</y>
         </point>
         <point>
            <x>-29.5634</x>
            <y>-57.1951</y>
         </point>
         <point>
            <x>-26.9444</x>
            <y>-47.7436</y>
         </point>
         <point>
            <x>-24.3254</x>
            <y>-38.2921</y>
         </point>
         <point>
            <x>-21.7064</x>
            <y>-28.8406</y>
         </point>
         <point>
            <x>-19.0874</x>
            <y>-19.3891</y>
         </point>
         <point>
            <x>-16.4684</x>
            <y>-9.9376</y>
         </point>
         <point>
            <x>-13.9434</x>
            <y>-0.82548</y>
         </point>
      </leftBound>
      <rightBound>
         <point>
            <x>-34.5233</x>
            <y>-86.3473</y>
         </point>
         <point>
            <x>-31.9056</x>
            <y>-76.9007</y>
         </point>
         <point>
            <x>-29.2865</x>
            <y>-67.4491</y>
         </point>
         <point>
            <x>-26.6675</x>
            <y>-57.9976</y>
         </point>
         <point>
            <x>-24.0484</x>
            <y>-48.5461</y>
         </point>
         <point>
            <x>-21.4293</x>
            <y>-39.0946</y>
         </point>
         <point>
            <x>-18.8103</x>
            <y>-29.6431</y>
         </point>
         <point>
            <x>-16.1913</x>
            <y>-20.1916</y>
         </point>
         <point>
            <x>-13.5723</x>
            <y>-10.7401</y>
         </point>
         <point>
            <x>-11.0462</x>
            <y>-1.6241</y>
         </point>
      </rightBound>
      <successor ref="1159"/>
      <successor ref="2779"/>
      <adjacentLeft drivingDir="same" ref="996"/>
      <speedLimit>13.89</speedLimit>
   </lanelet>
   <lanelet id="1100">
      <leftBound>
         <point>
            <x>-15.2397</x>
            <y>5.7494</y>
         </point>
         <point>
            <x>-12.5988</x>
            <y>15.2799</y>
         </point>
         <point>
            <x>-9.9799</x>
            <y>24.7313</y>
         </point>
         <point>
            <x>-7.3609</x>
            <y>34.1827</y>
         </point>
         <point>
            <x>-4.742</x>
            <y>43.6341</y>
         </point>
         <point>
            <x>-2.123</x>
            <y>53.0855</y>
         </point>
         <point>
            <x>0.49587</x>
            <y>62.5369</y>
         </point>
         <point>
            <x>3.1148</x>
            <y>71.9882</y>
         </point>
         <point>
            <x>5.7337</x>
            <y>81.4395</y>
         </point>
         <point>
            <x>8.3526</x>
            <y>90.8909</y>
         </point>
      </leftBound>
      <rightBound>
         <point>
            <x>-12.3425</x>
            <y>4.9519</y>
         </point>
         <point>
            <x>-9.703</x>
            <y>14.4775</y>
         </point>
         <point>
            <x>-7.084</x>
            <y>23.9289</y>
         </point>
         <point>
            <x>-4.4651</x>
            <y>33.3803</y>
         </point>
         <point>
            <x>-1.8462</x>
            <y>42.8317</y>
         </point>
         <point>
            <x>0.77276</x>
            <y>52.2831</y>
         </point>
         <point>
            <x>3.3917</x>
            <y>61.7345</y>
         </point>
         <point>
            <x>6.0106</x>
            <y>71.1858</y>
         </point>
         <point>
            <x>8.6295</x>
            <y>80.6371</y>
         </point>
         <point>
            <x>11.2497</x>
            <y>90.0934</y>
         </point>
      </rightBound>
      <predecessor ref="1013"/>
      <adjacentRight drivingDir="same" ref="1105"/>
      <speedLimit>13.89</speedLimit>
   </lanelet>
   <lanelet id="1105">
      <leftBound>
         <point>
            <x>-12.3425</x>
            <y>4.9519</y>
         </point>
         <point>
            <x>-9.7016</x>
            <y>14.4824</y>
         </point>
         <point>
            <x>-7.0827</x>
            <y>23.9339</y>
         </point>
         <point>
            <x>-4.4637</x>
            <y>33.3853</y>
         </point>
         <point>
            <x>-1.8448</x>
            <y>42.8367</y>
         </point>
         <point>
            <x>0.77413</x>
            <y>52.288</y>
         </point>
         <point>
            <x>3.393</x>
            <y>61.7394</y>
         </point>
         <point>
            <x>6.012</x>
            <y>71.1907</y>
         </point>
         <point>
            <x>8.6308</x>
            <y>80.6421</y>
         </point>
         <point>
            <x>11.2497</x>
            <y>90.0934</y>
         </point>
      </leftBound>
      <rightBound>
         <point>
            <x>-9.445</x>
            <y>4.155</y>
         </point>
         <point>
            <x>-6.8057</x>
            <y>13.68</y>
         </point>
         <point>
            <x>-4.1868</x>
            <y>23.1314</y>
         </point>
         <point>
            <x>-1.5678</x>
            <y>32.5828</y>
         </point>
         <point>
            <x>1.0511</x>
            <y>42.0342</y>
         </point>
         <point>
            <x>3.67</x>
            <y>51.4856</y>
         </point>
         <point>
            <x>6.2889</x>
            <y>60.937</y>
         </point>
         <point>
            <x>8.9078</x>
            <y>70.3883</y>
         </point>
         <point>
            <x>11.5267</x>
            <y>79.8397</y>
         </point>
         <point>
            <x>14.1469</x>
            <y>89.2959</y>
         </point>
      </rightBound>
      <predecessor ref="1159"/>
      <predecessor ref="2897"/>
      <adjacentLeft drivingDir="same" ref="1100"/>
      <speedLimit>13.89</speedLimit>
   </lanelet>
   <lanelet id="1172">
      <leftBound>
         <point>
            <x>-10.2455</x>
            <y>1.2657</y>
         </point>
         <point>
            <x>-0.40761</x>
            <y>-1.4423</y>
         </point>
         <point>
            <x>9.6058</x>
            <y>-4.1986</y>
         </point>
         <point>
            <x>19.6192</x>
            <y>-6.9548</y>
         </point>
         <point>
            <x>29.6327</x>
            <y>-9.7111</y>
         </point>
         <point>
            <x>39.6461</x>
            <y>-12.4673</y>
         </point>
         <point>
            <x>49.6645</x>
            <y>-15.2249</y>
         </point>
      </leftBound>
      <rightBound>
         <point>
            <x>-11.0451</x>
            <y>-1.6233</y>
         </point>
         <point>
            <x>-1.2031</x>
            <y>-4.3324</y>
         </point>
         <point>
            <x>8.8103</x>
            <y>-7.0886</y>
         </point>
         <point>
            <x>18.8237</x>
            <y>-9.8449</y>
         </point>
         <point>
            <x>28.8372</x>
            <y>-12.6012</y>
         </point>
         <point>
            <x>38.8506</x>
            <y>-15.3574</y>
         </point>
         <point>
            <x>48.8641</x>
            <y>-18.1136</y>
         </point>
      </rightBound>
      <predecessor ref="2779"/>
      <predecessor ref="3622"/>
      <adjacentLeft drivingDir="opposite" ref="1178"/>
      <speedLimit>13.89</speedLimit>
   </lanelet>
   <lanelet id="1178">
      <leftBound>
         <point>
            <x>49.6645</x>
            <y>-15.2249</y>
         </point>
         <point>
            <x>39.656</x>
            <y>-12.47</y>
         </point>
         <point>
            <x>29.6425</x>
            <y>-9.7138</y>
         </point>
         <point>
            <x>19.6291</x>
            <y>-6.9575</y>
         </point>
         <point>
            <x>9.6157</x>
            <y>-4.2013</y>
         </point>
         <point>
            <x>-0.39775</x>
            <y>-1.445</y>
         </point>
         <point>
            <x>-10.2455</x>
            <y>1.2657</y>
         </point>
      </leftBound>
      <rightBound>
         <point>
            <x>50.4649</x>
            <y>-12.3361</y>
         </point>
         <point>
            <x>40.4515</x>
            <y>-9.5799</y>
         </point>
         <point>
            <x>30.438</x>
            <y>-6.8237</y>
         </point>
         <point>
            <x>20.4246</x>
            <y>-4.0675</y>
         </point>
         <point>
            <x>10.4112</x>
            <y>-1.3112</y>
         </point>
         <point>
            <x>0.39775</x>
            <y>1.445</y>
         </point>
         <point>
            <x>-9.4446</x>
            <y>4.1542</y>
         </point>
      </rightBound>
      <successor ref="2897"/>
      <successor ref="2907"/>
      <adjacentLeft drivingDir="opposite" ref="1172"/>
      <speedLimit>13.89</speedLimit>
   </lanelet>
   <lanelet id="492">
      <leftBound>
         <point>
            <x>-27.6286</x>
            <y>6.0523</y>
         </point>
         <point>
            <x>-40.0716</x>
            <y>9.4757</y>
         </point>
         <point>
            <x>-50.0848</x>
            <y>12.232</y>
         </point>
         <point>
            <x>-60.0976</x>
            <y>14.9882</y>
         </point>
         <point>
            <x>-70.1103</x>
            <y>17.7445</y>
         </point>
         <point>
            <x>-80.1231</x>
            <y>20.5007</y>
         </point>
         <point>
            <x>-90.1407</x>
            <y>23.2583</y>
         </point>
      </leftBound>
      <rightBound>
         <point>
            <x>-26.831</x>
            <y>8.94</y>
         </point>
         <point>
            <x>-39.2765</x>
            <y>12.3659</y>
         </point>
         <point>
            <x>-49.2892</x>
            <y>15.1221</y>
         </point>
         <point>
            <x>-59.302</x>
            <y>17.8783</y>
         </point>
         <point>
            <x>-69.3148</x>
            <y>20.6345</y>
         </point>
         <point>
            <x>-79.3275</x>
            <y>23.3908</y>
         </point>
         <point>
            <x>-89.3403</x>
            <y>26.147</y>
         </point>
      </rightBound>
      <predecessor ref="488"/>
      <predecessor ref="3639"/>
      <adjacentLeft drivingDir="opposite" ref="3286"/>
      <speedLimit>13.89</speedLimit>
   </lanelet>
   <lanelet id="3286">
      <leftBound>
         <point>
            <x>-90.1407</x>
            <y>23.2583</y>
         </point>
         <point>
            <x>-80.1329</x>
            <y>20.5034</y>
         </point>
         <point>
            <x>-70.1202</x>
            <y>17.7472</y>
         </point>
         <point>
            <x>-60.1074</x>
            <y>14.991</y>
         </point>
         <point>
            <x>-50.0946</x>
            <y>12.2347</y>
         </point>
         <point>
            <x>-40.0819</x>
            <y>9.4786</y>
         </point>
         <point>
            <x>-27.6286</x>
            <y>6.0523</y>
         </point>
      </leftBound>
      <rightBound>
         <point>
            <x>-90.9412</x>
            <y>20.3696</y>
         </point>
         <point>
            <x>-80.9285</x>
            <y>17.6134</y>
         </point>
         <point>
            <x>-70.9157</x>
            <y>14.8571</y>
         </point>
         <point>
            <x>-60.903</x>
            <y>12.1009</y>
         </point>
         <point>
            <x>-50.8902</x>
            <y>9.3447</y>
         </point>
         <point>
            <x>-40.8774</x>
            <y>6.5885</y>
         </point>
         <point>
            <x>-28.4294</x>
            <y>3.162</y>
         </point>
      </rightBound>
      <successor ref="3292"/>
      <adjacentLeft drivingDir="opposite" ref="492"/>
      <speedLimit>13.89</speedLimit>
   </lanelet>
   <lanelet id="488">
      <leftBound>
         <point>
            <x>-23.9307</x>
            <y>8.1417</y>
         </point>
         <point>
            <x>-24.0031</x>
            <y>7.918</y>
         </point>
         <point>
            <x>-24.0929</x>
            <y>7.7007</y>
         </point>
         <point>
            <x>-24.1995</x>
            <y>7.4911</y>
         </point>
         <point>
            <x>-24.3221</x>
            <y>7.2904</y>
         </point>
         <point>
            <x>-24.4601</x>
            <y>7.0999</y>
         </point>
         <point>
            <x>-24.6126</x>
            <y>6.9207</y>
         </point>
         <point>
            <x>-24.7786</x>
            <y>6.7539</y>
         </point>
         <point>
            <x>-24.9572</x>
            <y>6.6005</y>
         </point>
         <point>
            <x>-25.1473</x>
            <y>6.4616</y>
         </point>
         <point>
            <x>-25.3476</x>
            <y>6.3378</y>
         </point>
         <point>
            <x>-25.557</x>
            <y>6.23</y>
         </point>
         <point>
            <x>-25.7743</x>
            <y>6.1388</y>
         </point>
         <point>
            <x>-25.998</x>
            <y>6.0648</y>
         </point>
         <point>
            <x>-26.2268</x>
            <y>6.0085</y>
         </point>
         <point>
            <x>-26.4593</x>
            <y>5.9701</y>
         </point>
         <point>
            <x>-26.6941</x>
            <y>5.95</y>
         </point>
         <point>
            <x>-26.9298</x>
            <y>5.9482</y>
         </point>
         <point>
            <x>-27.1649</x>
            <y>5.9647</y>
         </point>
         <point>
            <x>-27.398</x>
            <y>5.9995</y>
         </point>
         <point>
            <x>-27.6286</x>
            <y>6.0523</y>
         </point>
      </leftBound>
      <rightBound>
         <point>
            <x>-26.8272</x>
            <y>8.9409</y>
         </point>
         <point>
            <x>-26.8272</x>
            <y>8.9409</y>
         </point>
         <point>
            <x>-26.8272</x>
            <y>8.9409</y>
         </point>
         <point>
            <x>-26.8272</x>
            <y>8.9409</y>
         </point>
         <point>
            <x>-26.8272</x>
            <y>8.9409</y>
         </point>
         <point>
            <x>-26.8272</x>
            <y>8.9409</y>
         </point>
         <point>
            <x>-26.8272</x>
            <y>8.9409</y>
         </point>
         <point>
            <x>-26.8272</x>
            <y>8.9409</y>
         </point>
         <point>
            <x>-26.8272</x>
            <y>8.9409</y>
         </point>
         <point>
            <x>-26.8272</x>
            <y>8.9409</y>
         </point>
         <point>
            <x>-26.8272</x>
            <y>8.9409</y>
         </point>
         <point>
            <x>-26.8272</x>
            <y>8.9409</y>
         </point>
         <point>
            <x>-26.8272</x>
            <y>8.9409</y>
         </point>
         <point>
            <x>-26.8272</x>
            <y>8.9409</y>
         </point>
         <point>
            <x>-26.831</x>
            <y>8.94</y>
         </point>
         <point>
            <x>-26.831</x>
            <y>8.94</y>
         </point>
         <point>
            <x>-26.831</x>
            <y>8.94</y>
         </point>
         <point>
            <x>-26.831</x>
            <y>8.94</y>
         </point>
         <point>
            <x>-26.831</x>
            <y>8.94</y>
         </point>
         <point>
            <x>-26.831</x>
            <y>8.94</y>
         </point>
         <point>
            <x>-26.831</x>
            <y>8.94</y>
         </point>
      </rightBound>
      <predecessor ref="490"/>
      <successor ref="492"/>
      <speedLimit>13.89</speedLimit>
   </lanelet>
   <lanelet id="496">
      <leftBound>
         <point>
            <x>-21.0341</x>
            <y>7.3444</y>
         </point>
         <point>
            <x>-21.8352</x>
            <y>4.454</y>
         </point>
         <point>
            <x>-22.6355</x>
            <y>1.5647</y>
         </point>
      </leftBound>
      <rightBound>
         <point>
            <x>-23.9307</x>
            <y>8.1417</y>
         </point>
         <point>
            <x>-24.7306</x>
            <y>5.2569</y>
         </point>
         <point>
            <x>-25.5332</x>
            <y>2.3627</y>
         </point>
      </rightBound>
      <predecessor ref="494"/>
      <successor ref="498"/>
      <adjacentLeft drivingDir="same" ref="502"/>
      <speedLimit>13.89</speedLimit>
   </lanelet>
   <lanelet id="502">
      <leftBound>
         <point>
            <x>-18.1369</x>
            <y>6.5469</y>
         </point>
         <point>
            <x>-18.9374</x>
            <y>3.6582</y>
         </point>
         <point>
            <x>-19.7446</x>
            <y>0.77138</y>
         </point>
      </leftBound>
      <rightBound>
         <point>
            <x>-21.0341</x>
            <y>7.3444</y>
         </point>
         <point>
            <x>-21.8333</x>
            <y>4.4609</y>
         </point>
         <point>
            <x>-22.6355</x>
            <y>1.5647</y>
         </point>
      </rightBound>
      <predecessor ref="500"/>
      <successor ref="504"/>
      <adjacentRight drivingDir="same" ref="496"/>
      <speedLimit>13.89</speedLimit>
   </lanelet>
   <lanelet id="506">
      <leftBound>
         <point>
            <x>-21.8352</x>
            <y>4.454</y>
         </point>
         <point>
            <x>-24.7316</x>
            <y>5.2532</y>
         </point>
      </leftBound>
      <rightBound>
         <point>
            <x>-21.0341</x>
            <y>7.3444</y>
         </point>
         <point>
            <x>-23.9307</x>
            <y>8.1417</y>
         </point>
      </rightBound>
      <predecessor ref="508"/>
      <predecessor ref="2931"/>
      <successor ref="3639"/>
      <adjacentLeft drivingDir="opposite" ref="3641"/>
      <speedLimit>13.89</speedLimit>
   </lanelet>
   <lanelet id="3639">
      <leftBound>
         <point>
            <x>-24.7316</x>
            <y>5.2532</y>
         </point>
         <point>
            <x>-27.6286</x>
            <y>6.0523</y>
         </point>
      </leftBound>
      <rightBound>
         <point>
            <x>-23.9307</x>
            <y>8.1417</y>
         </point>
         <point>
            <x>-26.831</x>
            <y>8.94</y>
         </point>
      </rightBound>
      <predecessor ref="506"/>
      <successor ref="492"/>
      <adjacentLeft drivingDir="opposite" ref="3292"/>
      <speedLimit>13.89</speedLimit>
   </lanelet>
   <lanelet id="508">
      <leftBound>
         <point>
            <x>-19.7446</x>
            <y>0.77138</y>
         </point>
         <point>
            <x>-19.7173</x>
            <y>1.0758</y>
         </point>
         <point>
            <x>-19.7162</x>
            <y>1.501</y>
         </point>
         <point>
            <x>-19.7691</x>
            <y>1.9283</y>
         </point>
         <point>
            <x>-19.8058</x>
            <y>2.1305</y>
         </point>
         <point>
            <x>-19.8771</x>
            <y>2.35</y>
         </point>
         <point>
            <x>-19.947</x>
            <y>2.5647</y>
         </point>
         <point>
            <x>-20.1452</x>
            <y>2.9762</y>
         </point>
         <point>
            <x>-20.3969</x>
            <y>3.3575</y>
         </point>
         <point>
            <x>-20.6975</x>
            <y>3.7017</y>
         </point>
         <point>
            <x>-21.0417</x>
            <y>4.0027</y>
         </point>
         <point>
            <x>-21.4232</x>
            <y>4.255</y>
         </point>
         <point>
            <x>-21.8352</x>
            <y>4.454</y>
         </point>
         <point>
            <x>-21.8352</x>
            <y>4.454</y>
         </point>
      </leftBound>
      <rightBound>
         <point>
            <x>-16.8406</x>
            <y>-0.027988</y>
         </point>
         <point>
            <x>-16.7696</x>
            <y>0.8109</y>
         </point>
         <point>
            <x>-16.8051</x>
            <y>1.6315</y>
         </point>
         <point>
            <x>-16.9366</x>
            <y>2.4424</y>
         </point>
         <point>
            <x>-17.0378</x>
            <y>2.8407</y>
         </point>
         <point>
            <x>-17.1622</x>
            <y>3.2323</y>
         </point>
         <point>
            <x>-17.3094</x>
            <y>3.6161</y>
         </point>
         <point>
            <x>-17.6699</x>
            <y>4.3546</y>
         </point>
         <point>
            <x>-18.0565</x>
            <y>4.9613</y>
         </point>
         <point>
            <x>-18.5482</x>
            <y>5.5791</y>
         </point>
         <point>
            <x>-19.1076</x>
            <y>6.1393</y>
         </point>
         <point>
            <x>-19.729</x>
            <y>6.6349</y>
         </point>
         <point>
            <x>-20.5965</x>
            <y>7.164</y>
         </point>
         <point>
            <x>-21.0341</x>
            <y>7.3444</y>
         </point>
      </rightBound>
      <predecessor ref="510"/>
      <successor ref="506"/>
      <adjacentLeft drivingDir="opposite" ref="5405"/>
      <speedLimit>13.89</speedLimit>
   </lanelet>
   <lanelet id="1013">
      <leftBound>
         <point>
            <x>-16.8406</x>
            <y>-0.027988</y>
         </point>
         <point>
            <x>-16.0402</x>
            <y>2.8607</y>
         </point>
         <point>
            <x>-15.2397</x>
            <y>5.7494</y>
         </point>
      </leftBound>
      <rightBound>
         <point>
            <x>-13.9434</x>
            <y>-0.82548</y>
         </point>
         <point>
            <x>-13.1443</x>
            <y>2.0583</y>
         </point>
         <point>
            <x>-12.3425</x>
            <y>4.9519</y>
         </point>
      </rightBound>
      <predecessor ref="504"/>
      <successor ref="1100"/>
      <adjacentRight drivingDir="same" ref="1159"/>
      <speedLimit>13.89</speedLimit>
   </lanelet>
   <lanelet id="1159">
      <leftBound>
         <point>
            <x>-13.9434</x>
            <y>-0.82548</y>
         </point>
         <point>
            <x>-13.143</x>
            <y>2.0632</y>
         </point>
         <point>
            <x>-12.3425</x>
            <y>4.9519</y>
         </point>
      </leftBound>
      <rightBound>
         <point>
            <x>-11.0462</x>
            <y>-1.6241</y>
         </point>
         <point>
            <x>-10.2469</x>
            <y>1.2608</y>
         </point>
         <point>
            <x>-9.445</x>
            <y>4.155</y>
         </point>
      </rightBound>
      <predecessor ref="1088"/>
      <successor ref="1105"/>
      <adjacentLeft drivingDir="same" ref="1013"/>
      <speedLimit>13.89</speedLimit>
   </lanelet>
   <lanelet id="2779">
      <leftBound>
         <point>
            <x>-13.9434</x>
            <y>-0.82548</y>
         </point>
         <point>
            <x>-13.8763</x>
            <y>-0.66811</y>
         </point>
         <point>
            <x>-13.8191</x>
            <y>-0.54357</y>
         </point>
         <point>
            <x>-13.7567</x>
            <y>-0.42151</y>
         </point>
         <point>
            <x>-13.6893</x>
            <y>-0.30215</y>
         </point>
         <point>
            <x>-13.617</x>
            <y>-0.18569</y>
         </point>
         <point>
            <x>-13.5398</x>
            <y>-0.072336</y>
         </point>
         <point>
            <x>-13.458</x>
            <y>0.037719</y>
         </point>
         <point>
            <x>-13.3717</x>
            <y>0.14428</y>
         </point>
         <point>
            <x>-13.281</x>
            <y>0.24717</y>
         </point>
         <point>
            <x>-13.186</x>
            <y>0.3462</y>
         </point>
         <point>
            <x>-13.0871</x>
            <y>0.44121</y>
         </point>
         <point>
            <x>-12.9842</x>
            <y>0.53202</y>
         </point>
         <point>
            <x>-12.8776</x>
            <y>0.61848</y>
         </point>
         <point>
            <x>-12.7676</x>
            <y>0.70045</y>
         </point>
         <point>
            <x>-12.6541</x>
            <y>0.77777</y>
         </point>
         <point>
            <x>-12.5376</x>
            <y>0.85032</y>
         </point>
         <point>
            <x>-12.4181</x>
            <y>0.91796</y>
         </point>
         <point>
            <x>-12.2959</x>
            <y>0.98058</y>
         </point>
         <point>
            <x>-12.1712</x>
            <y>1.0381</y>
         </point>
         <point>
            <x>-12.0442</x>
            <y>1.0903</y>
         </point>
         <point>
            <x>-11.9152</x>
            <y>1.1373</y>
         </point>
         <point>
            <x>-11.7843</x>
            <y>1.1788</y>
         </point>
         <point>
            <x>-11.6517</x>
            <y>1.2149</y>
         </point>
         <point>
            <x>-11.5178</x>
            <y>1.2455</y>
         </point>
         <point>
            <x>-11.3827</x>
            <y>1.2704</y>
         </point>
         <point>
            <x>-11.2467</x>
            <y>1.2897</y>
         </point>
         <point>
            <x>-11.11</x>
            <y>1.3034</y>
         </point>
         <point>
            <x>-10.9728</x>
            <y>1.3114</y>
         </point>
         <point>
            <x>-10.8355</x>
            <y>1.3136</y>
         </point>
         <point>
            <x>-10.6981</x>
            <y>1.3102</y>
         </point>
         <point>
            <x>-10.5611</x>
            <y>1.3011</y>
         </point>
         <point>
            <x>-10.4245</x>
            <y>1.2862</y>
         </point>
         <point>
            <x>-10.2455</x>
            <y>1.2657</y>
         </point>
      </leftBound>
      <rightBound>
         <point>
            <x>-11.0462</x>
            <y>-1.6241</y>
         </point>
         <point>
            <x>-11.0462</x>
            <y>-1.6241</y>
         </point>
         <point>
            <x>-11.0462</x>
            <y>-1.6241</y>
         </point>
         <point>
            <x>-11.0462</x>
            <y>-1.6241</y>
         </point>
         <point>
            <x>-11.0462</x>
            <y>-1.6241</y>
         </point>
         <point>
            <x>-11.0462</x>
            <y>-1.6241</y>
         </point>
         <point>
            <x>-11.0462</x>
            <y>-1.6241</y>
         </point>
         <point>
            <x>-11.0462</x>
            <y>-1.6241</y>
         </point>
         <point>
            <x>-11.0462</x>
            <y>-1.6241</y>
         </point>
         <point>
            <x>-11.0462</x>
            <y>-1.6241</y>
         </point>
         <point>
            <x>-11.0462</x>
            <y>-1.6241</y>
         </point>
         <point>
            <x>-11.0462</x>
            <y>-1.6241</y>
         </point>
         <point>
            <x>-11.0462</x>
            <y>-1.6241</y>
         </point>
         <point>
            <x>-11.0462</x>
            <y>-1.6241</y>
         </point>
         <point>
            <x>-11.0462</x>
            <y>-1.6241</y>
         </point>
         <point>
            <x>-11.0451</x>
            <y>-1.6233</y>
         </point>
         <point>
            <x>-11.0451</x>
            <y>-1.6233</y>
         </point>
         <point>
            <x>-11.0451</x>
            <y>-1.6233</y>
         </point>
         <point>
            <x>-11.0451</x>
            <y>-1.6233</y>
         </point>
         <point>
            <x>-11.0451</x>
            <y>-1.6233</y>
         </point>
         <point>
            <x>-11.0451</x>
            <y>-1.6233</y>
         </point>
         <point>
            <x>-11.0451</x>
            <y>-1.6233</y>
         </point>
         <point>
            <x>-11.0451</x>
            <y>-1.6233</y>
         </point>
         <point>
            <x>-11.0451</x>
            <y>-1.6233</y>
         </point>
         <point>
            <x>-11.0451</x>
            <y>-1.6233</y>
         </point>
         <point>
            <x>-11.0451</x>
            <y>-1.6233</y>
         </point>
         <point>
            <x>-11.0451</x>
            <y>-1.6233</y>
         </point>
         <point>
            <x>-11.0451</x>
            <y>-1.6233</y>
         </point>
         <point>
            <x>-11.0451</x>
            <y>-1.6233</y>
         </point>
         <point>
            <x>-11.0451</x>
            <y>-1.6233</y>
         </point>
         <point>
            <x>-11.0451</x>
            <y>-1.6233</y>
         </point>
         <point>
            <x>-11.0451</x>
            <y>-1.6233</y>
         </point>
         <point>
            <x>-11.0451</x>
            <y>-1.6233</y>
         </point>
         <point>
            <x>-11.0451</x>
            <y>-1.6233</y>
         </point>
      </rightBound>
      <predecessor ref="1088"/>
      <successor ref="1172"/>
      <speedLimit>13.89</speedLimit>
   </lanelet>
   <lanelet id="2897">
      <leftBound>
         <point>
            <x>-10.2455</x>
            <y>1.2657</y>
         </point>
         <point>
            <x>-10.4102</x>
            <y>1.322</y>
         </point>
         <point>
            <x>-10.5469</x>
            <y>1.3712</y>
         </point>
         <point>
            <x>-10.6809</x>
            <y>1.4269</y>
         </point>
         <point>
            <x>-10.8121</x>
            <y>1.489</y>
         </point>
         <point>
            <x>-10.9401</x>
            <y>1.5575</y>
         </point>
         <point>
            <x>-11.0647</x>
            <y>1.632</y>
         </point>
         <point>
            <x>-11.1854</x>
            <y>1.7126</y>
         </point>
         <point>
            <x>-11.302</x>
            <y>1.7988</y>
         </point>
         <point>
            <x>-11.4143</x>
            <y>1.8907</y>
         </point>
         <point>
            <x>-11.522</x>
            <y>1.9878</y>
         </point>
         <point>
            <x>-11.6249</x>
            <y>2.0901</y>
         </point>
         <point>
            <x>-11.7226</x>
            <y>2.1973</y>
         </point>
         <point>
            <x>-11.8149</x>
            <y>2.309</y>
         </point>
         <point>
            <x>-11.9017</x>
            <y>2.4252</y>
         </point>
         <point>
            <x>-11.9828</x>
            <y>2.5453</y>
         </point>
         <point>
            <x>-12.0578</x>
            <y>2.6693</y>
         </point>
         <point>
            <x>-12.1268</x>
            <y>2.7968</y>
         </point>
         <point>
            <x>-12.1894</x>
            <y>2.9274</y>
         </point>
         <point>
            <x>-12.2456</x>
            <y>3.061</y>
         </point>
         <point>
            <x>-12.2952</x>
            <y>3.1971</y>
         </point>
         <point>
            <x>-12.3381</x>
            <y>3.3355</y>
         </point>
         <point>
            <x>-12.3742</x>
            <y>3.4758</y>
         </point>
         <point>
            <x>-12.4034</x>
            <y>3.6176</y>
         </point>
         <point>
            <x>-12.4256</x>
            <y>3.7607</y>
         </point>
         <point>
            <x>-12.4409</x>
            <y>3.9048</y>
         </point>
         <point>
            <x>-12.4491</x>
            <y>4.0494</y>
         </point>
         <point>
            <x>-12.4502</x>
            <y>4.1942</y>
         </point>
         <point>
            <x>-12.4443</x>
            <y>4.3389</y>
         </point>
         <point>
            <x>-12.4313</x>
            <y>4.4831</y>
         </point>
         <point>
            <x>-12.4113</x>
            <y>4.6266</y>
         </point>
         <point>
            <x>-12.3843</x>
            <y>4.7689</y>
         </point>
         <point>
            <x>-12.3425</x>
            <y>4.9519</y>
         </point>
      </leftBound>
      <rightBound>
         <point>
            <x>-9.4446</x>
            <y>4.1542</y>
         </point>
         <point>
            <x>-9.4446</x>
            <y>4.1542</y>
         </point>
         <point>
            <x>-9.4446</x>
            <y>4.1542</y>
         </point>
         <point>
            <x>-9.4446</x>
            <y>4.1542</y>
         </point>
         <point>
            <x>-9.4446</x>
            <y>4.1542</y>
         </point>
         <point>
            <x>-9.4446</x>
            <y>4.1542</y>
         </point>
         <point>
            <x>-9.4446</x>
            <y>4.1542</y>
         </point>
         <point>
            <x>-9.4446</x>
            <y>4.1542</y>
         </point>
         <point>
            <x>-9.4446</x>
            <y>4.1542</y>
         </point>
         <point>
            <x>-9.4446</x>
            <y>4.1542</y>
         </point>
         <point>
            <x>-9.4446</x>
            <y>4.1542</y>
         </point>
         <point>
            <x>-9.4446</x>
            <y>4.1542</y>
         </point>
         <point>
            <x>-9.4446</x>
            <y>4.1542</y>
         </point>
         <point>
            <x>-9.4446</x>
            <y>4.1542</y>
         </point>
         <point>
            <x>-9.4446</x>
            <y>4.1542</y>
         </point>
         <point>
            <x>-9.4446</x>
            <y>4.1542</y>
         </point>
         <point>
            <x>-9.4446</x>
            <y>4.1542</y>
         </point>
         <point>
            <x>-9.445</x>
            <y>4.155</y>
         </point>
         <point>
            <x>-9.445</x>
            <y>4.155</y>
         </point>
         <point>
            <x>-9.445</x>
            <y>4.155</y>
         </point>
         <point>
            <x>-9.445</x>
            <y>4.155</y>
         </point>
         <point>
            <x>-9.445</x>
            <y>4.155</y>
         </point>
         <point>
            <x>-9.445</x>
            <y>4.155</y>
         </point>
         <point>
            <x>-9.445</x>
            <y>4.155</y>
         </point>
         <point>
            <x>-9.445</x>
            <y>4.155</y>
         </point>
         <point>
            <x>-9.445</x>
            <y>4.155</y>
         </point>
         <point>
            <x>-9.445</x>
            <y>4.155</y>
         </point>
         <point>
            <x>-9.445</x>
            <y>4.155</y>
         </point>
         <point>
            <x>-9.445</x>
            <y>4.155</y>
         </point>
         <point>
            <x>-9.445</x>
            <y>4.155</y>
         </point>
         <point>
            <x>-9.445</x>
            <y>4.155</y>
         </point>
         <point>
            <x>-9.445</x>
            <y>4.155</y>
         </point>
         <point>
            <x>-9.445</x>
            <y>4.155</y>
         </point>
      </rightBound>
      <predecessor ref="1178"/>
      <successor ref="1105"/>
      <speedLimit>13.89</speedLimit>
   </lanelet>
   <lanelet id="2907">
      <leftBound>
         <point>
            <x>-10.2455</x>
            <y>1.2657</y>
         </point>
         <point>
            <x>-13.138</x>
            <y>2.0619</y>
         </point>
         <point>
            <x>-16.0402</x>
            <y>2.8607</y>
         </point>
      </leftBound>
      <rightBound>
         <point>
            <x>-9.4446</x>
            <y>4.1542</y>
         </point>
         <point>
            <x>-12.3425</x>
            <y>4.9519</y>
         </point>
         <point>
            <x>-15.2397</x>
            <y>5.7494</y>
         </point>
      </rightBound>
      <predecessor ref="1178"/>
      <successor ref="2931"/>
      <successor ref="3666"/>
      <adjacentLeft drivingDir="opposite" ref="3622"/>
      <speedLimit>13.89</speedLimit>
   </lanelet>
   <lanelet id="2931">
      <leftBound>
         <point>
            <x>-16.0402</x>
            <y>2.8607</y>
         </point>
         <point>
            <x>-18.9324</x>
            <y>3.6569</y>
         </point>
         <point>
            <x>-21.8352</x>
            <y>4.454</y>
         </point>
      </leftBound>
      <rightBound>
         <point>
            <x>-15.2397</x>
            <y>5.7494</y>
         </point>
         <point>
            <x>-18.1369</x>
            <y>6.5469</y>
         </point>
         <point>
            <x>-21.0341</x>
            <y>7.3444</y>
         </point>
      </rightBound>
      <predecessor ref="2907"/>
      <successor ref="506"/>
      <adjacentLeft drivingDir="opposite" ref="3483"/>
      <speedLimit>13.89</speedLimit>
   </lanelet>
   <lanelet id="3666">
      <leftBound>
         <point>
            <x>-16.0402</x>
            <y>2.8607</y>
         </point>
         <point>
            <x>-16.3161</x>
            <y>2.9365</y>
         </point>
         <point>
            <x>-16.4854</x>
            <y>2.9701</y>
         </point>
         <point>
            <x>-16.577</x>
            <y>2.9883</y>
         </point>
         <point>
            <x>-16.8418</x>
            <y>3.0153</y>
         </point>
         <point>
            <x>-17.1079</x>
            <y>3.017</y>
         </point>
         <point>
            <x>-17.3729</x>
            <y>2.9936</y>
         </point>
         <point>
            <x>-17.6346</x>
            <y>2.9452</y>
         </point>
         <point>
            <x>-17.8563</x>
            <y>2.882</y>
         </point>
         <point>
            <x>-17.8904</x>
            <y>2.8722</y>
         </point>
         <point>
            <x>-17.9273</x>
            <y>2.8578</y>
         </point>
         <point>
            <x>-18.1382</x>
            <y>2.7754</y>
         </point>
         <point>
            <x>-18.3122</x>
            <y>2.6875</y>
         </point>
         <point>
            <x>-18.3756</x>
            <y>2.6555</y>
         </point>
         <point>
            <x>-18.6005</x>
            <y>2.5137</y>
         </point>
         <point>
            <x>-18.7269</x>
            <y>2.4162</y>
         </point>
         <point>
            <x>-18.8109</x>
            <y>2.3513</y>
         </point>
         <point>
            <x>-19.0049</x>
            <y>2.1697</y>
         </point>
         <point>
            <x>-19.1808</x>
            <y>1.9705</y>
         </point>
         <point>
            <x>-19.3369</x>
            <y>1.7556</y>
         </point>
         <point>
            <x>-19.4718</x>
            <y>1.5269</y>
         </point>
         <point>
            <x>-19.5653</x>
            <y>1.3271</y>
         </point>
         <point>
            <x>-19.5843</x>
            <y>1.2865</y>
         </point>
         <point>
            <x>-19.6735</x>
            <y>1.0365</y>
         </point>
         <point>
            <x>-19.7446</x>
            <y>0.77138</y>
         </point>
      </leftBound>
      <rightBound>
         <point>
            <x>-15.2397</x>
            <y>5.7494</y>
         </point>
         <point>
            <x>-15.5659</x>
            <y>5.8233</y>
         </point>
         <point>
            <x>-16.0056</x>
            <y>5.8889</y>
         </point>
         <point>
            <x>-16.2512</x>
            <y>5.9148</y>
         </point>
         <point>
            <x>-16.5966</x>
            <y>5.9317</y>
         </point>
         <point>
            <x>-17.2876</x>
            <y>5.9076</y>
         </point>
         <point>
            <x>-17.631</x>
            <y>5.8667</y>
         </point>
         <point>
            <x>-18.3083</x>
            <y>5.7277</y>
         </point>
         <point>
            <x>-18.64</x>
            <y>5.6302</y>
         </point>
         <point>
            <x>-18.846</x>
            <y>5.5568</y>
         </point>
         <point>
            <x>-18.9657</x>
            <y>5.5142</y>
         </point>
         <point>
            <x>-19.2845</x>
            <y>5.3803</y>
         </point>
         <point>
            <x>-19.5952</x>
            <y>5.2287</y>
         </point>
         <point>
            <x>-19.7617</x>
            <y>5.1357</y>
         </point>
         <point>
            <x>-20.1886</x>
            <y>4.8749</y>
         </point>
         <point>
            <x>-20.4696</x>
            <y>4.6738</y>
         </point>
         <point>
            <x>-20.5968</x>
            <y>4.5714</y>
         </point>
         <point>
            <x>-20.9194</x>
            <y>4.2944</y>
         </point>
         <point>
            <x>-21.3307</x>
            <y>3.8769</y>
         </point>
         <point>
            <x>-21.6043</x>
            <y>3.5498</y>
         </point>
         <point>
            <x>-21.9441</x>
            <y>3.0676</y>
         </point>
         <point>
            <x>-22.1609</x>
            <y>2.6982</y>
         </point>
         <point>
            <x>-22.229</x>
            <y>2.5739</y>
         </point>
         <point>
            <x>-22.4188</x>
            <y>2.1618</y>
         </point>
         <point>
            <x>-22.6355</x>
            <y>1.5647</y>
         </point>
      </rightBound>
      <predecessor ref="2907"/>
      <successor ref="504"/>
      <speedLimit>13.89</speedLimit>
   </lanelet>
   <lanelet id="3292">
      <leftBound>
         <point>
            <x>-27.6286</x>
            <y>6.0523</y>
         </point>
         <point>
            <x>-24.7316</x>
            <y>5.2532</y>
         </point>
      </leftBound>
      <rightBound>
         <point>
            <x>-28.4294</x>
            <y>3.162</y>
         </point>
         <point>
            <x>-25.5342</x>
            <y>2.365</y>
         </point>
      </rightBound>
      <predecessor ref="3286"/>
      <successor ref="3641"/>
      <successor ref="3577"/>
      <adjacentLeft drivingDir="opposite" ref="3639"/>
      <speedLimit>13.89</speedLimit>
   </lanelet>
   <lanelet id="3641">
      <leftBound>
         <point>
            <x>-24.7316</x>
            <y>5.2532</y>
         </point>
         <point>
            <x>-21.8352</x>
            <y>4.454</y>
         </point>
      </leftBound>
      <rightBound>
         <point>
            <x>-25.5342</x>
            <y>2.365</y>
         </point>
         <point>
            <x>-22.6365</x>
            <y>1.5673</y>
         </point>
      </rightBound>
      <predecessor ref="3292"/>
      <successor ref="3483"/>
      <successor ref="5405"/>
      <adjacentLeft drivingDir="opposite" ref="506"/>
      <speedLimit>13.89</speedLimit>
   </lanelet>
   <lanelet id="3577">
      <leftBound>
         <point>
            <x>-24.7316</x>
            <y>5.2532</y>
         </point>
         <point>
            <x>-24.544</x>
            <y>5.1852</y>
         </point>
         <point>
            <x>-24.3744</x>
            <y>5.1115</y>
         </point>
         <point>
            <x>-24.2095</x>
            <y>5.0282</y>
         </point>
         <point>
            <x>-24.0497</x>
            <y>4.9353</y>
         </point>
         <point>
            <x>-23.8956</x>
            <y>4.8334</y>
         </point>
         <point>
            <x>-23.7478</x>
            <y>4.7226</y>
         </point>
         <point>
            <x>-23.6067</x>
            <y>4.6034</y>
         </point>
         <point>
            <x>-23.4728</x>
            <y>4.4762</y>
         </point>
         <point>
            <x>-23.3467</x>
            <y>4.3414</y>
         </point>
         <point>
            <x>-23.2286</x>
            <y>4.1995</y>
         </point>
         <point>
            <x>-23.1191</x>
            <y>4.0509</y>
         </point>
         <point>
            <x>-23.0184</x>
            <y>3.8962</y>
         </point>
         <point>
            <x>-22.927</x>
            <y>3.7359</y>
         </point>
         <point>
            <x>-22.8452</x>
            <y>3.5706</y>
         </point>
         <point>
            <x>-22.7731</x>
            <y>3.4008</y>
         </point>
         <point>
            <x>-22.7112</x>
            <y>3.227</y>
         </point>
         <point>
            <x>-22.6595</x>
            <y>3.05</y>
         </point>
         <point>
            <x>-22.6183</x>
            <y>2.8702</y>
         </point>
         <point>
            <x>-22.5877</x>
            <y>2.6884</y>
         </point>
         <point>
            <x>-22.5678</x>
            <y>2.5051</y>
         </point>
         <point>
            <x>-22.5587</x>
            <y>2.3209</y>
         </point>
         <point>
            <x>-22.5604</x>
            <y>2.1365</y>
         </point>
         <point>
            <x>-22.5729</x>
            <y>1.9525</y>
         </point>
         <point>
            <x>-22.5961</x>
            <y>1.7696</y>
         </point>
         <point>
            <x>-22.6355</x>
            <y>1.5647</y>
         </point>
      </leftBound>
      <rightBound>
         <point>
            <x>-25.5342</x>
            <y>2.365</y>
         </point>
         <point>
            <x>-25.5342</x>
            <y>2.365</y>
         </point>
         <point>
            <x>-25.5342</x>
            <y>2.365</y>
         </point>
         <point>
            <x>-25.5342</x>
            <y>2.365</y>
         </point>
         <point>
            <x>-25.5342</x>
            <y>2.365</y>
         </point>
         <point>
            <x>-25.5342</x>
            <y>2.365</y>
         </point>
         <point>
            <x>-25.5342</x>
            <y>2.365</y>
         </point>
         <point>
            <x>-25.5342</x>
            <y>2.365</y>
         </point>
         <point>
            <x>-25.5342</x>
            <y>2.365</y>
         </point>
         <point>
            <x>-25.5342</x>
            <y>2.365</y>
         </point>
         <point>
            <x>-25.5342</x>
            <y>2.365</y>
         </point>
         <point>
            <x>-25.5342</x>
            <y>2.365</y>
         </point>
         <point>
            <x>-25.5342</x>
            <y>2.365</y>
         </point>
         <point>
            <x>-25.5342</x>
            <y>2.365</y>
         </point>
         <point>
            <x>-25.5332</x>
            <y>2.3627</y>
         </point>
         <point>
            <x>-25.5332</x>
            <y>2.3627</y>
         </point>
         <point>
            <x>-25.5332</x>
            <y>2.3627</y>
         </point>
         <point>
            <x>-25.5332</x>
            <y>2.3627</y>
         </point>
         <point>
            <x>-25.5332</x>
            <y>2.3627</y>
         </point>
         <point>
            <x>-25.5332</x>
            <y>2.3627</y>
         </point>
         <point>
            <x>-25.5332</x>
            <y>2.3627</y>
         </point>
         <point>
            <x>-25.5332</x>
            <y>2.3627</y>
         </point>
         <point>
            <x>-25.5332</x>
            <y>2.3627</y>
         </point>
         <point>
            <x>-25.5332</x>
            <y>2.3627</y>
         </point>
         <point>
            <x>-25.5332</x>
            <y>2.3627</y>
         </point>
         <point>
            <x>-25.5332</x>
            <y>2.3627</y>
         </point>
      </rightBound>
      <predecessor ref="3292"/>
      <successor ref="498"/>
      <speedLimit>13.89</speedLimit>
   </lanelet>
   <lanelet id="3483">
      <leftBound>
         <point>
            <x>-21.8352</x>
            <y>4.454</y>
         </point>
         <point>
            <x>-18.9508</x>
            <y>3.6619</y>
         </point>
         <point>
            <x>-18.9374</x>
            <y>3.6582</y>
         </point>
         <point>
            <x>-16.0402</x>
            <y>2.8607</y>
         </point>
      </leftBound>
      <rightBound>
         <point>
            <x>-22.6365</x>
            <y>1.5673</y>
         </point>
         <point>
            <x>-19.7446</x>
            <y>0.77138</y>
         </point>
         <point>
            <x>-19.7329</x>
            <y>0.76814</y>
         </point>
         <point>
            <x>-16.8406</x>
            <y>-0.027988</y>
         </point>
      </rightBound>
      <predecessor ref="3641"/>
      <successor ref="3622"/>
      <adjacentLeft drivingDir="opposite" ref="2931"/>
      <speedLimit>13.89</speedLimit>
   </lanelet>
   <lanelet id="3622">
      <leftBound>
         <point>
            <x>-16.0402</x>
            <y>2.8607</y>
         </point>
         <point>
            <x>-13.1479</x>
            <y>2.0646</y>
         </point>
         <point>
            <x>-10.2455</x>
            <y>1.2657</y>
         </point>
      </leftBound>
      <rightBound>
         <point>
            <x>-16.8406</x>
            <y>-0.027988</y>
         </point>
         <point>
            <x>-13.9434</x>
            <y>-0.82548</y>
         </point>
         <point>
            <x>-11.0451</x>
            <y>-1.6233</y>
         </point>
      </rightBound>
      <predecessor ref="3483"/>
      <successor ref="1172"/>
      <adjacentLeft drivingDir="opposite" ref="2907"/>
      <speedLimit>13.89</speedLimit>
   </lanelet>
   <lanelet id="5405">
      <leftBound>
         <point>
            <x>-21.8352</x>
            <y>4.454</y>
         </point>
         <point>
            <x>-21.4232</x>
            <y>4.255</y>
         </point>
         <point>
            <x>-21.0417</x>
            <y>4.0027</y>
         </point>
         <point>
            <x>-20.6975</x>
            <y>3.7017</y>
         </point>
         <point>
            <x>-20.3969</x>
            <y>3.3575</y>
         </point>
         <point>
            <x>-20.1452</x>
            <y>2.9762</y>
         </point>
         <point>
            <x>-19.947</x>
            <y>2.5647</y>
         </point>
         <point>
            <x>-19.8058</x>
            <y>2.1305</y>
         </point>
         <point>
            <x>-19.7243</x>
            <y>1.6813</y>
         </point>
         <point>
            <x>-19.7039</x>
            <y>1.2253</y>
         </point>
         <point>
            <x>-19.7446</x>
            <y>0.77138</y>
         </point>
      </leftBound>
      <rightBound>
         <point>
            <x>-22.6365</x>
            <y>1.5673</y>
         </point>
         <point>
            <x>-22.6365</x>
            <y>1.5673</y>
         </point>
         <point>
            <x>-22.6365</x>
            <y>1.5673</y>
         </point>
         <point>
            <x>-22.6365</x>
            <y>1.5673</y>
         </point>
         <point>
            <x>-22.6365</x>
            <y>1.5673</y>
         </point>
         <point>
            <x>-22.6365</x>
            <y>1.5673</y>
         </point>
         <point>
            <x>-22.6355</x>
            <y>1.5647</y>
         </point>
         <point>
            <x>-22.6355</x>
            <y>1.5647</y>
         </point>
         <point>
            <x>-22.6355</x>
            <y>1.5647</y>
         </point>
         <point>
            <x>-22.6355</x>
            <y>1.5647</y>
         </point>
         <point>
            <x>-22.6355</x>
            <y>1.5647</y>
         </point>
      </rightBound>
      <predecessor ref="3641"/>
      <successor ref="504"/>
      <adjacentLeft drivingDir="opposite" ref="508"/>
      <speedLimit>13.89</speedLimit>
   </lanelet>
</commonRoad>