<?xml version="1.0" encoding="utf-8"?>
<commonRoad benchmarkID="GER_Muc_2b" commonRoadVersion="2017a" date="2017-10-02" timeStepSize="0.1">
   <lanelet id="34782">
      <leftBound>
         <point>
            <x>-129.0929</x>
            <y>0.32342</y>
         </point>
         <point>
            <x>-102.9629</x>
            <y>0.67142</y>
         </point>
         <point>
            <x>-76.7478</x>
            <y>0.71597</y>
         </point>
         <point>
            <x>-43.2351</x>
            <y>0.6689</y>
         </point>
         <point>
            <x>-3.7215</x>
            <y>1.2308</y>
         </point>
         <point>
            <x>23.9953</x>
            <y>2.1437</y>
         </point>
         <point>
            <x>60.0484</x>
            <y>3.1656</y>
         </point>
         <point>
            <x>83.2345</x>
            <y>3.9069</y>
         </point>
         <point>
            <x>119.1451</x>
            <y>5.5313</y>
         </point>
         <point>
            <x>153.5277</x>
            <y>7.4647</y>
         </point>
         <point>
            <x>169.8465</x>
            <y>8.2638</y>
         </point>
         <point>
            <x>179.7692</x>
            <y>8.6512</y>
         </point>
         <point>
            <x>185.5022</x>
            <y>8.53</y>
         </point>
         <point>
            <x>198.2165</x>
            <y>7.685</y>
         </point>
         <point>
            <x>203.7145</x>
            <y>7.3951</y>
         </point>
         <point>
            <x>210.4543</x>
            <y>7.3786</y>
         </point>
         <point>
            <x>216.8665</x>
            <y>7.7055</y>
         </point>
         <point>
            <x>256.8879</x>
            <y>10.4226</y>
         </point>
         <point>
            <x>268.8582</x>
            <y>12.3576</y>
         </point>
         <point>
            <x>280.4434</x>
            <y>14.2304</y>
         </point>
         <point>
            <x>293.6784</x>
            <y>15.1456</y>
         </point>
         <point>
            <x>316.3593</x>
            <y>16.755</y>
         </point>
         <point>
            <x>352.1964</x>
            <y>19.3366</y>
         </point>
         <point>
            <x>352.5168</x>
            <y>19.347</y>
         </point>
         <point>
            <x>366.7938</x>
            <y>19.8112</y>
         </point>
      </leftBound>
      <rightBound>
         <point>
            <x>-129.0292</x>
            <y>-2.6135</y>
         </point>
         <point>
            <x>-102.9237</x>
            <y>-2.2757</y>
         </point>
         <point>
            <x>-76.7394</x>
            <y>-2.2001</y>
         </point>
         <point>
            <x>-43.2198</x>
            <y>-2.1748</y>
         </point>
         <point>
            <x>-3.6883</x>
            <y>-1.7307</y>
         </point>
         <point>
            <x>24.0629</x>
            <y>-1.1637</y>
         </point>
         <point>
            <x>60.1507</x>
            <y>0.0024084</y>
         </point>
         <point>
            <x>83.351</x>
            <y>0.90061</y>
         </point>
         <point>
            <x>119.2876</x>
            <y>2.3812</y>
         </point>
         <point>
            <x>153.6932</x>
            <y>4.0474</y>
         </point>
         <point>
            <x>170.0162</x>
            <y>4.7981</y>
         </point>
         <point>
            <x>179.8365</x>
            <y>5.2815</y>
         </point>
         <point>
            <x>185.4154</x>
            <y>5.1387</y>
         </point>
         <point>
            <x>197.9413</x>
            <y>4.1681</y>
         </point>
         <point>
            <x>203.6147</x>
            <y>4.0128</y>
         </point>
         <point>
            <x>210.4717</x>
            <y>4.0487</y>
         </point>
         <point>
            <x>217.0304</x>
            <y>4.4895</y>
         </point>
         <point>
            <x>257.1057</x>
            <y>7.1901</y>
         </point>
         <point>
            <x>269.3658</x>
            <y>9.2173</y>
         </point>
         <point>
            <x>280.9361</x>
            <y>10.9604</y>
         </point>
         <point>
            <x>293.9514</x>
            <y>12.1601</y>
         </point>
         <point>
            <x>316.5666</x>
            <y>13.9062</y>
         </point>
         <point>
            <x>352.3942</x>
            <y>16.0885</y>
         </point>
         <point>
            <x>352.6223</x>
            <y>16.1024</y>
         </point>
         <point>
            <x>366.9543</x>
            <y>16.8183</y>
         </point>
      </rightBound>
      <adjacentRight drivingDir="same" ref="34784"/>
      <speedLimit>13.88</speedLimit>
   </lanelet>
   <lanelet id="34784">
      <leftBound>
         <point>
            <x>-129.0292</x>
            <y>-2.6135</y>
         </point>
         <point>
            <x>-102.9237</x>
            <y>-2.2757</y>
         </point>
         <point>
            <x>-76.7215</x>
            <y>-2.2001</y>
         </point>
         <point>
            <x>-43.2198</x>
            <y>-2.1748</y>
         </point>
         <point>
            <x>-3.6517</x>
            <y>-1.7302</y>
         </point>
         <point>
            <x>24.1945</x>
            <y>-1.161</y>
         </point>
         <point>
            <x>60.2218</x>
            <y>0.0047086</y>
         </point>
         <point>
            <x>83.4902</x>
            <y>0.906</y>
         </point>
         <point>
            <x>119.2876</x>
            <y>2.3812</y>
         </point>
         <point>
            <x>153.7257</x>
            <y>4.049</y>
         </point>
         <point>
            <x>170.0162</x>
            <y>4.7981</y>
         </point>
         <point>
            <x>179.8365</x>
            <y>5.2815</y>
         </point>
         <point>
            <x>185.6009</x>
            <y>5.1339</y>
         </point>
         <point>
            <x>198.1187</x>
            <y>4.1542</y>
         </point>
         <point>
            <x>203.6147</x>
            <y>4.0128</y>
         </point>
         <point>
            <x>210.6202</x>
            <y>4.0495</y>
         </point>
         <point>
            <x>217.0304</x>
            <y>4.4895</y>
         </point>
         <point>
            <x>257.5424</x>
            <y>7.2196</y>
         </point>
         <point>
            <x>269.3658</x>
            <y>9.2173</y>
         </point>
         <point>
            <x>281.0953</x>
            <y>10.9844</y>
         </point>
         <point>
            <x>294.0425</x>
            <y>12.1685</y>
         </point>
         <point>
            <x>316.5666</x>
            <y>13.9062</y>
         </point>
         <point>
            <x>352.6223</x>
            <y>16.1024</y>
         </point>
         <point>
            <x>366.9543</x>
            <y>16.8183</y>
         </point>
      </leftBound>
      <rightBound>
         <point>
            <x>-129.0266</x>
            <y>-5.8217</y>
         </point>
         <point>
            <x>-102.8856</x>
            <y>-5.4797</y>
         </point>
         <point>
            <x>-76.6866</x>
            <y>-5.3573</y>
         </point>
         <point>
            <x>-43.1898</x>
            <y>-5.1813</y>
         </point>
         <point>
            <x>-3.6337</x>
            <y>-4.9475</y>
         </point>
         <point>
            <x>24.258</x>
            <y>-4.3842</y>
         </point>
         <point>
            <x>60.383</x>
            <y>-3.2105</y>
         </point>
         <point>
            <x>83.6335</x>
            <y>-2.3661</y>
         </point>
         <point>
            <x>119.5053</x>
            <y>-0.89708</y>
         </point>
         <point>
            <x>153.8939</x>
            <y>0.85634</y>
         </point>
         <point>
            <x>170.3899</x>
            <y>1.6492</y>
         </point>
         <point>
            <x>180.1335</x>
            <y>1.9177</y>
         </point>
         <point>
            <x>185.7667</x>
            <y>1.9849</y>
         </point>
         <point>
            <x>197.4844</x>
            <y>1.2328</y>
         </point>
         <point>
            <x>203.4606</x>
            <y>0.64265</y>
         </point>
         <point>
            <x>210.7626</x>
            <y>1.0218</y>
         </point>
         <point>
            <x>217.2187</x>
            <y>1.4982</y>
         </point>
         <point>
            <x>257.801</x>
            <y>3.9566</y>
         </point>
         <point>
            <x>269.984</x>
            <y>6.055</y>
         </point>
         <point>
            <x>281.8317</x>
            <y>7.7081</y>
         </point>
         <point>
            <x>294.4067</x>
            <y>9.1914</y>
         </point>
         <point>
            <x>316.7497</x>
            <y>11.0514</y>
         </point>
         <point>
            <x>352.825</x>
            <y>13.0432</y>
         </point>
         <point>
            <x>367.1148</x>
            <y>13.8255</y>
         </point>
      </rightBound>
      <adjacentLeft drivingDir="same" ref="34782"/>
      <speedLimit>13.88</speedLimit>
   </lanelet>
   <obstacle id="202">
      <role>dynamic</role>
      <type>car</type>
      <shape>
         <rectangle>
            <length>4.8</length>
            <width>2</width>
         </rectangle>
      </shape>
      <trajectory>
         <state>
            <position>
               <point>
                  <x>9.5844</x>
                  <y>-3.1541</y>
               </point>
            </position>
            <orientation>
               <exact>0</exact>
            </orientation>
            <time>
               <exact>0</exact>
            </time>
            <velocity>
               <exact>6</exact>
            </velocity>
         </state>
         <state>
            <position>
               <point>
                  <x>10.1835</x>
                  <y>-3.0579</y>
               </point>
            </position>
            <orientation>
               <exact>0.020316</exact>
            </orientation>
            <time>
               <exact>0.1</exact>
            </time>
            <velocity>
               <exact>6.0065</exact>
            </velocity>
         </state>
         <state>
            <position>
               <point>
                  <x>10.7866</x>
                  <y>-3.0457</y>
               </point>
            </position>
            <orientation>
               <exact>0.020316</exact>
            </orientation>
            <time>
               <exact>0.2</exact>
            </time>
            <velocity>
               <exact>6.0325</exact>
            </velocity>
         </state>
         <state>
            <position>
               <point>
                  <x>11.3956</x>
                  <y>-3.0333</y>
               </point>
            </position>
            <orientation>
               <exact>0.020316</exact>
            </orientation>
            <time>
               <exact>0.3</exact>
            </time>
            <velocity>
               <exact>6.091</exact>
            </velocity>
         </state>
         <state>
            <position>
               <point>
                  <x>12.015</x>
                  <y>-3.0207</y>
               </point>
            </position>
            <orientation>
               <exact>0.020316</exact>
            </orientation>
            <time>
               <exact>0.4</exact>
            </time>
            <velocity>
               <exact>6.195</exact>
            </velocity>
         </state>
         <state>
            <position>
               <point>
                  <x>12.6506</x>
                  <y>-3.0078</y>
               </point>
            </position>
            <orientation>
               <exact>0.020316</exact>
            </orientation>
            <time>
               <exact>0.5</exact>
            </time>
            <velocity>
               <exact>6.3575</exact>
            </velocity>
         </state>
         <state>
            <position>
               <point>
                  <x>13.3096</x>
                  <y>-2.9944</y>
               </point>
            </position>
            <orientation>
               <exact>0.020316</exact>
            </orientation>
            <time>
               <exact>0.6</exact>
            </time>
            <velocity>
               <exact>6.5915</exact>
            </velocity>
         </state>
         <state>
            <position>
               <point>
                  <x>14.0005</x>
                  <y>-2.9804</y>
               </point>
            </position>
            <orientation>
               <exact>0.020316</exact>
            </orientation>
            <time>
               <exact>0.7</exact>
            </time>
            <velocity>
               <exact>6.91</exact>
            </velocity>
         </state>
         <state>
            <position>
               <point>
                  <x>14.7329</x>
                  <y>-2.9655</y>
               </point>
            </position>
            <orientation>
               <exact>0.020316</exact>
            </orientation>
            <time>
               <exact>0.8</exact>
            </time>
            <velocity>
               <exact>7.326</exact>
            </velocity>
         </state>
         <state>
            <position>
               <point>
                  <x>15.518</x>
                  <y>-2.9496</y>
               </point>
            </position>
            <orientation>
               <exact>0.020316</exact>
            </orientation>
            <time>
               <exact>0.9</exact>
            </time>
            <velocity>
               <exact>7.8525</exact>
            </velocity>
         </state>
         <state>
            <position>
               <point>
                  <x>16.3681</x>
                  <y>-2.9323</y>
               </point>
            </position>
            <orientation>
               <exact>0.020316</exact>
            </orientation>
            <time>
               <exact>1</exact>
            </time>
            <velocity>
               <exact>8.5025</exact>
            </velocity>
         </state>
         <state>
            <position>
               <point>
                  <x>17.2968</x>
                  <y>-2.9134</y>
               </point>
            </position>
            <orientation>
               <exact>0.020316</exact>
            </orientation>
            <time>
               <exact>1.1</exact>
            </time>
            <velocity>
               <exact>9.289</exact>
            </velocity>
         </state>
         <state>
            <position>
               <point>
                  <x>18.3191</x>
                  <y>-2.8926</y>
               </point>
            </position>
            <orientation>
               <exact>0.020316</exact>
            </orientation>
            <time>
               <exact>1.2</exact>
            </time>
            <velocity>
               <exact>10.225</exact>
            </velocity>
         </state>
         <state>
            <position>
               <point>
                  <x>19.4512</x>
                  <y>-2.8696</y>
               </point>
            </position>
            <orientation>
               <exact>0.020316</exact>
            </orientation>
            <time>
               <exact>1.3</exact>
            </time>
            <velocity>
               <exact>11.3235</exact>
            </velocity>
         </state>
         <state>
            <position>
               <point>
                  <x>20.7107</x>
                  <y>-2.844</y>
               </point>
            </position>
            <orientation>
               <exact>0.020316</exact>
            </orientation>
            <time>
               <exact>1.4</exact>
            </time>
            <velocity>
               <exact>12.5975</exact>
            </velocity>
         </state>
         <state>
            <position>
               <point>
                  <x>22.1164</x>
                  <y>-2.8155</y>
               </point>
            </position>
            <orientation>
               <exact>0.020316</exact>
            </orientation>
            <time>
               <exact>1.5</exact>
            </time>
            <velocity>
               <exact>14.06</exact>
            </velocity>
         </state>
         <state>
            <position>
               <point>
                  <x>23.5221</x>
                  <y>-2.7869</y>
               </point>
            </position>
            <orientation>
               <exact>0.020316</exact>
            </orientation>
            <time>
               <exact>1.6</exact>
            </time>
            <velocity>
               <exact>14.06</exact>
            </velocity>
         </state>
         <state>
            <position>
               <point>
                  <x>24.9276</x>
                  <y>-2.7499</y>
               </point>
            </position>
            <orientation>
               <exact>0.032413</exact>
            </orientation>
            <time>
               <exact>1.7</exact>
            </time>
            <velocity>
               <exact>14.06</exact>
            </velocity>
         </state>
         <state>
            <position>
               <point>
                  <x>26.3329</x>
                  <y>-2.7043</y>
               </point>
            </position>
            <orientation>
               <exact>0.032413</exact>
            </orientation>
            <time>
               <exact>1.8</exact>
            </time>
            <velocity>
               <exact>14.06</exact>
            </velocity>
         </state>
         <state>
            <position>
               <point>
                  <x>27.7381</x>
                  <y>-2.6587</y>
               </point>
            </position>
            <orientation>
               <exact>0.032413</exact>
            </orientation>
            <time>
               <exact>1.9</exact>
            </time>
            <velocity>
               <exact>14.06</exact>
            </velocity>
         </state>
         <state>
            <position>
               <point>
                  <x>29.1434</x>
                  <y>-2.6132</y>
               </point>
            </position>
            <orientation>
               <exact>0.032413</exact>
            </orientation>
            <time>
               <exact>2</exact>
            </time>
            <velocity>
               <exact>14.06</exact>
            </velocity>
         </state>
         <state>
            <position>
               <point>
                  <x>30.5486</x>
                  <y>-2.5676</y>
               </point>
            </position>
            <orientation>
               <exact>0.032413</exact>
            </orientation>
            <time>
               <exact>2.1</exact>
            </time>
            <velocity>
               <exact>14.06</exact>
            </velocity>
         </state>
         <state>
            <position>
               <point>
                  <x>31.9539</x>
                  <y>-2.5221</y>
               </point>
            </position>
            <orientation>
               <exact>0.032413</exact>
            </orientation>
            <time>
               <exact>2.2</exact>
            </time>
            <velocity>
               <exact>14.06</exact>
            </velocity>
         </state>
         <state>
            <position>
               <point>
                  <x>33.3592</x>
                  <y>-2.4765</y>
               </point>
            </position>
            <orientation>
               <exact>0.032413</exact>
            </orientation>
            <time>
               <exact>2.3</exact>
            </time>
            <velocity>
               <exact>14.06</exact>
            </velocity>
         </state>
         <state>
            <position>
               <point>
                  <x>34.7644</x>
                  <y>-2.4309</y>
               </point>
            </position>
            <orientation>
               <exact>0.032413</exact>
            </orientation>
            <time>
               <exact>2.4</exact>
            </time>
            <velocity>
               <exact>14.06</exact>
            </velocity>
         </state>
         <state>
            <position>
               <point>
                  <x>36.1697</x>
                  <y>-2.3854</y>
               </point>
            </position>
            <orientation>
               <exact>0.032413</exact>
            </orientation>
            <time>
               <exact>2.5</exact>
            </time>
            <velocity>
               <exact>14.06</exact>
            </velocity>
         </state>
         <state>
            <position>
               <point>
                  <x>37.5749</x>
                  <y>-2.3398</y>
               </point>
            </position>
            <orientation>
               <exact>0.032413</exact>
            </orientation>
            <time>
               <exact>2.6</exact>
            </time>
            <velocity>
               <exact>14.06</exact>
            </velocity>
         </state>
         <state>
            <position>
               <point>
                  <x>38.9802</x>
                  <y>-2.2942</y>
               </point>
            </position>
            <orientation>
               <exact>0.032413</exact>
            </orientation>
            <time>
               <exact>2.7</exact>
            </time>
            <velocity>
               <exact>14.06</exact>
            </velocity>
         </state>
         <state>
            <position>
               <point>
                  <x>40.3855</x>
                  <y>-2.2487</y>
               </point>
            </position>
            <orientation>
               <exact>0.032413</exact>
            </orientation>
            <time>
               <exact>2.8</exact>
            </time>
            <velocity>
               <exact>14.06</exact>
            </velocity>
         </state>
         <state>
            <position>
               <point>
                  <x>41.7907</x>
                  <y>-2.2031</y>
               </point>
            </position>
            <orientation>
               <exact>0.032413</exact>
            </orientation>
            <time>
               <exact>2.9</exact>
            </time>
            <velocity>
               <exact>14.06</exact>
            </velocity>
         </state>
         <state>
            <position>
               <point>
                  <x>43.196</x>
                  <y>-2.1575</y>
               </point>
            </position>
            <orientation>
               <exact>0.032413</exact>
            </orientation>
            <time>
               <exact>3</exact>
            </time>
            <velocity>
               <exact>14.06</exact>
            </velocity>
         </state>
         <state>
            <position>
               <point>
                  <x>44.6013</x>
                  <y>-2.112</y>
               </point>
            </position>
            <orientation>
               <exact>0.032413</exact>
            </orientation>
            <time>
               <exact>3.1</exact>
            </time>
            <velocity>
               <exact>14.06</exact>
            </velocity>
         </state>
         <state>
            <position>
               <point>
                  <x>46.0065</x>
                  <y>-2.0664</y>
               </point>
            </position>
            <orientation>
               <exact>0.032413</exact>
            </orientation>
            <time>
               <exact>3.2</exact>
            </time>
            <velocity>
               <exact>14.06</exact>
            </velocity>
         </state>
         <state>
            <position>
               <point>
                  <x>47.4118</x>
                  <y>-2.0208</y>
               </point>
            </position>
            <orientation>
               <exact>0.032413</exact>
            </orientation>
            <time>
               <exact>3.3</exact>
            </time>
            <velocity>
               <exact>14.06</exact>
            </velocity>
         </state>
         <state>
            <position>
               <point>
                  <x>48.817</x>
                  <y>-1.9753</y>
               </point>
            </position>
            <orientation>
               <exact>0.032413</exact>
            </orientation>
            <time>
               <exact>3.4</exact>
            </time>
            <velocity>
               <exact>14.06</exact>
            </velocity>
         </state>
         <state>
            <position>
               <point>
                  <x>50.2223</x>
                  <y>-1.9297</y>
               </point>
            </position>
            <orientation>
               <exact>0.032413</exact>
            </orientation>
            <time>
               <exact>3.5</exact>
            </time>
            <velocity>
               <exact>14.06</exact>
            </velocity>
         </state>
         <state>
            <position>
               <point>
                  <x>51.6276</x>
                  <y>-1.8842</y>
               </point>
            </position>
            <orientation>
               <exact>0.032413</exact>
            </orientation>
            <time>
               <exact>3.6</exact>
            </time>
            <velocity>
               <exact>14.06</exact>
            </velocity>
         </state>
         <state>
            <position>
               <point>
                  <x>53.0328</x>
                  <y>-1.8386</y>
               </point>
            </position>
            <orientation>
               <exact>0.032413</exact>
            </orientation>
            <time>
               <exact>3.7</exact>
            </time>
            <velocity>
               <exact>14.06</exact>
            </velocity>
         </state>
         <state>
            <position>
               <point>
                  <x>54.4381</x>
                  <y>-1.793</y>
               </point>
            </position>
            <orientation>
               <exact>0.032413</exact>
            </orientation>
            <time>
               <exact>3.8</exact>
            </time>
            <velocity>
               <exact>14.06</exact>
            </velocity>
         </state>
         <state>
            <position>
               <point>
                  <x>55.8433</x>
                  <y>-1.7475</y>
               </point>
            </position>
            <orientation>
               <exact>0.032413</exact>
            </orientation>
            <time>
               <exact>3.9</exact>
            </time>
            <velocity>
               <exact>14.06</exact>
            </velocity>
         </state>
         <state>
            <position>
               <point>
                  <x>57.2486</x>
                  <y>-1.7019</y>
               </point>
            </position>
            <orientation>
               <exact>0.032413</exact>
            </orientation>
            <time>
               <exact>4</exact>
            </time>
            <velocity>
               <exact>14.06</exact>
            </velocity>
         </state>
         <state>
            <position>
               <point>
                  <x>58.6539</x>
                  <y>-1.6563</y>
               </point>
            </position>
            <orientation>
               <exact>0.032413</exact>
            </orientation>
            <time>
               <exact>4.1</exact>
            </time>
            <velocity>
               <exact>14.06</exact>
            </velocity>
         </state>
         <state>
            <position>
               <point>
                  <x>60.0591</x>
                  <y>-1.6108</y>
               </point>
            </position>
            <orientation>
               <exact>0.032413</exact>
            </orientation>
            <time>
               <exact>4.2</exact>
            </time>
            <velocity>
               <exact>14.06</exact>
            </velocity>
         </state>
         <state>
            <position>
               <point>
                  <x>61.4642</x>
                  <y>-1.5593</y>
               </point>
            </position>
            <orientation>
               <exact>0.037509</exact>
            </orientation>
            <time>
               <exact>4.3</exact>
            </time>
            <velocity>
               <exact>14.06</exact>
            </velocity>
         </state>
         <state>
            <position>
               <point>
                  <x>62.8692</x>
                  <y>-1.5066</y>
               </point>
            </position>
            <orientation>
               <exact>0.037509</exact>
            </orientation>
            <time>
               <exact>4.4</exact>
            </time>
            <velocity>
               <exact>14.06</exact>
            </velocity>
         </state>
         <state>
            <position>
               <point>
                  <x>64.2742</x>
                  <y>-1.4538</y>
               </point>
            </position>
            <orientation>
               <exact>0.037509</exact>
            </orientation>
            <time>
               <exact>4.5</exact>
            </time>
            <velocity>
               <exact>14.06</exact>
            </velocity>
         </state>
         <state>
            <position>
               <point>
                  <x>65.6792</x>
                  <y>-1.4011</y>
               </point>
            </position>
            <orientation>
               <exact>0.037509</exact>
            </orientation>
            <time>
               <exact>4.6</exact>
            </time>
            <velocity>
               <exact>14.06</exact>
            </velocity>
         </state>
         <state>
            <position>
               <point>
                  <x>67.0842</x>
                  <y>-1.3484</y>
               </point>
            </position>
            <orientation>
               <exact>0.037509</exact>
            </orientation>
            <time>
               <exact>4.7</exact>
            </time>
            <velocity>
               <exact>14.06</exact>
            </velocity>
         </state>
         <state>
            <position>
               <point>
                  <x>68.4892</x>
                  <y>-1.2957</y>
               </point>
            </position>
            <orientation>
               <exact>0.037509</exact>
            </orientation>
            <time>
               <exact>4.8</exact>
            </time>
            <velocity>
               <exact>14.06</exact>
            </velocity>
         </state>
         <state>
            <position>
               <point>
                  <x>69.8943</x>
                  <y>-1.2429</y>
               </point>
            </position>
            <orientation>
               <exact>0.037509</exact>
            </orientation>
            <time>
               <exact>4.9</exact>
            </time>
            <velocity>
               <exact>14.06</exact>
            </velocity>
         </state>
         <state>
            <position>
               <point>
                  <x>71.2993</x>
                  <y>-1.1902</y>
               </point>
            </position>
            <orientation>
               <exact>0.037509</exact>
            </orientation>
            <time>
               <exact>5</exact>
            </time>
            <velocity>
               <exact>14.06</exact>
            </velocity>
         </state>
      </trajectory>
   </obstacle>
   <obstacle id="203">
      <role>dynamic</role>
      <type>car</type>
      <shape>
         <rectangle>
            <length>4.8</length>
            <width>2</width>
         </rectangle>
      </shape>
      <trajectory>
         <state>
            <position>
               <point>
                  <x>-16.9673</x>
                  <y>-3.6062</y>
               </point>
            </position>
            <orientation>
               <exact>0</exact>
            </orientation>
            <time>
               <exact>0</exact>
            </time>
            <velocity>
               <exact>14</exact>
            </velocity>
         </state>
         <state>
            <position>
               <point>
                  <x>-15.5696</x>
                  <y>-3.4411</y>
               </point>
            </position>
            <orientation>
               <exact>0.0085729</exact>
            </orientation>
            <time>
               <exact>0.1</exact>
            </time>
            <velocity>
               <exact>14</exact>
            </velocity>
         </state>
         <state>
            <position>
               <point>
                  <x>-14.1696</x>
                  <y>-3.4291</y>
               </point>
            </position>
            <orientation>
               <exact>0.0085729</exact>
            </orientation>
            <time>
               <exact>0.2</exact>
            </time>
            <velocity>
               <exact>14</exact>
            </velocity>
         </state>
         <state>
            <position>
               <point>
                  <x>-12.7697</x>
                  <y>-3.4171</y>
               </point>
            </position>
            <orientation>
               <exact>0.0085729</exact>
            </orientation>
            <time>
               <exact>0.3</exact>
            </time>
            <velocity>
               <exact>14</exact>
            </velocity>
         </state>
         <state>
            <position>
               <point>
                  <x>-11.3697</x>
                  <y>-3.4051</y>
               </point>
            </position>
            <orientation>
               <exact>0.0085729</exact>
            </orientation>
            <time>
               <exact>0.4</exact>
            </time>
            <velocity>
               <exact>14</exact>
            </velocity>
         </state>
         <state>
            <position>
               <point>
                  <x>-9.9698</x>
                  <y>-3.3931</y>
               </point>
            </position>
            <orientation>
               <exact>0.0085729</exact>
            </orientation>
            <time>
               <exact>0.5</exact>
            </time>
            <velocity>
               <exact>14</exact>
            </velocity>
         </state>
         <state>
            <position>
               <point>
                  <x>-8.5698</x>
                  <y>-3.3811</y>
               </point>
            </position>
            <orientation>
               <exact>0.0085729</exact>
            </orientation>
            <time>
               <exact>0.6</exact>
            </time>
            <velocity>
               <exact>14</exact>
            </velocity>
         </state>
         <state>
            <position>
               <point>
                  <x>-7.1699</x>
                  <y>-3.3691</y>
               </point>
            </position>
            <orientation>
               <exact>0.0085729</exact>
            </orientation>
            <time>
               <exact>0.7</exact>
            </time>
            <velocity>
               <exact>14</exact>
            </velocity>
         </state>
         <state>
            <position>
               <point>
                  <x>-5.7699</x>
                  <y>-3.3571</y>
               </point>
            </position>
            <orientation>
               <exact>0.0085729</exact>
            </orientation>
            <time>
               <exact>0.8</exact>
            </time>
            <velocity>
               <exact>14</exact>
            </velocity>
         </state>
         <state>
            <position>
               <point>
                  <x>-4.37</x>
                  <y>-3.3451</y>
               </point>
            </position>
            <orientation>
               <exact>0.0085729</exact>
            </orientation>
            <time>
               <exact>0.9</exact>
            </time>
            <velocity>
               <exact>14</exact>
            </velocity>
         </state>
         <state>
            <position>
               <point>
                  <x>-2.9702</x>
                  <y>-3.3252</y>
               </point>
            </position>
            <orientation>
               <exact>0.020316</exact>
            </orientation>
            <time>
               <exact>1</exact>
            </time>
            <velocity>
               <exact>14</exact>
            </velocity>
         </state>
         <state>
            <position>
               <point>
                  <x>-1.5704</x>
                  <y>-3.2968</y>
               </point>
            </position>
            <orientation>
               <exact>0.020316</exact>
            </orientation>
            <time>
               <exact>1.1</exact>
            </time>
            <velocity>
               <exact>14</exact>
            </velocity>
         </state>
         <state>
            <position>
               <point>
                  <x>-0.17073</x>
                  <y>-3.2683</y>
               </point>
            </position>
            <orientation>
               <exact>0.020316</exact>
            </orientation>
            <time>
               <exact>1.2</exact>
            </time>
            <velocity>
               <exact>14</exact>
            </velocity>
         </state>
         <state>
            <position>
               <point>
                  <x>1.229</x>
                  <y>-3.2399</y>
               </point>
            </position>
            <orientation>
               <exact>0.020316</exact>
            </orientation>
            <time>
               <exact>1.3</exact>
            </time>
            <velocity>
               <exact>14</exact>
            </velocity>
         </state>
         <state>
            <position>
               <point>
                  <x>2.6287</x>
                  <y>-3.2114</y>
               </point>
            </position>
            <orientation>
               <exact>0.020316</exact>
            </orientation>
            <time>
               <exact>1.4</exact>
            </time>
            <velocity>
               <exact>14</exact>
            </velocity>
         </state>
         <state>
            <position>
               <point>
                  <x>4.0284</x>
                  <y>-3.183</y>
               </point>
            </position>
            <orientation>
               <exact>0.020316</exact>
            </orientation>
            <time>
               <exact>1.5</exact>
            </time>
            <velocity>
               <exact>14</exact>
            </velocity>
         </state>
         <state>
            <position>
               <point>
                  <x>5.4281</x>
                  <y>-3.1546</y>
               </point>
            </position>
            <orientation>
               <exact>0.020316</exact>
            </orientation>
            <time>
               <exact>1.6</exact>
            </time>
            <velocity>
               <exact>14</exact>
            </velocity>
         </state>
         <state>
            <position>
               <point>
                  <x>6.8278</x>
                  <y>-3.1261</y>
               </point>
            </position>
            <orientation>
               <exact>0.020316</exact>
            </orientation>
            <time>
               <exact>1.7</exact>
            </time>
            <velocity>
               <exact>14</exact>
            </velocity>
         </state>
         <state>
            <position>
               <point>
                  <x>8.2275</x>
                  <y>-3.0977</y>
               </point>
            </position>
            <orientation>
               <exact>0.020316</exact>
            </orientation>
            <time>
               <exact>1.8</exact>
            </time>
            <velocity>
               <exact>14</exact>
            </velocity>
         </state>
         <state>
            <position>
               <point>
                  <x>9.6272</x>
                  <y>-3.0692</y>
               </point>
            </position>
            <orientation>
               <exact>0.020316</exact>
            </orientation>
            <time>
               <exact>1.9</exact>
            </time>
            <velocity>
               <exact>14</exact>
            </velocity>
         </state>
         <state>
            <position>
               <point>
                  <x>11.027</x>
                  <y>-3.0408</y>
               </point>
            </position>
            <orientation>
               <exact>0.020316</exact>
            </orientation>
            <time>
               <exact>2</exact>
            </time>
            <velocity>
               <exact>14</exact>
            </velocity>
         </state>
         <state>
            <position>
               <point>
                  <x>12.4267</x>
                  <y>-3.0124</y>
               </point>
            </position>
            <orientation>
               <exact>0.020316</exact>
            </orientation>
            <time>
               <exact>2.1</exact>
            </time>
            <velocity>
               <exact>14</exact>
            </velocity>
         </state>
         <state>
            <position>
               <point>
                  <x>13.8264</x>
                  <y>-2.9839</y>
               </point>
            </position>
            <orientation>
               <exact>0.020316</exact>
            </orientation>
            <time>
               <exact>2.2</exact>
            </time>
            <velocity>
               <exact>14</exact>
            </velocity>
         </state>
         <state>
            <position>
               <point>
                  <x>15.2261</x>
                  <y>-2.9555</y>
               </point>
            </position>
            <orientation>
               <exact>0.020316</exact>
            </orientation>
            <time>
               <exact>2.3</exact>
            </time>
            <velocity>
               <exact>14</exact>
            </velocity>
         </state>
         <state>
            <position>
               <point>
                  <x>16.6258</x>
                  <y>-2.927</y>
               </point>
            </position>
            <orientation>
               <exact>0.020316</exact>
            </orientation>
            <time>
               <exact>2.4</exact>
            </time>
            <velocity>
               <exact>14</exact>
            </velocity>
         </state>
         <state>
            <position>
               <point>
                  <x>18.0255</x>
                  <y>-2.8986</y>
               </point>
            </position>
            <orientation>
               <exact>0.020316</exact>
            </orientation>
            <time>
               <exact>2.5</exact>
            </time>
            <velocity>
               <exact>14</exact>
            </velocity>
         </state>
         <state>
            <position>
               <point>
                  <x>19.4252</x>
                  <y>-2.8702</y>
               </point>
            </position>
            <orientation>
               <exact>0.020316</exact>
            </orientation>
            <time>
               <exact>2.6</exact>
            </time>
            <velocity>
               <exact>14</exact>
            </velocity>
         </state>
         <state>
            <position>
               <point>
                  <x>20.8249</x>
                  <y>-2.8417</y>
               </point>
            </position>
            <orientation>
               <exact>0.020316</exact>
            </orientation>
            <time>
               <exact>2.7</exact>
            </time>
            <velocity>
               <exact>14</exact>
            </velocity>
         </state>
         <state>
            <position>
               <point>
                  <x>22.2246</x>
                  <y>-2.8133</y>
               </point>
            </position>
            <orientation>
               <exact>0.020316</exact>
            </orientation>
            <time>
               <exact>2.8</exact>
            </time>
            <velocity>
               <exact>14</exact>
            </velocity>
         </state>
         <state>
            <position>
               <point>
                  <x>23.6244</x>
                  <y>-2.7848</y>
               </point>
            </position>
            <orientation>
               <exact>0.020316</exact>
            </orientation>
            <time>
               <exact>2.9</exact>
            </time>
            <velocity>
               <exact>14</exact>
            </velocity>
         </state>
         <state>
            <position>
               <point>
                  <x>25.0238</x>
                  <y>-2.7468</y>
               </point>
            </position>
            <orientation>
               <exact>0.032413</exact>
            </orientation>
            <time>
               <exact>3</exact>
            </time>
            <velocity>
               <exact>14</exact>
            </velocity>
         </state>
         <state>
            <position>
               <point>
                  <x>26.4231</x>
                  <y>-2.7014</y>
               </point>
            </position>
            <orientation>
               <exact>0.032413</exact>
            </orientation>
            <time>
               <exact>3.1</exact>
            </time>
            <velocity>
               <exact>14</exact>
            </velocity>
         </state>
         <state>
            <position>
               <point>
                  <x>27.8223</x>
                  <y>-2.656</y>
               </point>
            </position>
            <orientation>
               <exact>0.032413</exact>
            </orientation>
            <time>
               <exact>3.2</exact>
            </time>
            <velocity>
               <exact>14</exact>
            </velocity>
         </state>
         <state>
            <position>
               <point>
                  <x>29.2216</x>
                  <y>-2.6106</y>
               </point>
            </position>
            <orientation>
               <exact>0.032413</exact>
            </orientation>
            <time>
               <exact>3.3</exact>
            </time>
            <velocity>
               <exact>14</exact>
            </velocity>
         </state>
         <state>
            <position>
               <point>
                  <x>30.6209</x>
                  <y>-2.5653</y>
               </point>
            </position>
            <orientation>
               <exact>0.032413</exact>
            </orientation>
            <time>
               <exact>3.4</exact>
            </time>
            <velocity>
               <exact>14</exact>
            </velocity>
         </state>
         <state>
            <position>
               <point>
                  <x>32.0201</x>
                  <y>-2.5199</y>
               </point>
            </position>
            <orientation>
               <exact>0.032413</exact>
            </orientation>
            <time>
               <exact>3.5</exact>
            </time>
            <velocity>
               <exact>14</exact>
            </velocity>
         </state>
         <state>
            <position>
               <point>
                  <x>33.4194</x>
                  <y>-2.4745</y>
               </point>
            </position>
            <orientation>
               <exact>0.032413</exact>
            </orientation>
            <time>
               <exact>3.6</exact>
            </time>
            <velocity>
               <exact>14</exact>
            </velocity>
         </state>
         <state>
            <position>
               <point>
                  <x>34.8187</x>
                  <y>-2.4292</y>
               </point>
            </position>
            <orientation>
               <exact>0.032413</exact>
            </orientation>
            <time>
               <exact>3.7</exact>
            </time>
            <velocity>
               <exact>14</exact>
            </velocity>
         </state>
         <state>
            <position>
               <point>
                  <x>36.2179</x>
                  <y>-2.3838</y>
               </point>
            </position>
            <orientation>
               <exact>0.032413</exact>
            </orientation>
            <time>
               <exact>3.8</exact>
            </time>
            <velocity>
               <exact>14</exact>
            </velocity>
         </state>
         <state>
            <position>
               <point>
                  <x>37.6172</x>
                  <y>-2.3384</y>
               </point>
            </position>
            <orientation>
               <exact>0.032413</exact>
            </orientation>
            <time>
               <exact>3.9</exact>
            </time>
            <velocity>
               <exact>14</exact>
            </velocity>
         </state>
         <state>
            <position>
               <point>
                  <x>39.0165</x>
                  <y>-2.2931</y>
               </point>
            </position>
            <orientation>
               <exact>0.032413</exact>
            </orientation>
            <time>
               <exact>4</exact>
            </time>
            <velocity>
               <exact>14</exact>
            </velocity>
         </state>
         <state>
            <position>
               <point>
                  <x>40.4157</x>
                  <y>-2.2477</y>
               </point>
            </position>
            <orientation>
               <exact>0.032413</exact>
            </orientation>
            <time>
               <exact>4.1</exact>
            </time>
            <velocity>
               <exact>14</exact>
            </velocity>
         </state>
         <state>
            <position>
               <point>
                  <x>41.815</x>
                  <y>-2.2023</y>
               </point>
            </position>
            <orientation>
               <exact>0.032413</exact>
            </orientation>
            <time>
               <exact>4.2</exact>
            </time>
            <velocity>
               <exact>14</exact>
            </velocity>
         </state>
         <state>
            <position>
               <point>
                  <x>43.2143</x>
                  <y>-2.1569</y>
               </point>
            </position>
            <orientation>
               <exact>0.032413</exact>
            </orientation>
            <time>
               <exact>4.3</exact>
            </time>
            <velocity>
               <exact>14</exact>
            </velocity>
         </state>
         <state>
            <position>
               <point>
                  <x>44.6135</x>
                  <y>-2.1116</y>
               </point>
            </position>
            <orientation>
               <exact>0.032413</exact>
            </orientation>
            <time>
               <exact>4.4</exact>
            </time>
            <velocity>
               <exact>14</exact>
            </velocity>
         </state>
         <state>
            <position>
               <point>
                  <x>46.0128</x>
                  <y>-2.0662</y>
               </point>
            </position>
            <orientation>
               <exact>0.032413</exact>
            </orientation>
            <time>
               <exact>4.5</exact>
            </time>
            <velocity>
               <exact>14</exact>
            </velocity>
         </state>
         <state>
            <position>
               <point>
                  <x>47.412</x>
                  <y>-2.0208</y>
               </point>
            </position>
            <orientation>
               <exact>0.032413</exact>
            </orientation>
            <time>
               <exact>4.6</exact>
            </time>
            <velocity>
               <exact>14</exact>
            </velocity>
         </state>
         <state>
            <position>
               <point>
                  <x>48.8113</x>
                  <y>-1.9755</y>
               </point>
            </position>
            <orientation>
               <exact>0.032413</exact>
            </orientation>
            <time>
               <exact>4.7</exact>
            </time>
            <velocity>
               <exact>14</exact>
            </velocity>
         </state>
         <state>
            <position>
               <point>
                  <x>50.2106</x>
                  <y>-1.9301</y>
               </point>
            </position>
            <orientation>
               <exact>0.032413</exact>
            </orientation>
            <time>
               <exact>4.8</exact>
            </time>
            <velocity>
               <exact>14</exact>
            </velocity>
         </state>
         <state>
            <position>
               <point>
                  <x>51.6098</x>
                  <y>-1.8847</y>
               </point>
            </position>
            <orientation>
               <exact>0.032413</exact>
            </orientation>
            <time>
               <exact>4.9</exact>
            </time>
            <velocity>
               <exact>14</exact>
            </velocity>
         </state>
         <state>
            <position>
               <point>
                  <x>53.0091</x>
                  <y>-1.8394</y>
               </point>
            </position>
            <orientation>
               <exact>0.032413</exact>
            </orientation>
            <time>
               <exact>5</exact>
            </time>
            <velocity>
               <exact>14</exact>
            </velocity>
         </state>
      </trajectory>
   </obstacle>
   <planningProblem id="1">
      <initialState>
         <position>
            <point>
               <x>0</x>
               <y>0</y>
            </point>
         </position>
         <velocity>
            <exact>14</exact>
         </velocity>
         <orientation>
            <exact>0</exact>
         </orientation>
         <yawRate>
            <exact>0</exact>
         </yawRate>
         <slipAngle>
            <exact>0</exact>
         </slipAngle>
         <time>
            <exact>0</exact>
         </time>
      </initialState>
      <goalRegion>
         <state>
            <position>
               <rectangle>
                  <length>33.8017</length>
                  <width>0.96576</width>
                  <orientation>0.037509</orientation>
                  <center>
                     <x>50</x>
                     <y>-2.25</y>
                  </center>
               </rectangle>
            </position>
            <orientation>
               <intervalStart>-0.17453</intervalStart>
               <intervalEnd>0.17453</intervalEnd>
            </orientation>
            <time>
               <intervalStart>4</intervalStart>
               <intervalEnd>5</intervalEnd>
            </time>
         </state>
      </goalRegion>
   </planningProblem>
</commonRoad>