<?xml version="1.0" encoding="utf-8"?>
<commonRoad benchmarkID="GER_Ffb_1b" commonRoadVersion="2017a" date="2017-10-02" timeStepSize="0.1">
   <lanelet id="49564">
      <leftBound>
         <point>
            <x>-86.4416</x>
            <y>7.7473</y>
         </point>
         <point>
            <x>-64.0253</x>
            <y>6.4078</y>
         </point>
         <point>
            <x>-40.6464</x>
            <y>4.533</y>
         </point>
         <point>
            <x>-20.0958</x>
            <y>2.9012</y>
         </point>
         <point>
            <x>-0.97096</x>
            <y>1.9898</y>
         </point>
         <point>
            <x>24.1981</x>
            <y>1.4901</y>
         </point>
         <point>
            <x>48.2161</x>
            <y>2.5683</y>
         </point>
         <point>
            <x>55.2906</x>
            <y>2.9476</y>
         </point>
      </leftBound>
      <rightBound>
         <point>
            <x>-87.2272</x>
            <y>1.6101</y>
         </point>
         <point>
            <x>-63.3918</x>
            <y>1.1124</y>
         </point>
         <point>
            <x>-41.3426</x>
            <y>0.28309</y>
         </point>
         <point>
            <x>-20.3016</x>
            <y>-1.3106</y>
         </point>
         <point>
            <x>-0.93048</x>
            <y>-1.7116</y>
         </point>
         <point>
            <x>24.1929</x>
            <y>-2.5855</y>
         </point>
         <point>
            <x>48.4525</x>
            <y>-2.2537</y>
         </point>
         <point>
            <x>55.992</x>
            <y>-2.2592</y>
         </point>
      </rightBound>
      <successor ref="49586"/>
      <successor ref="49594"/>
      <successor ref="49602"/>
      <adjacentLeft drivingDir="opposite" ref="49566"/>
      <speedLimit>14</speedLimit>
   </lanelet>
   <lanelet id="49566">
      <leftBound>
         <point>
            <x>55.2906</x>
            <y>2.9476</y>
         </point>
         <point>
            <x>48.2161</x>
            <y>2.5683</y>
         </point>
         <point>
            <x>47.717</x>
            <y>2.5459</y>
         </point>
         <point>
            <x>24.3636</x>
            <y>1.4975</y>
         </point>
         <point>
            <x>-0.86511</x>
            <y>1.9877</y>
         </point>
         <point>
            <x>-19.9635</x>
            <y>2.8949</y>
         </point>
         <point>
            <x>-40.5166</x>
            <y>4.5227</y>
         </point>
         <point>
            <x>-64.0253</x>
            <y>6.4078</y>
         </point>
         <point>
            <x>-86.4416</x>
            <y>7.7473</y>
         </point>
      </leftBound>
      <rightBound>
         <point>
            <x>55.8084</x>
            <y>7.8427</y>
         </point>
         <point>
            <x>47.7384</x>
            <y>6.9663</y>
         </point>
         <point>
            <x>47.5196</x>
            <y>6.9426</y>
         </point>
         <point>
            <x>24.183</x>
            <y>5.5203</y>
         </point>
         <point>
            <x>-0.79406</x>
            <y>5.5666</y>
         </point>
         <point>
            <x>-19.7766</x>
            <y>6.8171</y>
         </point>
         <point>
            <x>-40.2039</x>
            <y>8.4608</y>
         </point>
         <point>
            <x>-63.6253</x>
            <y>10.6625</y>
         </point>
         <point>
            <x>-86.0982</x>
            <y>12.7752</y>
         </point>
      </rightBound>
      <predecessor ref="49584"/>
      <predecessor ref="49588"/>
      <predecessor ref="49600"/>
      <adjacentLeft drivingDir="opposite" ref="49564"/>
      <speedLimit>14</speedLimit>
   </lanelet>
   <lanelet id="49568">
      <leftBound>
         <point>
            <x>69.0323</x>
            <y>-9.008</y>
         </point>
         <point>
            <x>68.4545</x>
            <y>-22.8035</y>
         </point>
         <point>
            <x>67.8718</x>
            <y>-36.4879</y>
         </point>
         <point>
            <x>67.4875</x>
            <y>-48.0823</y>
         </point>
         <point>
            <x>66.1522</x>
            <y>-77.1729</y>
         </point>
         <point>
            <x>64.3769</x>
            <y>-97.2417</y>
         </point>
         <point>
            <x>59.3039</x>
            <y>-141.9227</y>
         </point>
         <point>
            <x>56.1778</x>
            <y>-164.7642</y>
         </point>
         <point>
            <x>54.8131</x>
            <y>-175.6201</y>
         </point>
         <point>
            <x>54.3488</x>
            <y>-180.8052</y>
         </point>
         <point>
            <x>53.4827</x>
            <y>-185.1339</y>
         </point>
      </leftBound>
      <rightBound>
         <point>
            <x>65.5306</x>
            <y>-8.8577</y>
         </point>
         <point>
            <x>65.0212</x>
            <y>-22.6789</y>
         </point>
         <point>
            <x>64.3699</x>
            <y>-36.3392</y>
         </point>
         <point>
            <x>63.9849</x>
            <y>-47.956</y>
         </point>
         <point>
            <x>62.5605</x>
            <y>-76.9508</y>
         </point>
         <point>
            <x>60.5757</x>
            <y>-97.4892</y>
         </point>
         <point>
            <x>55.8516</x>
            <y>-141.0303</y>
         </point>
         <point>
            <x>52.9717</x>
            <y>-163.3829</y>
         </point>
         <point>
            <x>51.5339</x>
            <y>-174.0971</y>
         </point>
         <point>
            <x>50.8233</x>
            <y>-179.7711</y>
         </point>
         <point>
            <x>49.5244</x>
            <y>-183.7887</y>
         </point>
      </rightBound>
      <predecessor ref="49586"/>
      <predecessor ref="49590"/>
      <predecessor ref="49596"/>
      <adjacentLeft drivingDir="opposite" ref="49570"/>
      <speedLimit>14</speedLimit>
   </lanelet>
   <lanelet id="49570">
      <leftBound>
         <point>
            <x>53.4827</x>
            <y>-185.1339</y>
         </point>
         <point>
            <x>54.3488</x>
            <y>-180.8052</y>
         </point>
         <point>
            <x>54.8131</x>
            <y>-175.6201</y>
         </point>
         <point>
            <x>56.1778</x>
            <y>-164.7642</y>
         </point>
         <point>
            <x>59.3039</x>
            <y>-141.9227</y>
         </point>
         <point>
            <x>64.3769</x>
            <y>-97.2417</y>
         </point>
         <point>
            <x>66.1522</x>
            <y>-77.1729</y>
         </point>
         <point>
            <x>67.4875</x>
            <y>-48.0823</y>
         </point>
         <point>
            <x>67.8718</x>
            <y>-36.4879</y>
         </point>
         <point>
            <x>68.4545</x>
            <y>-22.8035</y>
         </point>
         <point>
            <x>69.0323</x>
            <y>-9.008</y>
         </point>
      </leftBound>
      <rightBound>
         <point>
            <x>57.4905</x>
            <y>-187.1005</y>
         </point>
         <point>
            <x>57.81</x>
            <y>-183.935</y>
         </point>
         <point>
            <x>58.4117</x>
            <y>-178.3211</y>
         </point>
         <point>
            <x>59.9595</x>
            <y>-166.1717</y>
         </point>
         <point>
            <x>62.7835</x>
            <y>-143.1813</y>
         </point>
         <point>
            <x>67.9229</x>
            <y>-98.2961</y>
         </point>
         <point>
            <x>69.9202</x>
            <y>-77.8553</y>
         </point>
         <point>
            <x>70.9901</x>
            <y>-48.2086</y>
         </point>
         <point>
            <x>71.3736</x>
            <y>-36.6367</y>
         </point>
         <point>
            <x>71.7357</x>
            <y>-23.0235</y>
         </point>
         <point>
            <x>72.6124</x>
            <y>-9.5889</y>
         </point>
      </rightBound>
      <successor ref="49580"/>
      <successor ref="49588"/>
      <successor ref="49598"/>
      <adjacentLeft drivingDir="opposite" ref="49568"/>
      <speedLimit>14</speedLimit>
   </lanelet>
   <lanelet id="49572">
      <leftBound>
         <point>
            <x>82.3071</x>
            <y>6.68</y>
         </point>
         <point>
            <x>95.0017</x>
            <y>5.3801</y>
         </point>
         <point>
            <x>114.7143</x>
            <y>3.5247</y>
         </point>
         <point>
            <x>140.4199</x>
            <y>0.19773</y>
         </point>
         <point>
            <x>160.4353</x>
            <y>-2.8417</y>
         </point>
         <point>
            <x>197.0149</x>
            <y>-8.1782</y>
         </point>
      </leftBound>
      <rightBound>
         <point>
            <x>81.3691</x>
            <y>1.9386</y>
         </point>
         <point>
            <x>95.645</x>
            <y>1.2005</y>
         </point>
         <point>
            <x>113.95</x>
            <y>-0.43484</y>
         </point>
         <point>
            <x>139.78</x>
            <y>-3.8035</y>
         </point>
         <point>
            <x>159.3983</x>
            <y>-6.3421</y>
         </point>
         <point>
            <x>196.6374</x>
            <y>-11.7932</y>
         </point>
      </rightBound>
      <predecessor ref="49580"/>
      <predecessor ref="49592"/>
      <predecessor ref="49602"/>
      <adjacentLeft drivingDir="opposite" ref="49574"/>
      <speedLimit>14</speedLimit>
   </lanelet>
   <lanelet id="49574">
      <leftBound>
         <point>
            <x>197.0149</x>
            <y>-8.1782</y>
         </point>
         <point>
            <x>160.4353</x>
            <y>-2.8417</y>
         </point>
         <point>
            <x>140.4199</x>
            <y>0.19773</y>
         </point>
         <point>
            <x>114.7143</x>
            <y>3.5247</y>
         </point>
         <point>
            <x>95.0017</x>
            <y>5.3801</y>
         </point>
         <point>
            <x>82.3071</x>
            <y>6.68</y>
         </point>
      </leftBound>
      <rightBound>
         <point>
            <x>197.4864</x>
            <y>-4.4146</y>
         </point>
         <point>
            <x>161.0725</x>
            <y>0.61994</y>
         </point>
         <point>
            <x>140.9959</x>
            <y>3.8734</y>
         </point>
         <point>
            <x>115.0837</x>
            <y>7.3344</y>
         </point>
         <point>
            <x>95.5348</x>
            <y>9.4414</y>
         </point>
         <point>
            <x>83.1092</x>
            <y>10.9435</y>
         </point>
      </rightBound>
      <successor ref="49582"/>
      <successor ref="49590"/>
      <successor ref="49600"/>
      <adjacentLeft drivingDir="opposite" ref="49572"/>
      <speedLimit>14</speedLimit>
   </lanelet>
   <lanelet id="49576">
      <leftBound>
         <point>
            <x>68.0586</x>
            <y>19.29</y>
         </point>
         <point>
            <x>67.1791</x>
            <y>41.4953</y>
         </point>
         <point>
            <x>66.1654</x>
            <y>68.4507</y>
         </point>
         <point>
            <x>64.7516</x>
            <y>102.5033</y>
         </point>
         <point>
            <x>63.8774</x>
            <y>117.875</y>
         </point>
         <point>
            <x>63.2317</x>
            <y>129.3039</y>
         </point>
      </leftBound>
      <rightBound>
         <point>
            <x>71.4785</x>
            <y>19.7663</y>
         </point>
         <point>
            <x>70.33</x>
            <y>41.7676</y>
         </point>
         <point>
            <x>69.2236</x>
            <y>68.7955</y>
         </point>
         <point>
            <x>68.0279</x>
            <y>102.9586</y>
         </point>
         <point>
            <x>66.9929</x>
            <y>117.7096</y>
         </point>
         <point>
            <x>66.5153</x>
            <y>129.5975</y>
         </point>
      </rightBound>
      <predecessor ref="49582"/>
      <predecessor ref="49594"/>
      <predecessor ref="49598"/>
      <adjacentLeft drivingDir="opposite" ref="49578"/>
      <speedLimit>14</speedLimit>
   </lanelet>
   <lanelet id="49578">
      <leftBound>
         <point>
            <x>63.2317</x>
            <y>129.3039</y>
         </point>
         <point>
            <x>63.8774</x>
            <y>117.875</y>
         </point>
         <point>
            <x>64.7516</x>
            <y>102.5033</y>
         </point>
         <point>
            <x>66.1654</x>
            <y>68.4507</y>
         </point>
         <point>
            <x>67.1791</x>
            <y>41.4953</y>
         </point>
         <point>
            <x>68.0586</x>
            <y>19.29</y>
         </point>
      </leftBound>
      <rightBound>
         <point>
            <x>59.8344</x>
            <y>129.0613</y>
         </point>
         <point>
            <x>60.4458</x>
            <y>118.1275</y>
         </point>
         <point>
            <x>61.3818</x>
            <y>102.1444</y>
         </point>
         <point>
            <x>62.9663</x>
            <y>68.5231</y>
         </point>
         <point>
            <x>63.8723</x>
            <y>41.7288</y>
         </point>
         <point>
            <x>65.0366</x>
            <y>19.3859</y>
         </point>
      </rightBound>
      <successor ref="49584"/>
      <successor ref="49592"/>
      <successor ref="49596"/>
      <adjacentLeft drivingDir="opposite" ref="49576"/>
      <speedLimit>14</speedLimit>
   </lanelet>
   <lanelet id="49580">
      <leftBound>
         <point>
            <x>69.0323</x>
            <y>-9.008</y>
         </point>
         <point>
            <x>69.1107</x>
            <y>-7.089</y>
         </point>
         <point>
            <x>69.2074</x>
            <y>-6.0413</y>
         </point>
         <point>
            <x>69.2504</x>
            <y>-5.5751</y>
         </point>
         <point>
            <x>69.3153</x>
            <y>-4.888</y>
         </point>
         <point>
            <x>69.4177</x>
            <y>-3.8037</y>
         </point>
         <point>
            <x>69.4572</x>
            <y>-3.3852</y>
         </point>
         <point>
            <x>69.7767</x>
            <y>-1.9526</y>
         </point>
         <point>
            <x>69.8997</x>
            <y>-1.4008</y>
         </point>
         <point>
            <x>70.2324</x>
            <y>-0.44063</y>
         </point>
         <point>
            <x>70.3357</x>
            <y>-0.1425</y>
         </point>
         <point>
            <x>70.8249</x>
            <y>0.93116</y>
         </point>
         <point>
            <x>71.4366</x>
            <y>1.7635</y>
         </point>
         <point>
            <x>71.8873</x>
            <y>2.3766</y>
         </point>
         <point>
            <x>73.1603</x>
            <y>3.4626</y>
         </point>
         <point>
            <x>73.5311</x>
            <y>3.7142</y>
         </point>
         <point>
            <x>74.6095</x>
            <y>4.4456</y>
         </point>
         <point>
            <x>76.0047</x>
            <y>5.392</y>
         </point>
         <point>
            <x>76.9128</x>
            <y>5.6565</y>
         </point>
         <point>
            <x>78.8178</x>
            <y>6.2115</y>
         </point>
         <point>
            <x>82.3071</x>
            <y>6.68</y>
         </point>
      </leftBound>
      <rightBound>
         <point>
            <x>72.6124</x>
            <y>-9.5889</y>
         </point>
         <point>
            <x>72.8496</x>
            <y>-7.5171</y>
         </point>
         <point>
            <x>72.9787</x>
            <y>-6.3893</y>
         </point>
         <point>
            <x>73.0094</x>
            <y>-6.2064</y>
         </point>
         <point>
            <x>73.1697</x>
            <y>-5.2521</y>
         </point>
         <point>
            <x>73.3829</x>
            <y>-4.5042</y>
         </point>
         <point>
            <x>73.4734</x>
            <y>-4.1867</y>
         </point>
         <point>
            <x>73.9133</x>
            <y>-2.875</y>
         </point>
         <point>
            <x>73.9133</x>
            <y>-2.875</y>
         </point>
         <point>
            <x>74.2088</x>
            <y>-2.3585</y>
         </point>
         <point>
            <x>74.4666</x>
            <y>-1.9079</y>
         </point>
         <point>
            <x>74.7932</x>
            <y>-1.3362</y>
         </point>
         <point>
            <x>75.0477</x>
            <y>-0.89085</y>
         </point>
         <point>
            <x>75.2256</x>
            <y>-0.69774</y>
         </point>
         <point>
            <x>75.9731</x>
            <y>0.11395</y>
         </point>
         <point>
            <x>75.9731</x>
            <y>0.11395</y>
         </point>
         <point>
            <x>77.0698</x>
            <y>0.81833</y>
         </point>
         <point>
            <x>77.6387</x>
            <y>1.0315</y>
         </point>
         <point>
            <x>78.1991</x>
            <y>1.2415</y>
         </point>
         <point>
            <x>79.8317</x>
            <y>1.6005</y>
         </point>
         <point>
            <x>81.3691</x>
            <y>1.9386</y>
         </point>
      </rightBound>
      <predecessor ref="49570"/>
      <successor ref="49572"/>
      <adjacentLeft drivingDir="opposite" ref="49590"/>
      <speedLimit>14</speedLimit>
   </lanelet>
   <lanelet id="49582">
      <leftBound>
         <point>
            <x>82.3071</x>
            <y>6.68</y>
         </point>
         <point>
            <x>80.1763</x>
            <y>6.5844</y>
         </point>
         <point>
            <x>78.1672</x>
            <y>6.4943</y>
         </point>
         <point>
            <x>76.8946</x>
            <y>6.4372</y>
         </point>
         <point>
            <x>75.9608</x>
            <y>6.6059</y>
         </point>
         <point>
            <x>75.1703</x>
            <y>6.7487</y>
         </point>
         <point>
            <x>73.4672</x>
            <y>7.3494</y>
         </point>
         <point>
            <x>72.8226</x>
            <y>7.788</y>
         </point>
         <point>
            <x>71.3379</x>
            <y>8.7983</y>
         </point>
         <point>
            <x>70.8435</x>
            <y>9.3473</y>
         </point>
         <point>
            <x>69.8587</x>
            <y>10.4408</y>
         </point>
         <point>
            <x>69.263</x>
            <y>12.1658</y>
         </point>
         <point>
            <x>68.9545</x>
            <y>13.0592</y>
         </point>
         <point>
            <x>68.6964</x>
            <y>13.8066</y>
         </point>
         <point>
            <x>68.5408</x>
            <y>15.1442</y>
         </point>
         <point>
            <x>68.0586</x>
            <y>19.29</y>
         </point>
      </leftBound>
      <rightBound>
         <point>
            <x>83.1092</x>
            <y>10.9435</y>
         </point>
         <point>
            <x>79.9665</x>
            <y>11.2614</y>
         </point>
         <point>
            <x>77.9488</x>
            <y>11.3615</y>
         </point>
         <point>
            <x>77.9488</x>
            <y>11.3615</y>
         </point>
         <point>
            <x>76.8826</x>
            <y>11.7084</y>
         </point>
         <point>
            <x>76.8826</x>
            <y>11.7084</y>
         </point>
         <point>
            <x>75.7842</x>
            <y>12.1402</y>
         </point>
         <point>
            <x>75.7842</x>
            <y>12.1402</y>
         </point>
         <point>
            <x>74.7516</x>
            <y>12.867</y>
         </point>
         <point>
            <x>74.7516</x>
            <y>12.867</y>
         </point>
         <point>
            <x>73.8399</x>
            <y>13.7463</y>
         </point>
         <point>
            <x>73.5805</x>
            <y>14.0164</y>
         </point>
         <point>
            <x>73.1186</x>
            <y>14.4972</y>
         </point>
         <point>
            <x>72.5148</x>
            <y>15.6063</y>
         </point>
         <point>
            <x>72.5148</x>
            <y>15.6063</y>
         </point>
         <point>
            <x>71.4785</x>
            <y>19.7663</y>
         </point>
      </rightBound>
      <predecessor ref="49574"/>
      <successor ref="49576"/>
      <adjacentLeft drivingDir="opposite" ref="49592"/>
      <speedLimit>14</speedLimit>
   </lanelet>
   <lanelet id="49584">
      <leftBound>
         <point>
            <x>68.0586</x>
            <y>19.29</y>
         </point>
         <point>
            <x>68.1921</x>
            <y>16.4565</y>
         </point>
         <point>
            <x>68.2636</x>
            <y>14.9404</y>
         </point>
         <point>
            <x>68.0149</x>
            <y>13.1127</y>
         </point>
         <point>
            <x>67.7582</x>
            <y>12.105</y>
         </point>
         <point>
            <x>67.5778</x>
            <y>11.3965</y>
         </point>
         <point>
            <x>66.7824</x>
            <y>9.6744</y>
         </point>
         <point>
            <x>65.9892</x>
            <y>8.4499</y>
         </point>
         <point>
            <x>65.8006</x>
            <y>8.1586</y>
         </point>
         <point>
            <x>65.0463</x>
            <y>7.0081</y>
         </point>
         <point>
            <x>64.6591</x>
            <y>6.5059</y>
         </point>
         <point>
            <x>64.0447</x>
            <y>5.7089</y>
         </point>
         <point>
            <x>62.6565</x>
            <y>4.6857</y>
         </point>
         <point>
            <x>61.2252</x>
            <y>3.9538</y>
         </point>
         <point>
            <x>58.8527</x>
            <y>3.512</y>
         </point>
         <point>
            <x>58.6586</x>
            <y>3.4759</y>
         </point>
         <point>
            <x>55.2906</x>
            <y>2.9476</y>
         </point>
      </leftBound>
      <rightBound>
         <point>
            <x>65.0366</x>
            <y>19.3859</y>
         </point>
         <point>
            <x>64.3874</x>
            <y>16.2773</y>
         </point>
         <point>
            <x>64.3874</x>
            <y>16.2773</y>
         </point>
         <point>
            <x>64.3874</x>
            <y>16.2773</y>
         </point>
         <point>
            <x>63.1412</x>
            <y>13.281</y>
         </point>
         <point>
            <x>63.1412</x>
            <y>13.281</y>
         </point>
         <point>
            <x>63.1412</x>
            <y>13.281</y>
         </point>
         <point>
            <x>61.6916</x>
            <y>11.2337</y>
         </point>
         <point>
            <x>61.6916</x>
            <y>11.2337</y>
         </point>
         <point>
            <x>61.6916</x>
            <y>11.2337</y>
         </point>
         <point>
            <x>60.2864</x>
            <y>10.004</y>
         </point>
         <point>
            <x>60.2092</x>
            <y>9.9365</y>
         </point>
         <point>
            <x>59.9977</x>
            <y>9.8272</y>
         </point>
         <point>
            <x>58.5698</x>
            <y>9.0888</y>
         </point>
         <point>
            <x>57.8805</x>
            <y>8.7323</y>
         </point>
         <point>
            <x>56.6321</x>
            <y>8.1963</y>
         </point>
         <point>
            <x>55.8084</x>
            <y>7.8427</y>
         </point>
      </rightBound>
      <predecessor ref="49578"/>
      <successor ref="49566"/>
      <adjacentLeft drivingDir="opposite" ref="49594"/>
      <speedLimit>14</speedLimit>
   </lanelet>
   <lanelet id="49586">
      <leftBound>
         <point>
            <x>55.2906</x>
            <y>2.9476</y>
         </point>
         <point>
            <x>58.1875</x>
            <y>3.0935</y>
         </point>
         <point>
            <x>59.9004</x>
            <y>3.1798</y>
         </point>
         <point>
            <x>61.6853</x>
            <y>2.8701</y>
         </point>
         <point>
            <x>63.3049</x>
            <y>2.589</y>
         </point>
         <point>
            <x>64.3266</x>
            <y>2.0106</y>
         </point>
         <point>
            <x>66.1136</x>
            <y>0.999</y>
         </point>
         <point>
            <x>66.8107</x>
            <y>0.065961</y>
         </point>
         <point>
            <x>67.3512</x>
            <y>-0.6574</y>
         </point>
         <point>
            <x>67.824</x>
            <y>-1.2902</y>
         </point>
         <point>
            <x>68.4277</x>
            <y>-2.0982</y>
         </point>
         <point>
            <x>69.0444</x>
            <y>-4.9336</y>
         </point>
         <point>
            <x>69.0444</x>
            <y>-4.9336</y>
         </point>
         <point>
            <x>69.0444</x>
            <y>-4.9336</y>
         </point>
         <point>
            <x>69.0468</x>
            <y>-4.1185</y>
         </point>
         <point>
            <x>69.0323</x>
            <y>-9.008</y>
         </point>
      </leftBound>
      <rightBound>
         <point>
            <x>55.992</x>
            <y>-2.2592</y>
         </point>
         <point>
            <x>58.4521</x>
            <y>-2.1578</y>
         </point>
         <point>
            <x>59.6144</x>
            <y>-2.2194</y>
         </point>
         <point>
            <x>60.7914</x>
            <y>-2.2817</y>
         </point>
         <point>
            <x>61.8156</x>
            <y>-2.4248</y>
         </point>
         <point>
            <x>61.8156</x>
            <y>-2.4248</y>
         </point>
         <point>
            <x>62.8753</x>
            <y>-2.8745</y>
         </point>
         <point>
            <x>63.2037</x>
            <y>-3.1072</y>
         </point>
         <point>
            <x>63.6496</x>
            <y>-3.4232</y>
         </point>
         <point>
            <x>64.1423</x>
            <y>-4.0411</y>
         </point>
         <point>
            <x>64.3596</x>
            <y>-4.4217</y>
         </point>
         <point>
            <x>64.6445</x>
            <y>-4.9205</y>
         </point>
         <point>
            <x>65.0352</x>
            <y>-5.834</y>
         </point>
         <point>
            <x>65.0475</x>
            <y>-5.8628</y>
         </point>
         <point>
            <x>65.3026</x>
            <y>-6.8487</y>
         </point>
         <point>
            <x>65.5306</x>
            <y>-8.8577</y>
         </point>
      </rightBound>
      <predecessor ref="49564"/>
      <successor ref="49568"/>
      <adjacentLeft drivingDir="opposite" ref="49588"/>
      <speedLimit>14</speedLimit>
   </lanelet>
   <lanelet id="49588">
      <leftBound>
         <point>
            <x>69.0323</x>
            <y>-9.008</y>
         </point>
         <point>
            <x>69.0391</x>
            <y>-6.7267</y>
         </point>
         <point>
            <x>69.0468</x>
            <y>-4.1185</y>
         </point>
         <point>
            <x>69.0468</x>
            <y>-4.1185</y>
         </point>
         <point>
            <x>69.0468</x>
            <y>-4.1185</y>
         </point>
         <point>
            <x>68.4277</x>
            <y>-2.0982</y>
         </point>
         <point>
            <x>68.4277</x>
            <y>-2.0982</y>
         </point>
         <point>
            <x>68.4277</x>
            <y>-2.0982</y>
         </point>
         <point>
            <x>67.1285</x>
            <y>-0.35929</y>
         </point>
         <point>
            <x>66.14</x>
            <y>0.9637</y>
         </point>
         <point>
            <x>66.1136</x>
            <y>0.999</y>
         </point>
         <point>
            <x>66.1136</x>
            <y>0.999</y>
         </point>
         <point>
            <x>64.3934</x>
            <y>1.9729</y>
         </point>
         <point>
            <x>63.5286</x>
            <y>2.4624</y>
         </point>
         <point>
            <x>63.3049</x>
            <y>2.589</y>
         </point>
         <point>
            <x>63.3049</x>
            <y>2.589</y>
         </point>
         <point>
            <x>63.3049</x>
            <y>2.589</y>
         </point>
         <point>
            <x>61.5315</x>
            <y>2.8968</y>
         </point>
         <point>
            <x>60.3188</x>
            <y>3.1072</y>
         </point>
         <point>
            <x>59.9004</x>
            <y>3.1798</y>
         </point>
         <point>
            <x>58.9557</x>
            <y>3.1322</y>
         </point>
         <point>
            <x>55.2906</x>
            <y>2.9476</y>
         </point>
      </leftBound>
      <rightBound>
         <point>
            <x>72.6124</x>
            <y>-9.5889</y>
         </point>
         <point>
            <x>72.7161</x>
            <y>-6.7376</y>
         </point>
         <point>
            <x>72.7719</x>
            <y>-4.2004</y>
         </point>
         <point>
            <x>72.7817</x>
            <y>-3.7539</y>
         </point>
         <point>
            <x>72.5293</x>
            <y>-2.0918</y>
         </point>
         <point>
            <x>72.3121</x>
            <y>-1.1764</y>
         </point>
         <point>
            <x>72.1732</x>
            <y>-0.59117</y>
         </point>
         <point>
            <x>71.6705</x>
            <y>0.96208</y>
         </point>
         <point>
            <x>70.8696</x>
            <y>2.436</y>
         </point>
         <point>
            <x>69.875</x>
            <y>3.7545</y>
         </point>
         <point>
            <x>69.427</x>
            <y>4.2159</y>
         </point>
         <point>
            <x>68.5274</x>
            <y>5.1425</y>
         </point>
         <point>
            <x>67.0017</x>
            <y>6.5801</y>
         </point>
         <point>
            <x>66.7848</x>
            <y>6.7611</y>
         </point>
         <point>
            <x>66.226</x>
            <y>7.2271</y>
         </point>
         <point>
            <x>65.0196</x>
            <y>7.872</y>
         </point>
         <point>
            <x>63.4245</x>
            <y>8.4137</y>
         </point>
         <point>
            <x>62.519</x>
            <y>8.5877</y>
         </point>
         <point>
            <x>61.2816</x>
            <y>8.656</y>
         </point>
         <point>
            <x>59.4243</x>
            <y>8.4894</y>
         </point>
         <point>
            <x>58.6891</x>
            <y>8.4235</y>
         </point>
         <point>
            <x>55.8084</x>
            <y>7.8427</y>
         </point>
      </rightBound>
      <predecessor ref="49570"/>
      <successor ref="49566"/>
      <adjacentLeft drivingDir="opposite" ref="49586"/>
      <speedLimit>14</speedLimit>
   </lanelet>
   <lanelet id="49590">
      <leftBound>
         <point>
            <x>82.3071</x>
            <y>6.68</y>
         </point>
         <point>
            <x>78.8178</x>
            <y>6.2115</y>
         </point>
         <point>
            <x>76.0047</x>
            <y>5.392</y>
         </point>
         <point>
            <x>73.1603</x>
            <y>3.4626</y>
         </point>
         <point>
            <x>71.8873</x>
            <y>2.3766</y>
         </point>
         <point>
            <x>70.8249</x>
            <y>0.93116</y>
         </point>
         <point>
            <x>70.3357</x>
            <y>-0.1425</y>
         </point>
         <point>
            <x>69.8997</x>
            <y>-1.4008</y>
         </point>
         <point>
            <x>69.4572</x>
            <y>-3.3852</y>
         </point>
         <point>
            <x>69.2504</x>
            <y>-5.5751</y>
         </point>
         <point>
            <x>69.1107</x>
            <y>-7.089</y>
         </point>
         <point>
            <x>69.0323</x>
            <y>-9.008</y>
         </point>
      </leftBound>
      <rightBound>
         <point>
            <x>83.1092</x>
            <y>10.9435</y>
         </point>
         <point>
            <x>77.5745</x>
            <y>11.0987</y>
         </point>
         <point>
            <x>75.2345</x>
            <y>10.2471</y>
         </point>
         <point>
            <x>73.2847</x>
            <y>9.1922</y>
         </point>
         <point>
            <x>71.8542</x>
            <y>8.0976</y>
         </point>
         <point>
            <x>70.816</x>
            <y>7.0645</y>
         </point>
         <point>
            <x>68.2435</x>
            <y>3.8809</y>
         </point>
         <point>
            <x>66.7554</x>
            <y>1.6921</y>
         </point>
         <point>
            <x>66.2886</x>
            <y>0.58051</y>
         </point>
         <point>
            <x>65.8747</x>
            <y>-0.65969</y>
         </point>
         <point>
            <x>65.4383</x>
            <y>-4.8868</y>
         </point>
         <point>
            <x>65.5306</x>
            <y>-8.8577</y>
         </point>
      </rightBound>
      <predecessor ref="49574"/>
      <successor ref="49568"/>
      <adjacentLeft drivingDir="opposite" ref="49580"/>
      <speedLimit>14</speedLimit>
   </lanelet>
   <lanelet id="49592">
      <leftBound>
         <point>
            <x>68.0586</x>
            <y>19.29</y>
         </point>
         <point>
            <x>68.6964</x>
            <y>13.8066</y>
         </point>
         <point>
            <x>69.7682</x>
            <y>10.7029</y>
         </point>
         <point>
            <x>71.0007</x>
            <y>9.1728</y>
         </point>
         <point>
            <x>71.3379</x>
            <y>8.7983</y>
         </point>
         <point>
            <x>71.9314</x>
            <y>8.3945</y>
         </point>
         <point>
            <x>73.4672</x>
            <y>7.3494</y>
         </point>
         <point>
            <x>75.1703</x>
            <y>6.7487</y>
         </point>
         <point>
            <x>76.4536</x>
            <y>6.5169</y>
         </point>
         <point>
            <x>76.8946</x>
            <y>6.4372</y>
         </point>
         <point>
            <x>82.3071</x>
            <y>6.68</y>
         </point>
      </leftBound>
      <rightBound>
         <point>
            <x>65.0366</x>
            <y>19.3859</y>
         </point>
         <point>
            <x>65.3338</x>
            <y>13.6329</y>
         </point>
         <point>
            <x>65.7415</x>
            <y>9.9076</y>
         </point>
         <point>
            <x>67.6064</x>
            <y>6.1158</y>
         </point>
         <point>
            <x>68.2143</x>
            <y>5.5341</y>
         </point>
         <point>
            <x>69.2867</x>
            <y>4.5079</y>
         </point>
         <point>
            <x>71.1185</x>
            <y>3.2809</y>
         </point>
         <point>
            <x>73.7689</x>
            <y>2.2844</y>
         </point>
         <point>
            <x>75.5905</x>
            <y>1.7395</y>
         </point>
         <point>
            <x>76.6213</x>
            <y>1.6803</y>
         </point>
         <point>
            <x>81.3691</x>
            <y>1.9386</y>
         </point>
      </rightBound>
      <predecessor ref="49578"/>
      <successor ref="49572"/>
      <adjacentLeft drivingDir="opposite" ref="49582"/>
      <speedLimit>14</speedLimit>
   </lanelet>
   <lanelet id="49594">
      <leftBound>
         <point>
            <x>55.2906</x>
            <y>2.9476</y>
         </point>
         <point>
            <x>58.6586</x>
            <y>3.4759</y>
         </point>
         <point>
            <x>60.1885</x>
            <y>3.7608</y>
         </point>
         <point>
            <x>61.2252</x>
            <y>3.9538</y>
         </point>
         <point>
            <x>62.2839</x>
            <y>4.4952</y>
         </point>
         <point>
            <x>62.6565</x>
            <y>4.6857</y>
         </point>
         <point>
            <x>64.0447</x>
            <y>5.7089</y>
         </point>
         <point>
            <x>65.0463</x>
            <y>7.0081</y>
         </point>
         <point>
            <x>65.29</x>
            <y>7.3799</y>
         </point>
         <point>
            <x>65.8006</x>
            <y>8.1586</y>
         </point>
         <point>
            <x>66.01</x>
            <y>8.482</y>
         </point>
         <point>
            <x>66.7824</x>
            <y>9.6744</y>
         </point>
         <point>
            <x>67.5778</x>
            <y>11.3965</y>
         </point>
         <point>
            <x>67.9808</x>
            <y>12.9786</y>
         </point>
         <point>
            <x>68.0586</x>
            <y>19.29</y>
         </point>
      </leftBound>
      <rightBound>
         <point>
            <x>55.992</x>
            <y>-2.2592</y>
         </point>
         <point>
            <x>59.4716</x>
            <y>-1.7142</y>
         </point>
         <point>
            <x>61.1589</x>
            <y>-1.45</y>
         </point>
         <point>
            <x>62.9462</x>
            <y>-0.80335</y>
         </point>
         <point>
            <x>64.5838</x>
            <y>-0.0025617</y>
         </point>
         <point>
            <x>65.7785</x>
            <y>0.86752</y>
         </point>
         <point>
            <x>67.4626</x>
            <y>2.966</y>
         </point>
         <point>
            <x>68.4681</x>
            <y>4.1976</y>
         </point>
         <point>
            <x>69.0546</x>
            <y>4.9117</y>
         </point>
         <point>
            <x>69.5187</x>
            <y>5.5811</y>
         </point>
         <point>
            <x>69.8192</x>
            <y>6.0146</y>
         </point>
         <point>
            <x>70.5954</x>
            <y>7.3775</y>
         </point>
         <point>
            <x>71.5135</x>
            <y>9.6137</y>
         </point>
         <point>
            <x>71.8564</x>
            <y>11.9915</y>
         </point>
         <point>
            <x>71.4785</x>
            <y>19.7663</y>
         </point>
      </rightBound>
      <predecessor ref="49564"/>
      <successor ref="49576"/>
      <adjacentLeft drivingDir="opposite" ref="49584"/>
      <speedLimit>14</speedLimit>
   </lanelet>
   <lanelet id="49596">
      <leftBound>
         <point>
            <x>68.0586</x>
            <y>19.29</y>
         </point>
         <point>
            <x>68.4786</x>
            <y>15.424</y>
         </point>
         <point>
            <x>69.2935</x>
            <y>4.9724</y>
         </point>
         <point>
            <x>69.1604</x>
            <y>-3.9568</y>
         </point>
         <point>
            <x>69.0323</x>
            <y>-9.008</y>
         </point>
      </leftBound>
      <rightBound>
         <point>
            <x>65.0366</x>
            <y>19.3859</y>
         </point>
         <point>
            <x>65.0205</x>
            <y>14.5292</y>
         </point>
         <point>
            <x>65.299</x>
            <y>4.8641</y>
         </point>
         <point>
            <x>65.1984</x>
            <y>-2.9694</y>
         </point>
         <point>
            <x>65.5306</x>
            <y>-8.8577</y>
         </point>
      </rightBound>
      <predecessor ref="49578"/>
      <successor ref="49568"/>
      <adjacentLeft drivingDir="opposite" ref="49598"/>
      <speedLimit>14</speedLimit>
   </lanelet>
   <lanelet id="49598">
      <leftBound>
         <point>
            <x>69.0323</x>
            <y>-9.008</y>
         </point>
         <point>
            <x>69.1604</x>
            <y>-3.9568</y>
         </point>
         <point>
            <x>69.2935</x>
            <y>4.9724</y>
         </point>
         <point>
            <x>68.4786</x>
            <y>15.424</y>
         </point>
         <point>
            <x>68.0586</x>
            <y>19.29</y>
         </point>
      </leftBound>
      <rightBound>
         <point>
            <x>72.6124</x>
            <y>-9.5889</y>
         </point>
         <point>
            <x>73.1643</x>
            <y>-2.5341</y>
         </point>
         <point>
            <x>72.962</x>
            <y>4.8832</y>
         </point>
         <point>
            <x>72.03</x>
            <y>15.46</y>
         </point>
         <point>
            <x>71.4785</x>
            <y>19.7663</y>
         </point>
      </rightBound>
      <predecessor ref="49570"/>
      <successor ref="49576"/>
      <adjacentLeft drivingDir="opposite" ref="49596"/>
      <speedLimit>14</speedLimit>
   </lanelet>
   <lanelet id="49600">
      <leftBound>
         <point>
            <x>82.3071</x>
            <y>6.68</y>
         </point>
         <point>
            <x>79.5656</x>
            <y>6.4834</y>
         </point>
         <point>
            <x>77.4228</x>
            <y>6.2959</y>
         </point>
         <point>
            <x>75.8435</x>
            <y>6.1576</y>
         </point>
         <point>
            <x>71.4133</x>
            <y>5.3506</y>
         </point>
         <point>
            <x>70.325</x>
            <y>5.1524</y>
         </point>
         <point>
            <x>64.6793</x>
            <y>4.3244</y>
         </point>
         <point>
            <x>60.8416</x>
            <y>3.7616</y>
         </point>
         <point>
            <x>55.2906</x>
            <y>2.9476</y>
         </point>
      </leftBound>
      <rightBound>
         <point>
            <x>83.1092</x>
            <y>10.9435</y>
         </point>
         <point>
            <x>79.8567</x>
            <y>11.1465</y>
         </point>
         <point>
            <x>76.9825</x>
            <y>11.326</y>
         </point>
         <point>
            <x>75.8344</x>
            <y>11.3239</y>
         </point>
         <point>
            <x>70.327</x>
            <y>11.3143</y>
         </point>
         <point>
            <x>69.4108</x>
            <y>11.1752</y>
         </point>
         <point>
            <x>63.7995</x>
            <y>10.3235</y>
         </point>
         <point>
            <x>60.0154</x>
            <y>9.3954</y>
         </point>
         <point>
            <x>55.8084</x>
            <y>7.8427</y>
         </point>
      </rightBound>
      <predecessor ref="49574"/>
      <successor ref="49566"/>
      <adjacentLeft drivingDir="opposite" ref="49602"/>
      <speedLimit>14</speedLimit>
   </lanelet>
   <lanelet id="49602">
      <leftBound>
         <point>
            <x>55.2906</x>
            <y>2.9476</y>
         </point>
         <point>
            <x>60.3888</x>
            <y>3.6952</y>
         </point>
         <point>
            <x>64.6772</x>
            <y>4.3241</y>
         </point>
         <point>
            <x>70.325</x>
            <y>5.1524</y>
         </point>
         <point>
            <x>74.8686</x>
            <y>5.9801</y>
         </point>
         <point>
            <x>75.8435</x>
            <y>6.1576</y>
         </point>
         <point>
            <x>79.5656</x>
            <y>6.4834</y>
         </point>
         <point>
            <x>82.3071</x>
            <y>6.68</y>
         </point>
      </leftBound>
      <rightBound>
         <point>
            <x>55.992</x>
            <y>-2.2592</y>
         </point>
         <point>
            <x>61.1942</x>
            <y>-1.7969</y>
         </point>
         <point>
            <x>65.4916</x>
            <y>-1.2293</y>
         </point>
         <point>
            <x>71.2923</x>
            <y>-0.4769</y>
         </point>
         <point>
            <x>75.816</x>
            <y>0.77925</y>
         </point>
         <point>
            <x>76.9183</x>
            <y>1.0094</y>
         </point>
         <point>
            <x>80.5501</x>
            <y>1.7676</y>
         </point>
         <point>
            <x>81.3691</x>
            <y>1.9386</y>
         </point>
      </rightBound>
      <predecessor ref="49564"/>
      <successor ref="49572"/>
      <adjacentLeft drivingDir="opposite" ref="49600"/>
      <speedLimit>14</speedLimit>
   </lanelet>
   <obstacle id="203">
      <role>dynamic</role>
      <type>car</type>
      <shape>
         <rectangle>
            <length>4.8</length>
            <width>2</width>
         </rectangle>
      </shape>
      <trajectory>
         <state>
            <position>
               <point>
                  <x>64.6513</x>
                  <y>70.0195</y>
               </point>
            </position>
            <orientation>
               <exact>-1.5499</exact>
            </orientation>
            <time>
               <exact>0</exact>
            </time>
            <velocity>
               <exact>14</exact>
            </velocity>
         </state>
         <state>
            <position>
               <point>
                  <x>64.5599</x>
                  <y>68.6217</y>
               </point>
            </position>
            <orientation>
               <exact>-1.5265</exact>
            </orientation>
            <time>
               <exact>0.1</exact>
            </time>
            <velocity>
               <exact>14</exact>
            </velocity>
         </state>
         <state>
            <position>
               <point>
                  <x>64.611</x>
                  <y>67.2227</y>
               </point>
            </position>
            <orientation>
               <exact>-1.5351</exact>
            </orientation>
            <time>
               <exact>0.2</exact>
            </time>
            <velocity>
               <exact>14</exact>
            </velocity>
         </state>
         <state>
            <position>
               <point>
                  <x>64.661</x>
                  <y>65.8236</y>
               </point>
            </position>
            <orientation>
               <exact>-1.5351</exact>
            </orientation>
            <time>
               <exact>0.3</exact>
            </time>
            <velocity>
               <exact>14</exact>
            </velocity>
         </state>
         <state>
            <position>
               <point>
                  <x>64.7109</x>
                  <y>64.4245</y>
               </point>
            </position>
            <orientation>
               <exact>-1.5351</exact>
            </orientation>
            <time>
               <exact>0.4</exact>
            </time>
            <velocity>
               <exact>14</exact>
            </velocity>
         </state>
         <state>
            <position>
               <point>
                  <x>64.7609</x>
                  <y>63.0254</y>
               </point>
            </position>
            <orientation>
               <exact>-1.5351</exact>
            </orientation>
            <time>
               <exact>0.5</exact>
            </time>
            <velocity>
               <exact>14</exact>
            </velocity>
         </state>
         <state>
            <position>
               <point>
                  <x>64.8109</x>
                  <y>61.6263</y>
               </point>
            </position>
            <orientation>
               <exact>-1.5351</exact>
            </orientation>
            <time>
               <exact>0.6</exact>
            </time>
            <velocity>
               <exact>14</exact>
            </velocity>
         </state>
         <state>
            <position>
               <point>
                  <x>64.8609</x>
                  <y>60.2271</y>
               </point>
            </position>
            <orientation>
               <exact>-1.5351</exact>
            </orientation>
            <time>
               <exact>0.7</exact>
            </time>
            <velocity>
               <exact>14</exact>
            </velocity>
         </state>
         <state>
            <position>
               <point>
                  <x>64.9108</x>
                  <y>58.828</y>
               </point>
            </position>
            <orientation>
               <exact>-1.5351</exact>
            </orientation>
            <time>
               <exact>0.8</exact>
            </time>
            <velocity>
               <exact>14</exact>
            </velocity>
         </state>
         <state>
            <position>
               <point>
                  <x>64.9608</x>
                  <y>57.4289</y>
               </point>
            </position>
            <orientation>
               <exact>-1.5351</exact>
            </orientation>
            <time>
               <exact>0.9</exact>
            </time>
            <velocity>
               <exact>14</exact>
            </velocity>
         </state>
         <state>
            <position>
               <point>
                  <x>65.0108</x>
                  <y>56.0298</y>
               </point>
            </position>
            <orientation>
               <exact>-1.5351</exact>
            </orientation>
            <time>
               <exact>1</exact>
            </time>
            <velocity>
               <exact>14</exact>
            </velocity>
         </state>
         <state>
            <position>
               <point>
                  <x>65.0607</x>
                  <y>54.6307</y>
               </point>
            </position>
            <orientation>
               <exact>-1.5351</exact>
            </orientation>
            <time>
               <exact>1.1</exact>
            </time>
            <velocity>
               <exact>14</exact>
            </velocity>
         </state>
         <state>
            <position>
               <point>
                  <x>65.1107</x>
                  <y>53.2316</y>
               </point>
            </position>
            <orientation>
               <exact>-1.5351</exact>
            </orientation>
            <time>
               <exact>1.2</exact>
            </time>
            <velocity>
               <exact>14</exact>
            </velocity>
         </state>
         <state>
            <position>
               <point>
                  <x>65.1607</x>
                  <y>51.8325</y>
               </point>
            </position>
            <orientation>
               <exact>-1.5351</exact>
            </orientation>
            <time>
               <exact>1.3</exact>
            </time>
            <velocity>
               <exact>14</exact>
            </velocity>
         </state>
         <state>
            <position>
               <point>
                  <x>65.2106</x>
                  <y>50.4334</y>
               </point>
            </position>
            <orientation>
               <exact>-1.5351</exact>
            </orientation>
            <time>
               <exact>1.4</exact>
            </time>
            <velocity>
               <exact>14</exact>
            </velocity>
         </state>
         <state>
            <position>
               <point>
                  <x>65.2606</x>
                  <y>49.0343</y>
               </point>
            </position>
            <orientation>
               <exact>-1.5351</exact>
            </orientation>
            <time>
               <exact>1.5</exact>
            </time>
            <velocity>
               <exact>14</exact>
            </velocity>
         </state>
         <state>
            <position>
               <point>
                  <x>65.3106</x>
                  <y>47.6352</y>
               </point>
            </position>
            <orientation>
               <exact>-1.5351</exact>
            </orientation>
            <time>
               <exact>1.6</exact>
            </time>
            <velocity>
               <exact>14</exact>
            </velocity>
         </state>
         <state>
            <position>
               <point>
                  <x>65.3606</x>
                  <y>46.2361</y>
               </point>
            </position>
            <orientation>
               <exact>-1.5351</exact>
            </orientation>
            <time>
               <exact>1.7</exact>
            </time>
            <velocity>
               <exact>14</exact>
            </velocity>
         </state>
         <state>
            <position>
               <point>
                  <x>65.4105</x>
                  <y>44.837</y>
               </point>
            </position>
            <orientation>
               <exact>-1.5351</exact>
            </orientation>
            <time>
               <exact>1.8</exact>
            </time>
            <velocity>
               <exact>14</exact>
            </velocity>
         </state>
         <state>
            <position>
               <point>
                  <x>65.4605</x>
                  <y>43.4378</y>
               </point>
            </position>
            <orientation>
               <exact>-1.5351</exact>
            </orientation>
            <time>
               <exact>1.9</exact>
            </time>
            <velocity>
               <exact>14</exact>
            </velocity>
         </state>
         <state>
            <position>
               <point>
                  <x>65.5105</x>
                  <y>42.0387</y>
               </point>
            </position>
            <orientation>
               <exact>-1.5351</exact>
            </orientation>
            <time>
               <exact>2</exact>
            </time>
            <velocity>
               <exact>14</exact>
            </velocity>
         </state>
         <state>
            <position>
               <point>
                  <x>65.5703</x>
                  <y>40.64</y>
               </point>
            </position>
            <orientation>
               <exact>-1.525</exact>
            </orientation>
            <time>
               <exact>2.1</exact>
            </time>
            <velocity>
               <exact>14</exact>
            </velocity>
         </state>
         <state>
            <position>
               <point>
                  <x>65.6345</x>
                  <y>39.2415</y>
               </point>
            </position>
            <orientation>
               <exact>-1.525</exact>
            </orientation>
            <time>
               <exact>2.2</exact>
            </time>
            <velocity>
               <exact>14</exact>
            </velocity>
         </state>
         <state>
            <position>
               <point>
                  <x>65.6986</x>
                  <y>37.843</y>
               </point>
            </position>
            <orientation>
               <exact>-1.525</exact>
            </orientation>
            <time>
               <exact>2.3</exact>
            </time>
            <velocity>
               <exact>14</exact>
            </velocity>
         </state>
         <state>
            <position>
               <point>
                  <x>65.7628</x>
                  <y>36.4444</y>
               </point>
            </position>
            <orientation>
               <exact>-1.525</exact>
            </orientation>
            <time>
               <exact>2.4</exact>
            </time>
            <velocity>
               <exact>14</exact>
            </velocity>
         </state>
         <state>
            <position>
               <point>
                  <x>65.8269</x>
                  <y>35.0459</y>
               </point>
            </position>
            <orientation>
               <exact>-1.525</exact>
            </orientation>
            <time>
               <exact>2.5</exact>
            </time>
            <velocity>
               <exact>14</exact>
            </velocity>
         </state>
         <state>
            <position>
               <point>
                  <x>65.8911</x>
                  <y>33.6474</y>
               </point>
            </position>
            <orientation>
               <exact>-1.525</exact>
            </orientation>
            <time>
               <exact>2.6</exact>
            </time>
            <velocity>
               <exact>14</exact>
            </velocity>
         </state>
         <state>
            <position>
               <point>
                  <x>65.9553</x>
                  <y>32.2489</y>
               </point>
            </position>
            <orientation>
               <exact>-1.525</exact>
            </orientation>
            <time>
               <exact>2.7</exact>
            </time>
            <velocity>
               <exact>14</exact>
            </velocity>
         </state>
         <state>
            <position>
               <point>
                  <x>66.0194</x>
                  <y>30.8503</y>
               </point>
            </position>
            <orientation>
               <exact>-1.525</exact>
            </orientation>
            <time>
               <exact>2.8</exact>
            </time>
            <velocity>
               <exact>14</exact>
            </velocity>
         </state>
         <state>
            <position>
               <point>
                  <x>66.0836</x>
                  <y>29.4518</y>
               </point>
            </position>
            <orientation>
               <exact>-1.525</exact>
            </orientation>
            <time>
               <exact>2.9</exact>
            </time>
            <velocity>
               <exact>14</exact>
            </velocity>
         </state>
         <state>
            <position>
               <point>
                  <x>66.1478</x>
                  <y>28.0533</y>
               </point>
            </position>
            <orientation>
               <exact>-1.525</exact>
            </orientation>
            <time>
               <exact>3</exact>
            </time>
            <velocity>
               <exact>14</exact>
            </velocity>
         </state>
         <state>
            <position>
               <point>
                  <x>66.2119</x>
                  <y>26.6547</y>
               </point>
            </position>
            <orientation>
               <exact>-1.525</exact>
            </orientation>
            <time>
               <exact>3.1</exact>
            </time>
            <velocity>
               <exact>14</exact>
            </velocity>
         </state>
         <state>
            <position>
               <point>
                  <x>66.2761</x>
                  <y>25.2562</y>
               </point>
            </position>
            <orientation>
               <exact>-1.525</exact>
            </orientation>
            <time>
               <exact>3.2</exact>
            </time>
            <velocity>
               <exact>14</exact>
            </velocity>
         </state>
         <state>
            <position>
               <point>
                  <x>66.3402</x>
                  <y>23.8577</y>
               </point>
            </position>
            <orientation>
               <exact>-1.525</exact>
            </orientation>
            <time>
               <exact>3.3</exact>
            </time>
            <velocity>
               <exact>14</exact>
            </velocity>
         </state>
         <state>
            <position>
               <point>
                  <x>66.4044</x>
                  <y>22.4592</y>
               </point>
            </position>
            <orientation>
               <exact>-1.525</exact>
            </orientation>
            <time>
               <exact>3.4</exact>
            </time>
            <velocity>
               <exact>14</exact>
            </velocity>
         </state>
         <state>
            <position>
               <point>
                  <x>66.4686</x>
                  <y>21.0606</y>
               </point>
            </position>
            <orientation>
               <exact>-1.525</exact>
            </orientation>
            <time>
               <exact>3.5</exact>
            </time>
            <velocity>
               <exact>14</exact>
            </velocity>
         </state>
         <state>
            <position>
               <point>
                  <x>66.5327</x>
                  <y>19.6621</y>
               </point>
            </position>
            <orientation>
               <exact>-1.525</exact>
            </orientation>
            <time>
               <exact>3.6</exact>
            </time>
            <velocity>
               <exact>14</exact>
            </velocity>
         </state>
         <state>
            <position>
               <point>
                  <x>66.5973</x>
                  <y>18.2636</y>
               </point>
            </position>
            <orientation>
               <exact>-1.5245</exact>
            </orientation>
            <time>
               <exact>3.7</exact>
            </time>
            <velocity>
               <exact>14</exact>
            </velocity>
         </state>
         <state>
            <position>
               <point>
                  <x>66.6621</x>
                  <y>16.8651</y>
               </point>
            </position>
            <orientation>
               <exact>-1.5245</exact>
            </orientation>
            <time>
               <exact>3.8</exact>
            </time>
            <velocity>
               <exact>14</exact>
            </velocity>
         </state>
         <state>
            <position>
               <point>
                  <x>66.7268</x>
                  <y>15.4666</y>
               </point>
            </position>
            <orientation>
               <exact>-1.5245</exact>
            </orientation>
            <time>
               <exact>3.9</exact>
            </time>
            <velocity>
               <exact>14</exact>
            </velocity>
         </state>
         <state>
            <position>
               <point>
                  <x>66.7989</x>
                  <y>14.0685</y>
               </point>
            </position>
            <orientation>
               <exact>-1.5165</exact>
            </orientation>
            <time>
               <exact>4</exact>
            </time>
            <velocity>
               <exact>14</exact>
            </velocity>
         </state>
         <state>
            <position>
               <point>
                  <x>66.8749</x>
                  <y>12.6705</y>
               </point>
            </position>
            <orientation>
               <exact>-1.5165</exact>
            </orientation>
            <time>
               <exact>4.1</exact>
            </time>
            <velocity>
               <exact>14</exact>
            </velocity>
         </state>
         <state>
            <position>
               <point>
                  <x>66.9508</x>
                  <y>11.2726</y>
               </point>
            </position>
            <orientation>
               <exact>-1.5165</exact>
            </orientation>
            <time>
               <exact>4.2</exact>
            </time>
            <velocity>
               <exact>14</exact>
            </velocity>
         </state>
         <state>
            <position>
               <point>
                  <x>67.0268</x>
                  <y>9.8746</y>
               </point>
            </position>
            <orientation>
               <exact>-1.5165</exact>
            </orientation>
            <time>
               <exact>4.3</exact>
            </time>
            <velocity>
               <exact>14</exact>
            </velocity>
         </state>
         <state>
            <position>
               <point>
                  <x>67.1028</x>
                  <y>8.4767</y>
               </point>
            </position>
            <orientation>
               <exact>-1.5165</exact>
            </orientation>
            <time>
               <exact>4.4</exact>
            </time>
            <velocity>
               <exact>14</exact>
            </velocity>
         </state>
         <state>
            <position>
               <point>
                  <x>67.1788</x>
                  <y>7.0788</y>
               </point>
            </position>
            <orientation>
               <exact>-1.5165</exact>
            </orientation>
            <time>
               <exact>4.5</exact>
            </time>
            <velocity>
               <exact>14</exact>
            </velocity>
         </state>
         <state>
            <position>
               <point>
                  <x>67.2548</x>
                  <y>5.6808</y>
               </point>
            </position>
            <orientation>
               <exact>-1.5165</exact>
            </orientation>
            <time>
               <exact>4.6</exact>
            </time>
            <velocity>
               <exact>14</exact>
            </velocity>
         </state>
         <state>
            <position>
               <point>
                  <x>67.2873</x>
                  <y>4.282</y>
               </point>
            </position>
            <orientation>
               <exact>-1.5847</exact>
            </orientation>
            <time>
               <exact>4.7</exact>
            </time>
            <velocity>
               <exact>14</exact>
            </velocity>
         </state>
         <state>
            <position>
               <point>
                  <x>67.2678</x>
                  <y>2.8822</y>
               </point>
            </position>
            <orientation>
               <exact>-1.5847</exact>
            </orientation>
            <time>
               <exact>4.8</exact>
            </time>
            <velocity>
               <exact>14</exact>
            </velocity>
         </state>
         <state>
            <position>
               <point>
                  <x>67.2483</x>
                  <y>1.4823</y>
               </point>
            </position>
            <orientation>
               <exact>-1.5847</exact>
            </orientation>
            <time>
               <exact>4.9</exact>
            </time>
            <velocity>
               <exact>14</exact>
            </velocity>
         </state>
         <state>
            <position>
               <point>
                  <x>67.2288</x>
                  <y>0.08243</y>
               </point>
            </position>
            <orientation>
               <exact>-1.5847</exact>
            </orientation>
            <time>
               <exact>5</exact>
            </time>
            <velocity>
               <exact>14</exact>
            </velocity>
         </state>
      </trajectory>
   </obstacle>
   <planningProblem id="800">
      <initialState>
         <position>
            <point>
               <x>0</x>
               <y>0</y>
            </point>
         </position>
         <velocity>
            <exact>14</exact>
         </velocity>
         <orientation>
            <exact>0</exact>
         </orientation>
         <yawRate>
            <exact>0</exact>
         </yawRate>
         <slipAngle>
            <exact>0</exact>
         </slipAngle>
         <time>
            <exact>0</exact>
         </time>
      </initialState>
      <goalRegion>
         <state>
            <position>
               <rectangle>
                  <length>19.6448</length>
                  <width>3.929</width>
                  <orientation>0.1372</orientation>
                  <center>
                     <x>67</x>
                     <y>2</y>
                  </center>
               </rectangle>
            </position>
            <orientation>
               <intervalStart>-0.5236</intervalStart>
               <intervalEnd>0.5236</intervalEnd>
            </orientation>
            <time>
               <intervalStart>0</intervalStart>
               <intervalEnd>5</intervalEnd>
            </time>
         </state>
      </goalRegion>
   </planningProblem>
</commonRoad>