<?xml version="1.0" encoding="utf-8"?>
<commonRoad benchmarkID="GER_B471_1a" commonRoadVersion="2017a" date="2017-10-02" timeStepSize="0.1">
   <lanelet id="38797">
      <leftBound>
         <point>
            <x>-332.8393</x>
            <y>-214.0719</y>
         </point>
         <point>
            <x>-308.0186</x>
            <y>-190.0767</y>
         </point>
         <point>
            <x>-283.4493</x>
            <y>-166.9338</y>
         </point>
         <point>
            <x>-283.0515</x>
            <y>-166.5592</y>
         </point>
         <point>
            <x>-256.3619</x>
            <y>-143.6449</y>
         </point>
         <point>
            <x>-203.9733</x>
            <y>-103.6137</y>
         </point>
         <point>
            <x>-179.8693</x>
            <y>-87.1187</y>
         </point>
         <point>
            <x>-179.4024</x>
            <y>-86.7994</y>
         </point>
         <point>
            <x>-162.363</x>
            <y>-76.1195</y>
         </point>
         <point>
            <x>-145.0361</x>
            <y>-65.8632</y>
         </point>
         <point>
            <x>-102.7072</x>
            <y>-42.5386</y>
         </point>
         <point>
            <x>-102.1277</x>
            <y>-42.2193</y>
         </point>
         <point>
            <x>-52.5395</x>
            <y>-18.5225</y>
         </point>
         <point>
            <x>-22.0334</x>
            <y>-6.2601</y>
         </point>
         <point>
            <x>36.6255</x>
            <y>15.9685</y>
         </point>
         <point>
            <x>37.1241</x>
            <y>16.1575</y>
         </point>
         <point>
            <x>76.255</x>
            <y>31.7067</y>
         </point>
         <point>
            <x>114.9001</x>
            <y>48.9792</y>
         </point>
         <point>
            <x>159.2324</x>
            <y>68.9774</y>
         </point>
         <point>
            <x>211.8745</x>
            <y>91.7815</y>
         </point>
         <point>
            <x>212.2367</x>
            <y>91.9384</y>
         </point>
         <point>
            <x>288.5056</x>
            <y>123.3924</y>
         </point>
         <point>
            <x>346.2286</x>
            <y>145.7698</y>
         </point>
         <point>
            <x>388.4189</x>
            <y>160.8616</y>
         </point>
         <point>
            <x>494.1223</x>
            <y>196.07</y>
         </point>
         <point>
            <x>494.4504</x>
            <y>196.1793</y>
         </point>
         <point>
            <x>575.3589</x>
            <y>220.3824</y>
         </point>
         <point>
            <x>656.6823</x>
            <y>242.6548</y>
         </point>
         <point>
            <x>725.0929</x>
            <y>259.7668</y>
         </point>
         <point>
            <x>766.1561</x>
            <y>269.3243</y>
         </point>
         <point>
            <x>807.3085</x>
            <y>278.9026</y>
         </point>
         <point>
            <x>880.6205</x>
            <y>294.9363</y>
         </point>
         <point>
            <x>935.0145</x>
            <y>305.6047</y>
         </point>
         <point>
            <x>978.7864</x>
            <y>313.9328</y>
         </point>
         <point>
            <x>1024.2989</x>
            <y>321.4687</y>
         </point>
         <point>
            <x>1069.7262</x>
            <y>328.2827</y>
         </point>
         <point>
            <x>1156.4885</x>
            <y>339.0493</y>
         </point>
         <point>
            <x>1194.7655</x>
            <y>343.1251</y>
         </point>
         <point>
            <x>1265.8362</x>
            <y>348.479</y>
         </point>
         <point>
            <x>1313.2253</x>
            <y>351.4449</y>
         </point>
         <point>
            <x>1313.7295</x>
            <y>351.4639</y>
         </point>
         <point>
            <x>1371.0287</x>
            <y>353.6182</y>
         </point>
         <point>
            <x>1438.1347</x>
            <y>354.7271</y>
         </point>
         <point>
            <x>1475.6825</x>
            <y>355.0599</y>
         </point>
         <point>
            <x>1512.9221</x>
            <y>355.031</y>
         </point>
      </leftBound>
      <rightBound>
         <point>
            <x>-330.1504</x>
            <y>-216.7931</y>
         </point>
         <point>
            <x>-305.5853</x>
            <y>-192.5937</y>
         </point>
         <point>
            <x>-280.7244</x>
            <y>-169.8272</y>
         </point>
         <point>
            <x>-280.43</x>
            <y>-169.5709</y>
         </point>
         <point>
            <x>-253.917</x>
            <y>-146.4926</y>
         </point>
         <point>
            <x>-201.5353</x>
            <y>-106.806</y>
         </point>
         <point>
            <x>-177.7033</x>
            <y>-90.2861</y>
         </point>
         <point>
            <x>-177.31</x>
            <y>-90.0315</y>
         </point>
         <point>
            <x>-160.4747</x>
            <y>-79.1323</y>
         </point>
         <point>
            <x>-143.2909</x>
            <y>-68.8125</y>
         </point>
         <point>
            <x>-100.8611</x>
            <y>-45.8896</y>
         </point>
         <point>
            <x>-100.4741</x>
            <y>-45.706</y>
         </point>
         <point>
            <x>-50.9167</x>
            <y>-22.2024</y>
         </point>
         <point>
            <x>-20.6512</x>
            <y>-9.6834</y>
         </point>
         <point>
            <x>37.995</x>
            <y>12.3545</y>
         </point>
         <point>
            <x>38.5495</x>
            <y>12.5751</y>
         </point>
         <point>
            <x>77.6719</x>
            <y>28.141</y>
         </point>
         <point>
            <x>116.3995</x>
            <y>45.6262</y>
         </point>
         <point>
            <x>160.7866</x>
            <y>65.5322</y>
         </point>
         <point>
            <x>213.3204</x>
            <y>88.4433</y>
         </point>
         <point>
            <x>213.6274</x>
            <y>88.57</y>
         </point>
         <point>
            <x>289.883</x>
            <y>120.0524</y>
         </point>
         <point>
            <x>347.6839</x>
            <y>142.0151</y>
         </point>
         <point>
            <x>389.7218</x>
            <y>157.2712</y>
         </point>
         <point>
            <x>495.2515</x>
            <y>192.6799</y>
         </point>
         <point>
            <x>495.4692</x>
            <y>192.7444</y>
         </point>
         <point>
            <x>576.4338</x>
            <y>216.7584</y>
         </point>
         <point>
            <x>657.6365</x>
            <y>239.1706</y>
         </point>
         <point>
            <x>726.038</x>
            <y>255.8842</y>
         </point>
         <point>
            <x>766.9841</x>
            <y>265.7667</y>
         </point>
         <point>
            <x>808.1437</x>
            <y>275.3143</y>
         </point>
         <point>
            <x>881.4265</x>
            <y>291.2503</y>
         </point>
         <point>
            <x>935.7832</x>
            <y>301.6836</y>
         </point>
         <point>
            <x>979.4805</x>
            <y>310.172</y>
         </point>
         <point>
            <x>1024.8858</x>
            <y>317.9236</y>
         </point>
         <point>
            <x>1070.2682</x>
            <y>324.6681</y>
         </point>
         <point>
            <x>1156.9558</x>
            <y>335.2057</y>
         </point>
         <point>
            <x>1195.1728</x>
            <y>339.3007</y>
         </point>
         <point>
            <x>1266.1235</x>
            <y>344.7123</y>
         </point>
         <point>
            <x>1313.4611</x>
            <y>347.6777</y>
         </point>
         <point>
            <x>1313.8708</x>
            <y>347.7033</y>
         </point>
         <point>
            <x>1371.1788</x>
            <y>349.626</y>
         </point>
         <point>
            <x>1438.2077</x>
            <y>350.9067</y>
         </point>
         <point>
            <x>1475.7182</x>
            <y>351.0349</y>
         </point>
         <point>
            <x>1512.9781</x>
            <y>349.9437</y>
         </point>
      </rightBound>
      <adjacentLeft drivingDir="opposite" ref="38799"/>
      <speedLimit>28</speedLimit>
   </lanelet>
   <lanelet id="38799">
      <leftBound>
         <point>
            <x>1512.9221</x>
            <y>355.031</y>
         </point>
         <point>
            <x>1475.768</x>
            <y>355.0607</y>
         </point>
         <point>
            <x>1438.1347</x>
            <y>354.7271</y>
         </point>
         <point>
            <x>1371.0858</x>
            <y>353.6203</y>
         </point>
         <point>
            <x>1313.2253</x>
            <y>351.4449</y>
         </point>
         <point>
            <x>1265.8362</x>
            <y>348.479</y>
         </point>
         <point>
            <x>1194.8311</x>
            <y>343.1321</y>
         </point>
         <point>
            <x>1156.4885</x>
            <y>339.0493</y>
         </point>
         <point>
            <x>1069.8873</x>
            <y>328.3069</y>
         </point>
         <point>
            <x>1024.4021</x>
            <y>321.4857</y>
         </point>
         <point>
            <x>978.7864</x>
            <y>313.9328</y>
         </point>
         <point>
            <x>935.0356</x>
            <y>305.6088</y>
         </point>
         <point>
            <x>880.7893</x>
            <y>294.9732</y>
         </point>
         <point>
            <x>807.478</x>
            <y>278.9421</y>
         </point>
         <point>
            <x>725.0929</x>
            <y>259.7668</y>
         </point>
         <point>
            <x>656.9345</x>
            <y>242.7239</y>
         </point>
         <point>
            <x>575.3589</x>
            <y>220.3824</y>
         </point>
         <point>
            <x>494.4504</x>
            <y>196.1793</y>
         </point>
         <point>
            <x>388.4189</x>
            <y>160.8616</y>
         </point>
         <point>
            <x>346.3424</x>
            <y>145.8139</y>
         </point>
         <point>
            <x>288.7088</x>
            <y>123.4761</y>
         </point>
         <point>
            <x>212.2367</x>
            <y>91.9384</y>
         </point>
         <point>
            <x>159.3222</x>
            <y>69.0179</y>
         </point>
         <point>
            <x>115.0503</x>
            <y>49.0464</y>
         </point>
         <point>
            <x>76.4389</x>
            <y>31.7798</y>
         </point>
         <point>
            <x>37.1241</x>
            <y>16.1575</y>
         </point>
         <point>
            <x>-22.0334</x>
            <y>-6.2601</y>
         </point>
         <point>
            <x>-52.5395</x>
            <y>-18.5225</y>
         </point>
         <point>
            <x>-102.1277</x>
            <y>-42.2193</y>
         </point>
         <point>
            <x>-144.9084</x>
            <y>-65.7876</y>
         </point>
         <point>
            <x>-162.2633</x>
            <y>-76.057</y>
         </point>
         <point>
            <x>-179.4024</x>
            <y>-86.7994</y>
         </point>
         <point>
            <x>-203.8408</x>
            <y>-103.5125</y>
         </point>
         <point>
            <x>-256.1223</x>
            <y>-143.4392</y>
         </point>
         <point>
            <x>-283.0515</x>
            <y>-166.5592</y>
         </point>
         <point>
            <x>-307.8672</x>
            <y>-189.9304</y>
         </point>
         <point>
            <x>-332.8393</x>
            <y>-214.0719</y>
         </point>
      </leftBound>
      <rightBound>
         <point>
            <x>1513.3571</x>
            <y>359.1372</y>
         </point>
         <point>
            <x>1475.6558</x>
            <y>358.684</y>
         </point>
         <point>
            <x>1438.3609</x>
            <y>358.3802</y>
         </point>
         <point>
            <x>1371.4931</x>
            <y>357.4286</y>
         </point>
         <point>
            <x>1313.1609</x>
            <y>355.2017</y>
         </point>
         <point>
            <x>1265.7338</x>
            <y>352.4182</y>
         </point>
         <point>
            <x>1194.6848</x>
            <y>347.2903</y>
         </point>
         <point>
            <x>1156.3484</x>
            <y>343.0003</y>
         </point>
         <point>
            <x>1069.5329</x>
            <y>332.0708</y>
         </point>
         <point>
            <x>1023.9999</x>
            <y>325.0318</y>
         </point>
         <point>
            <x>978.4389</x>
            <y>317.6818</y>
         </point>
         <point>
            <x>934.8701</x>
            <y>309.3565</y>
         </point>
         <point>
            <x>880.1635</x>
            <y>298.6261</y>
         </point>
         <point>
            <x>806.883</x>
            <y>282.6284</y>
         </point>
         <point>
            <x>724.7547</x>
            <y>263.4772</y>
         </point>
         <point>
            <x>656.5125</x>
            <y>246.4692</y>
         </point>
         <point>
            <x>574.7856</x>
            <y>223.9666</y>
         </point>
         <point>
            <x>493.4111</x>
            <y>199.7122</y>
         </point>
         <point>
            <x>387.6961</x>
            <y>164.4381</y>
         </point>
         <point>
            <x>345.3776</x>
            <y>149.0262</y>
         </point>
         <point>
            <x>287.8252</x>
            <y>127.0601</y>
         </point>
         <point>
            <x>211.1799</x>
            <y>95.5894</y>
         </point>
         <point>
            <x>158.5654</x>
            <y>72.6335</y>
         </point>
         <point>
            <x>114.1776</x>
            <y>52.7627</y>
         </point>
         <point>
            <x>75.0505</x>
            <y>35.6125</y>
         </point>
         <point>
            <x>36.3768</x>
            <y>19.9172</y>
         </point>
         <point>
            <x>-23.0335</x>
            <y>-2.4758</y>
         </point>
         <point>
            <x>-53.523</x>
            <y>-14.9134</y>
         </point>
         <point>
            <x>-103.5964</x>
            <y>-38.7332</y>
         </point>
         <point>
            <x>-146.5214</x>
            <y>-62.4824</y>
         </point>
         <point>
            <x>-163.9562</x>
            <y>-72.8546</y>
         </point>
         <point>
            <x>-181.1595</x>
            <y>-83.4682</y>
         </point>
         <point>
            <x>-205.5571</x>
            <y>-100.3886</y>
         </point>
         <point>
            <x>-258.1269</x>
            <y>-140.3568</y>
         </point>
         <point>
            <x>-285.4707</x>
            <y>-163.6029</y>
         </point>
         <point>
            <x>-310.1676</x>
            <y>-187.041</y>
         </point>
         <point>
            <x>-335.0418</x>
            <y>-211.2049</y>
         </point>
      </rightBound>
      <adjacentLeft drivingDir="opposite" ref="38797"/>
      <speedLimit>28</speedLimit>
   </lanelet>
   <obstacle id="206">
      <role>dynamic</role>
      <type>car</type>
      <shape>
         <rectangle>
            <length>13.6</length>
            <width>2.5</width>
         </rectangle>
      </shape>
      <trajectory>
         <state>
            <position>
               <point>
                  <x>143.1849</x>
                  <y>63.3349</y>
               </point>
            </position>
            <orientation>
               <exact>-2.7402</exact>
            </orientation>
            <time>
               <exact>0</exact>
            </time>
            <velocity>
               <exact>8.3</exact>
            </velocity>
         </state>
         <state>
            <position>
               <point>
                  <x>142.2713</x>
                  <y>63.3333</y>
               </point>
            </position>
            <orientation>
               <exact>-2.7193</exact>
            </orientation>
            <time>
               <exact>0.1</exact>
            </time>
            <velocity>
               <exact>8.3</exact>
            </velocity>
         </state>
         <state>
            <position>
               <point>
                  <x>141.5142</x>
                  <y>62.9931</y>
               </point>
            </position>
            <orientation>
               <exact>-2.7193</exact>
            </orientation>
            <time>
               <exact>0.2</exact>
            </time>
            <velocity>
               <exact>8.3</exact>
            </velocity>
         </state>
         <state>
            <position>
               <point>
                  <x>140.7572</x>
                  <y>62.6529</y>
               </point>
            </position>
            <orientation>
               <exact>-2.7193</exact>
            </orientation>
            <time>
               <exact>0.3</exact>
            </time>
            <velocity>
               <exact>8.3</exact>
            </velocity>
         </state>
         <state>
            <position>
               <point>
                  <x>140.0001</x>
                  <y>62.3127</y>
               </point>
            </position>
            <orientation>
               <exact>-2.7193</exact>
            </orientation>
            <time>
               <exact>0.4</exact>
            </time>
            <velocity>
               <exact>8.3</exact>
            </velocity>
         </state>
         <state>
            <position>
               <point>
                  <x>139.243</x>
                  <y>61.9725</y>
               </point>
            </position>
            <orientation>
               <exact>-2.7193</exact>
            </orientation>
            <time>
               <exact>0.5</exact>
            </time>
            <velocity>
               <exact>8.3</exact>
            </velocity>
         </state>
         <state>
            <position>
               <point>
                  <x>138.486</x>
                  <y>61.6323</y>
               </point>
            </position>
            <orientation>
               <exact>-2.7193</exact>
            </orientation>
            <time>
               <exact>0.6</exact>
            </time>
            <velocity>
               <exact>8.3</exact>
            </velocity>
         </state>
         <state>
            <position>
               <point>
                  <x>137.7289</x>
                  <y>61.292</y>
               </point>
            </position>
            <orientation>
               <exact>-2.7193</exact>
            </orientation>
            <time>
               <exact>0.7</exact>
            </time>
            <velocity>
               <exact>8.3</exact>
            </velocity>
         </state>
         <state>
            <position>
               <point>
                  <x>136.9718</x>
                  <y>60.9518</y>
               </point>
            </position>
            <orientation>
               <exact>-2.7193</exact>
            </orientation>
            <time>
               <exact>0.8</exact>
            </time>
            <velocity>
               <exact>8.3</exact>
            </velocity>
         </state>
         <state>
            <position>
               <point>
                  <x>136.2148</x>
                  <y>60.6116</y>
               </point>
            </position>
            <orientation>
               <exact>-2.7193</exact>
            </orientation>
            <time>
               <exact>0.9</exact>
            </time>
            <velocity>
               <exact>8.3</exact>
            </velocity>
         </state>
         <state>
            <position>
               <point>
                  <x>135.4577</x>
                  <y>60.2714</y>
               </point>
            </position>
            <orientation>
               <exact>-2.7193</exact>
            </orientation>
            <time>
               <exact>1</exact>
            </time>
            <velocity>
               <exact>8.3</exact>
            </velocity>
         </state>
         <state>
            <position>
               <point>
                  <x>134.7006</x>
                  <y>59.9312</y>
               </point>
            </position>
            <orientation>
               <exact>-2.7193</exact>
            </orientation>
            <time>
               <exact>1.1</exact>
            </time>
            <velocity>
               <exact>8.3</exact>
            </velocity>
         </state>
         <state>
            <position>
               <point>
                  <x>133.9436</x>
                  <y>59.591</y>
               </point>
            </position>
            <orientation>
               <exact>-2.7193</exact>
            </orientation>
            <time>
               <exact>1.2</exact>
            </time>
            <velocity>
               <exact>8.3</exact>
            </velocity>
         </state>
         <state>
            <position>
               <point>
                  <x>133.1865</x>
                  <y>59.2508</y>
               </point>
            </position>
            <orientation>
               <exact>-2.7193</exact>
            </orientation>
            <time>
               <exact>1.3</exact>
            </time>
            <velocity>
               <exact>8.3</exact>
            </velocity>
         </state>
         <state>
            <position>
               <point>
                  <x>132.4294</x>
                  <y>58.9105</y>
               </point>
            </position>
            <orientation>
               <exact>-2.7193</exact>
            </orientation>
            <time>
               <exact>1.4</exact>
            </time>
            <velocity>
               <exact>8.3</exact>
            </velocity>
         </state>
         <state>
            <position>
               <point>
                  <x>131.6723</x>
                  <y>58.5703</y>
               </point>
            </position>
            <orientation>
               <exact>-2.7193</exact>
            </orientation>
            <time>
               <exact>1.5</exact>
            </time>
            <velocity>
               <exact>8.3</exact>
            </velocity>
         </state>
         <state>
            <position>
               <point>
                  <x>130.9153</x>
                  <y>58.2301</y>
               </point>
            </position>
            <orientation>
               <exact>-2.7193</exact>
            </orientation>
            <time>
               <exact>1.6</exact>
            </time>
            <velocity>
               <exact>8.3</exact>
            </velocity>
         </state>
         <state>
            <position>
               <point>
                  <x>130.1582</x>
                  <y>57.8899</y>
               </point>
            </position>
            <orientation>
               <exact>-2.7193</exact>
            </orientation>
            <time>
               <exact>1.7</exact>
            </time>
            <velocity>
               <exact>8.3</exact>
            </velocity>
         </state>
         <state>
            <position>
               <point>
                  <x>129.4011</x>
                  <y>57.5497</y>
               </point>
            </position>
            <orientation>
               <exact>-2.7193</exact>
            </orientation>
            <time>
               <exact>1.8</exact>
            </time>
            <velocity>
               <exact>8.3</exact>
            </velocity>
         </state>
         <state>
            <position>
               <point>
                  <x>128.6441</x>
                  <y>57.2095</y>
               </point>
            </position>
            <orientation>
               <exact>-2.7193</exact>
            </orientation>
            <time>
               <exact>1.9</exact>
            </time>
            <velocity>
               <exact>8.3</exact>
            </velocity>
         </state>
         <state>
            <position>
               <point>
                  <x>127.887</x>
                  <y>56.8692</y>
               </point>
            </position>
            <orientation>
               <exact>-2.7193</exact>
            </orientation>
            <time>
               <exact>2</exact>
            </time>
            <velocity>
               <exact>8.3</exact>
            </velocity>
         </state>
         <state>
            <position>
               <point>
                  <x>127.1299</x>
                  <y>56.529</y>
               </point>
            </position>
            <orientation>
               <exact>-2.7193</exact>
            </orientation>
            <time>
               <exact>2.1</exact>
            </time>
            <velocity>
               <exact>8.3</exact>
            </velocity>
         </state>
         <state>
            <position>
               <point>
                  <x>126.3729</x>
                  <y>56.1888</y>
               </point>
            </position>
            <orientation>
               <exact>-2.7193</exact>
            </orientation>
            <time>
               <exact>2.2</exact>
            </time>
            <velocity>
               <exact>8.3</exact>
            </velocity>
         </state>
         <state>
            <position>
               <point>
                  <x>125.6158</x>
                  <y>55.8486</y>
               </point>
            </position>
            <orientation>
               <exact>-2.7193</exact>
            </orientation>
            <time>
               <exact>2.3</exact>
            </time>
            <velocity>
               <exact>8.3</exact>
            </velocity>
         </state>
         <state>
            <position>
               <point>
                  <x>124.8587</x>
                  <y>55.5084</y>
               </point>
            </position>
            <orientation>
               <exact>-2.7193</exact>
            </orientation>
            <time>
               <exact>2.4</exact>
            </time>
            <velocity>
               <exact>8.3</exact>
            </velocity>
         </state>
         <state>
            <position>
               <point>
                  <x>124.1017</x>
                  <y>55.1682</y>
               </point>
            </position>
            <orientation>
               <exact>-2.7193</exact>
            </orientation>
            <time>
               <exact>2.5</exact>
            </time>
            <velocity>
               <exact>8.3</exact>
            </velocity>
         </state>
         <state>
            <position>
               <point>
                  <x>123.3446</x>
                  <y>54.828</y>
               </point>
            </position>
            <orientation>
               <exact>-2.7193</exact>
            </orientation>
            <time>
               <exact>2.6</exact>
            </time>
            <velocity>
               <exact>8.3</exact>
            </velocity>
         </state>
         <state>
            <position>
               <point>
                  <x>122.5875</x>
                  <y>54.4877</y>
               </point>
            </position>
            <orientation>
               <exact>-2.7193</exact>
            </orientation>
            <time>
               <exact>2.7</exact>
            </time>
            <velocity>
               <exact>8.3</exact>
            </velocity>
         </state>
         <state>
            <position>
               <point>
                  <x>121.8305</x>
                  <y>54.1475</y>
               </point>
            </position>
            <orientation>
               <exact>-2.7193</exact>
            </orientation>
            <time>
               <exact>2.8</exact>
            </time>
            <velocity>
               <exact>8.3</exact>
            </velocity>
         </state>
         <state>
            <position>
               <point>
                  <x>121.0734</x>
                  <y>53.8073</y>
               </point>
            </position>
            <orientation>
               <exact>-2.7193</exact>
            </orientation>
            <time>
               <exact>2.9</exact>
            </time>
            <velocity>
               <exact>8.3</exact>
            </velocity>
         </state>
         <state>
            <position>
               <point>
                  <x>120.3163</x>
                  <y>53.4671</y>
               </point>
            </position>
            <orientation>
               <exact>-2.7193</exact>
            </orientation>
            <time>
               <exact>3</exact>
            </time>
            <velocity>
               <exact>8.3</exact>
            </velocity>
         </state>
         <state>
            <position>
               <point>
                  <x>119.5592</x>
                  <y>53.1269</y>
               </point>
            </position>
            <orientation>
               <exact>-2.7193</exact>
            </orientation>
            <time>
               <exact>3.1</exact>
            </time>
            <velocity>
               <exact>8.3</exact>
            </velocity>
         </state>
         <state>
            <position>
               <point>
                  <x>118.8022</x>
                  <y>52.7867</y>
               </point>
            </position>
            <orientation>
               <exact>-2.7193</exact>
            </orientation>
            <time>
               <exact>3.2</exact>
            </time>
            <velocity>
               <exact>8.3</exact>
            </velocity>
         </state>
         <state>
            <position>
               <point>
                  <x>118.0451</x>
                  <y>52.4464</y>
               </point>
            </position>
            <orientation>
               <exact>-2.7193</exact>
            </orientation>
            <time>
               <exact>3.3</exact>
            </time>
            <velocity>
               <exact>8.3</exact>
            </velocity>
         </state>
         <state>
            <position>
               <point>
                  <x>117.288</x>
                  <y>52.1062</y>
               </point>
            </position>
            <orientation>
               <exact>-2.7193</exact>
            </orientation>
            <time>
               <exact>3.4</exact>
            </time>
            <velocity>
               <exact>8.3</exact>
            </velocity>
         </state>
         <state>
            <position>
               <point>
                  <x>116.531</x>
                  <y>51.766</y>
               </point>
            </position>
            <orientation>
               <exact>-2.7193</exact>
            </orientation>
            <time>
               <exact>3.5</exact>
            </time>
            <velocity>
               <exact>8.3</exact>
            </velocity>
         </state>
         <state>
            <position>
               <point>
                  <x>115.7739</x>
                  <y>51.4258</y>
               </point>
            </position>
            <orientation>
               <exact>-2.7193</exact>
            </orientation>
            <time>
               <exact>3.6</exact>
            </time>
            <velocity>
               <exact>8.3</exact>
            </velocity>
         </state>
         <state>
            <position>
               <point>
                  <x>115.0168</x>
                  <y>51.0856</y>
               </point>
            </position>
            <orientation>
               <exact>-2.7193</exact>
            </orientation>
            <time>
               <exact>3.7</exact>
            </time>
            <velocity>
               <exact>8.3</exact>
            </velocity>
         </state>
         <state>
            <position>
               <point>
                  <x>114.2589</x>
                  <y>50.7473</y>
               </point>
            </position>
            <orientation>
               <exact>-2.7248</exact>
            </orientation>
            <time>
               <exact>3.8</exact>
            </time>
            <velocity>
               <exact>8.3</exact>
            </velocity>
         </state>
         <state>
            <position>
               <point>
                  <x>113.4999</x>
                  <y>50.4113</y>
               </point>
            </position>
            <orientation>
               <exact>-2.7248</exact>
            </orientation>
            <time>
               <exact>3.9</exact>
            </time>
            <velocity>
               <exact>8.3</exact>
            </velocity>
         </state>
         <state>
            <position>
               <point>
                  <x>112.741</x>
                  <y>50.0753</y>
               </point>
            </position>
            <orientation>
               <exact>-2.7248</exact>
            </orientation>
            <time>
               <exact>4</exact>
            </time>
            <velocity>
               <exact>8.3</exact>
            </velocity>
         </state>
         <state>
            <position>
               <point>
                  <x>111.982</x>
                  <y>49.7393</y>
               </point>
            </position>
            <orientation>
               <exact>-2.7248</exact>
            </orientation>
            <time>
               <exact>4.1</exact>
            </time>
            <velocity>
               <exact>8.3</exact>
            </velocity>
         </state>
         <state>
            <position>
               <point>
                  <x>111.2231</x>
                  <y>49.4033</y>
               </point>
            </position>
            <orientation>
               <exact>-2.7248</exact>
            </orientation>
            <time>
               <exact>4.2</exact>
            </time>
            <velocity>
               <exact>8.3</exact>
            </velocity>
         </state>
         <state>
            <position>
               <point>
                  <x>110.4641</x>
                  <y>49.0673</y>
               </point>
            </position>
            <orientation>
               <exact>-2.7248</exact>
            </orientation>
            <time>
               <exact>4.3</exact>
            </time>
            <velocity>
               <exact>8.3</exact>
            </velocity>
         </state>
         <state>
            <position>
               <point>
                  <x>109.7052</x>
                  <y>48.7313</y>
               </point>
            </position>
            <orientation>
               <exact>-2.7248</exact>
            </orientation>
            <time>
               <exact>4.4</exact>
            </time>
            <velocity>
               <exact>8.3</exact>
            </velocity>
         </state>
         <state>
            <position>
               <point>
                  <x>108.9463</x>
                  <y>48.3953</y>
               </point>
            </position>
            <orientation>
               <exact>-2.7248</exact>
            </orientation>
            <time>
               <exact>4.5</exact>
            </time>
            <velocity>
               <exact>8.3</exact>
            </velocity>
         </state>
         <state>
            <position>
               <point>
                  <x>108.1873</x>
                  <y>48.0593</y>
               </point>
            </position>
            <orientation>
               <exact>-2.7248</exact>
            </orientation>
            <time>
               <exact>4.6</exact>
            </time>
            <velocity>
               <exact>8.3</exact>
            </velocity>
         </state>
         <state>
            <position>
               <point>
                  <x>107.4284</x>
                  <y>47.7233</y>
               </point>
            </position>
            <orientation>
               <exact>-2.7248</exact>
            </orientation>
            <time>
               <exact>4.7</exact>
            </time>
            <velocity>
               <exact>8.3</exact>
            </velocity>
         </state>
         <state>
            <position>
               <point>
                  <x>106.6694</x>
                  <y>47.3873</y>
               </point>
            </position>
            <orientation>
               <exact>-2.7248</exact>
            </orientation>
            <time>
               <exact>4.8</exact>
            </time>
            <velocity>
               <exact>8.3</exact>
            </velocity>
         </state>
         <state>
            <position>
               <point>
                  <x>105.9105</x>
                  <y>47.0513</y>
               </point>
            </position>
            <orientation>
               <exact>-2.7248</exact>
            </orientation>
            <time>
               <exact>4.9</exact>
            </time>
            <velocity>
               <exact>8.3</exact>
            </velocity>
         </state>
         <state>
            <position>
               <point>
                  <x>105.1515</x>
                  <y>46.7153</y>
               </point>
            </position>
            <orientation>
               <exact>-2.7248</exact>
            </orientation>
            <time>
               <exact>5</exact>
            </time>
            <velocity>
               <exact>8.3</exact>
            </velocity>
         </state>
      </trajectory>
   </obstacle>
   <obstacle id="207">
      <role>dynamic</role>
      <type>car</type>
      <shape>
         <rectangle>
            <length>4.8</length>
            <width>2</width>
         </rectangle>
      </shape>
      <trajectory>
         <state>
            <position>
               <point>
                  <x>197.0141</x>
                  <y>86.6929</y>
               </point>
            </position>
            <orientation>
               <exact>-2.7402</exact>
            </orientation>
            <time>
               <exact>0</exact>
            </time>
            <velocity>
               <exact>28</exact>
            </velocity>
         </state>
         <state>
            <position>
               <point>
                  <x>194.1873</x>
                  <y>86.147</y>
               </point>
            </position>
            <orientation>
               <exact>-2.7315</exact>
            </orientation>
            <time>
               <exact>0.1</exact>
            </time>
            <velocity>
               <exact>27.9812</exact>
            </velocity>
         </state>
         <state>
            <position>
               <point>
                  <x>191.6263</x>
                  <y>85.0337</y>
               </point>
            </position>
            <orientation>
               <exact>-2.7315</exact>
            </orientation>
            <time>
               <exact>0.2</exact>
            </time>
            <velocity>
               <exact>27.925</exact>
            </velocity>
         </state>
         <state>
            <position>
               <point>
                  <x>189.0739</x>
                  <y>83.9241</y>
               </point>
            </position>
            <orientation>
               <exact>-2.7315</exact>
            </orientation>
            <time>
               <exact>0.3</exact>
            </time>
            <velocity>
               <exact>27.8313</exact>
            </velocity>
         </state>
         <state>
            <position>
               <point>
                  <x>186.5336</x>
                  <y>82.8197</y>
               </point>
            </position>
            <orientation>
               <exact>-2.7315</exact>
            </orientation>
            <time>
               <exact>0.4</exact>
            </time>
            <velocity>
               <exact>27.7</exact>
            </velocity>
         </state>
         <state>
            <position>
               <point>
                  <x>184.0087</x>
                  <y>81.7221</y>
               </point>
            </position>
            <orientation>
               <exact>-2.7315</exact>
            </orientation>
            <time>
               <exact>0.5</exact>
            </time>
            <velocity>
               <exact>27.5313</exact>
            </velocity>
         </state>
         <state>
            <position>
               <point>
                  <x>181.5028</x>
                  <y>80.6327</y>
               </point>
            </position>
            <orientation>
               <exact>-2.7315</exact>
            </orientation>
            <time>
               <exact>0.6</exact>
            </time>
            <velocity>
               <exact>27.325</exact>
            </velocity>
         </state>
         <state>
            <position>
               <point>
                  <x>179.0192</x>
                  <y>79.553</y>
               </point>
            </position>
            <orientation>
               <exact>-2.7315</exact>
            </orientation>
            <time>
               <exact>0.7</exact>
            </time>
            <velocity>
               <exact>27.0813</exact>
            </velocity>
         </state>
         <state>
            <position>
               <point>
                  <x>176.5614</x>
                  <y>78.4845</y>
               </point>
            </position>
            <orientation>
               <exact>-2.7315</exact>
            </orientation>
            <time>
               <exact>0.8</exact>
            </time>
            <velocity>
               <exact>26.8</exact>
            </velocity>
         </state>
         <state>
            <position>
               <point>
                  <x>174.1328</x>
                  <y>77.4288</y>
               </point>
            </position>
            <orientation>
               <exact>-2.7315</exact>
            </orientation>
            <time>
               <exact>0.9</exact>
            </time>
            <velocity>
               <exact>26.4813</exact>
            </velocity>
         </state>
         <state>
            <position>
               <point>
                  <x>171.7369</x>
                  <y>76.3872</y>
               </point>
            </position>
            <orientation>
               <exact>-2.7315</exact>
            </orientation>
            <time>
               <exact>1</exact>
            </time>
            <velocity>
               <exact>26.125</exact>
            </velocity>
         </state>
         <state>
            <position>
               <point>
                  <x>169.3771</x>
                  <y>75.3614</y>
               </point>
            </position>
            <orientation>
               <exact>-2.7315</exact>
            </orientation>
            <time>
               <exact>1.1</exact>
            </time>
            <velocity>
               <exact>25.7312</exact>
            </velocity>
         </state>
         <state>
            <position>
               <point>
                  <x>167.0569</x>
                  <y>74.3527</y>
               </point>
            </position>
            <orientation>
               <exact>-2.7315</exact>
            </orientation>
            <time>
               <exact>1.2</exact>
            </time>
            <velocity>
               <exact>25.3</exact>
            </velocity>
         </state>
         <state>
            <position>
               <point>
                  <x>164.7797</x>
                  <y>73.3627</y>
               </point>
            </position>
            <orientation>
               <exact>-2.7315</exact>
            </orientation>
            <time>
               <exact>1.3</exact>
            </time>
            <velocity>
               <exact>24.8313</exact>
            </velocity>
         </state>
         <state>
            <position>
               <point>
                  <x>162.5488</x>
                  <y>72.3929</y>
               </point>
            </position>
            <orientation>
               <exact>-2.7315</exact>
            </orientation>
            <time>
               <exact>1.4</exact>
            </time>
            <velocity>
               <exact>24.325</exact>
            </velocity>
         </state>
         <state>
            <position>
               <point>
                  <x>160.3679</x>
                  <y>71.4448</y>
               </point>
            </position>
            <orientation>
               <exact>-2.7315</exact>
            </orientation>
            <time>
               <exact>1.5</exact>
            </time>
            <velocity>
               <exact>23.7813</exact>
            </velocity>
         </state>
         <state>
            <position>
               <point>
                  <x>158.2441</x>
                  <y>70.5112</y>
               </point>
            </position>
            <orientation>
               <exact>-2.7193</exact>
            </orientation>
            <time>
               <exact>1.6</exact>
            </time>
            <velocity>
               <exact>23.2</exact>
            </velocity>
         </state>
         <state>
            <position>
               <point>
                  <x>156.1843</x>
                  <y>69.5856</y>
               </point>
            </position>
            <orientation>
               <exact>-2.7193</exact>
            </orientation>
            <time>
               <exact>1.7</exact>
            </time>
            <velocity>
               <exact>22.5813</exact>
            </velocity>
         </state>
         <state>
            <position>
               <point>
                  <x>154.1845</x>
                  <y>68.6869</y>
               </point>
            </position>
            <orientation>
               <exact>-2.7193</exact>
            </orientation>
            <time>
               <exact>1.8</exact>
            </time>
            <velocity>
               <exact>21.925</exact>
            </velocity>
         </state>
         <state>
            <position>
               <point>
                  <x>152.2479</x>
                  <y>67.8167</y>
               </point>
            </position>
            <orientation>
               <exact>-2.7193</exact>
            </orientation>
            <time>
               <exact>1.9</exact>
            </time>
            <velocity>
               <exact>21.2312</exact>
            </velocity>
         </state>
         <state>
            <position>
               <point>
                  <x>150.3781</x>
                  <y>66.9764</y>
               </point>
            </position>
            <orientation>
               <exact>-2.7193</exact>
            </orientation>
            <time>
               <exact>2</exact>
            </time>
            <velocity>
               <exact>20.5</exact>
            </velocity>
         </state>
         <state>
            <position>
               <point>
                  <x>148.5783</x>
                  <y>66.1676</y>
               </point>
            </position>
            <orientation>
               <exact>-2.7193</exact>
            </orientation>
            <time>
               <exact>2.1</exact>
            </time>
            <velocity>
               <exact>19.7313</exact>
            </velocity>
         </state>
         <state>
            <position>
               <point>
                  <x>146.8521</x>
                  <y>65.3919</y>
               </point>
            </position>
            <orientation>
               <exact>-2.7193</exact>
            </orientation>
            <time>
               <exact>2.2</exact>
            </time>
            <velocity>
               <exact>18.925</exact>
            </velocity>
         </state>
         <state>
            <position>
               <point>
                  <x>145.2029</x>
                  <y>64.6507</y>
               </point>
            </position>
            <orientation>
               <exact>-2.7193</exact>
            </orientation>
            <time>
               <exact>2.3</exact>
            </time>
            <velocity>
               <exact>18.0812</exact>
            </velocity>
         </state>
         <state>
            <position>
               <point>
                  <x>143.634</x>
                  <y>63.9457</y>
               </point>
            </position>
            <orientation>
               <exact>-2.7193</exact>
            </orientation>
            <time>
               <exact>2.4</exact>
            </time>
            <velocity>
               <exact>17.2</exact>
            </velocity>
         </state>
         <state>
            <position>
               <point>
                  <x>142.1489</x>
                  <y>63.2783</y>
               </point>
            </position>
            <orientation>
               <exact>-2.7193</exact>
            </orientation>
            <time>
               <exact>2.5</exact>
            </time>
            <velocity>
               <exact>16.2813</exact>
            </velocity>
         </state>
         <state>
            <position>
               <point>
                  <x>140.7511</x>
                  <y>62.6502</y>
               </point>
            </position>
            <orientation>
               <exact>-2.7193</exact>
            </orientation>
            <time>
               <exact>2.6</exact>
            </time>
            <velocity>
               <exact>15.325</exact>
            </velocity>
         </state>
         <state>
            <position>
               <point>
                  <x>139.4439</x>
                  <y>62.0627</y>
               </point>
            </position>
            <orientation>
               <exact>-2.7193</exact>
            </orientation>
            <time>
               <exact>2.7</exact>
            </time>
            <velocity>
               <exact>14.3312</exact>
            </velocity>
         </state>
         <state>
            <position>
               <point>
                  <x>138.2308</x>
                  <y>61.5176</y>
               </point>
            </position>
            <orientation>
               <exact>-2.7193</exact>
            </orientation>
            <time>
               <exact>2.8</exact>
            </time>
            <velocity>
               <exact>13.3</exact>
            </velocity>
         </state>
         <state>
            <position>
               <point>
                  <x>137.1151</x>
                  <y>61.0162</y>
               </point>
            </position>
            <orientation>
               <exact>-2.7193</exact>
            </orientation>
            <time>
               <exact>2.9</exact>
            </time>
            <velocity>
               <exact>12.2312</exact>
            </velocity>
         </state>
         <state>
            <position>
               <point>
                  <x>136.1004</x>
                  <y>60.5602</y>
               </point>
            </position>
            <orientation>
               <exact>-2.7193</exact>
            </orientation>
            <time>
               <exact>3</exact>
            </time>
            <velocity>
               <exact>11.125</exact>
            </velocity>
         </state>
         <state>
            <position>
               <point>
                  <x>135.1899</x>
                  <y>60.1511</y>
               </point>
            </position>
            <orientation>
               <exact>-2.7193</exact>
            </orientation>
            <time>
               <exact>3.1</exact>
            </time>
            <velocity>
               <exact>9.9812</exact>
            </velocity>
         </state>
         <state>
            <position>
               <point>
                  <x>134.3873</x>
                  <y>59.7904</y>
               </point>
            </position>
            <orientation>
               <exact>-2.7193</exact>
            </orientation>
            <time>
               <exact>3.2</exact>
            </time>
            <velocity>
               <exact>8.8</exact>
            </velocity>
         </state>
         <state>
            <position>
               <point>
                  <x>133.6957</x>
                  <y>59.4796</y>
               </point>
            </position>
            <orientation>
               <exact>-2.7193</exact>
            </orientation>
            <time>
               <exact>3.3</exact>
            </time>
            <velocity>
               <exact>7.5812</exact>
            </velocity>
         </state>
         <state>
            <position>
               <point>
                  <x>133.1188</x>
                  <y>59.2203</y>
               </point>
            </position>
            <orientation>
               <exact>-2.7193</exact>
            </orientation>
            <time>
               <exact>3.4</exact>
            </time>
            <velocity>
               <exact>6.325</exact>
            </velocity>
         </state>
         <state>
            <position>
               <point>
                  <x>132.6599</x>
                  <y>59.0141</y>
               </point>
            </position>
            <orientation>
               <exact>-2.7193</exact>
            </orientation>
            <time>
               <exact>3.5</exact>
            </time>
            <velocity>
               <exact>5.0313</exact>
            </velocity>
         </state>
         <state>
            <position>
               <point>
                  <x>132.3224</x>
                  <y>58.8625</y>
               </point>
            </position>
            <orientation>
               <exact>-2.7193</exact>
            </orientation>
            <time>
               <exact>3.6</exact>
            </time>
            <velocity>
               <exact>3.7</exact>
            </velocity>
         </state>
         <state>
            <position>
               <point>
                  <x>132.1098</x>
                  <y>58.7669</y>
               </point>
            </position>
            <orientation>
               <exact>-2.7193</exact>
            </orientation>
            <time>
               <exact>3.7</exact>
            </time>
            <velocity>
               <exact>2.3312</exact>
            </velocity>
         </state>
         <state>
            <position>
               <point>
                  <x>132.0254</x>
                  <y>58.729</y>
               </point>
            </position>
            <orientation>
               <exact>-2.7193</exact>
            </orientation>
            <time>
               <exact>3.8</exact>
            </time>
            <velocity>
               <exact>0.925</exact>
            </velocity>
         </state>
         <state>
            <position>
               <point>
                  <x>132.0254</x>
                  <y>58.729</y>
               </point>
            </position>
            <orientation>
               <exact>-2.7193</exact>
            </orientation>
            <time>
               <exact>3.9</exact>
            </time>
            <velocity>
               <exact>0</exact>
            </velocity>
         </state>
         <state>
            <position>
               <point>
                  <x>132.0254</x>
                  <y>58.729</y>
               </point>
            </position>
            <orientation>
               <exact>-2.7193</exact>
            </orientation>
            <time>
               <exact>4</exact>
            </time>
            <velocity>
               <exact>0</exact>
            </velocity>
         </state>
         <state>
            <position>
               <point>
                  <x>132.0254</x>
                  <y>58.729</y>
               </point>
            </position>
            <orientation>
               <exact>-2.7193</exact>
            </orientation>
            <time>
               <exact>4.1</exact>
            </time>
            <velocity>
               <exact>0</exact>
            </velocity>
         </state>
         <state>
            <position>
               <point>
                  <x>132.0254</x>
                  <y>58.729</y>
               </point>
            </position>
            <orientation>
               <exact>-2.7193</exact>
            </orientation>
            <time>
               <exact>4.2</exact>
            </time>
            <velocity>
               <exact>0</exact>
            </velocity>
         </state>
         <state>
            <position>
               <point>
                  <x>132.0254</x>
                  <y>58.729</y>
               </point>
            </position>
            <orientation>
               <exact>-2.7193</exact>
            </orientation>
            <time>
               <exact>4.3</exact>
            </time>
            <velocity>
               <exact>0</exact>
            </velocity>
         </state>
         <state>
            <position>
               <point>
                  <x>132.0254</x>
                  <y>58.729</y>
               </point>
            </position>
            <orientation>
               <exact>-2.7193</exact>
            </orientation>
            <time>
               <exact>4.4</exact>
            </time>
            <velocity>
               <exact>0</exact>
            </velocity>
         </state>
         <state>
            <position>
               <point>
                  <x>132.0254</x>
                  <y>58.729</y>
               </point>
            </position>
            <orientation>
               <exact>-2.7193</exact>
            </orientation>
            <time>
               <exact>4.5</exact>
            </time>
            <velocity>
               <exact>0</exact>
            </velocity>
         </state>
         <state>
            <position>
               <point>
                  <x>132.0254</x>
                  <y>58.729</y>
               </point>
            </position>
            <orientation>
               <exact>-2.7193</exact>
            </orientation>
            <time>
               <exact>4.6</exact>
            </time>
            <velocity>
               <exact>0</exact>
            </velocity>
         </state>
         <state>
            <position>
               <point>
                  <x>132.0254</x>
                  <y>58.729</y>
               </point>
            </position>
            <orientation>
               <exact>-2.7193</exact>
            </orientation>
            <time>
               <exact>4.7</exact>
            </time>
            <velocity>
               <exact>0</exact>
            </velocity>
         </state>
         <state>
            <position>
               <point>
                  <x>132.0254</x>
                  <y>58.729</y>
               </point>
            </position>
            <orientation>
               <exact>-2.7193</exact>
            </orientation>
            <time>
               <exact>4.8</exact>
            </time>
            <velocity>
               <exact>0</exact>
            </velocity>
         </state>
         <state>
            <position>
               <point>
                  <x>132.0254</x>
                  <y>58.729</y>
               </point>
            </position>
            <orientation>
               <exact>-2.7193</exact>
            </orientation>
            <time>
               <exact>4.9</exact>
            </time>
            <velocity>
               <exact>0</exact>
            </velocity>
         </state>
         <state>
            <position>
               <point>
                  <x>132.0254</x>
                  <y>58.729</y>
               </point>
            </position>
            <orientation>
               <exact>-2.7193</exact>
            </orientation>
            <time>
               <exact>5</exact>
            </time>
            <velocity>
               <exact>0</exact>
            </velocity>
         </state>
      </trajectory>
   </obstacle>
   <planningProblem id="800">
      <initialState>
         <position>
            <point>
               <x>0</x>
               <y>0</y>
            </point>
         </position>
         <velocity>
            <exact>18</exact>
         </velocity>
         <orientation>
            <exact>0.34907</exact>
         </orientation>
         <yawRate>
            <exact>0</exact>
         </yawRate>
         <slipAngle>
            <exact>0</exact>
         </slipAngle>
         <time>
            <exact>0</exact>
         </time>
      </initialState>
      <goalRegion>
         <state>
            <position>
               <rectangle>
                  <length>44.0763</length>
                  <width>2.2038</width>
                  <orientation>0.42267</orientation>
                  <center>
                     <x>115</x>
                     <y>47</y>
                  </center>
               </rectangle>
            </position>
            <orientation>
               <intervalStart>-0.17453</intervalStart>
               <intervalEnd>0.17453</intervalEnd>
            </orientation>
            <time>
               <intervalStart>0</intervalStart>
               <intervalEnd>5</intervalEnd>
            </time>
         </state>
      </goalRegion>
   </planningProblem>
</commonRoad>