<?xml version="1.0" encoding="utf-8"?>
<commonRoad benchmarkID="Z_Merge_1a" commonRoadVersion="2017a" date="2017-10-02" timeStepSize="0.1">
   <lanelet id="708">
      <leftBound>
         <point>
            <x>-94.2314</x>
            <y>-29.7609</y>
         </point>
         <point>
            <x>-70.4716</x>
            <y>-28.9372</y>
         </point>
         <point>
            <x>-52.6443</x>
            <y>-28.5463</y>
         </point>
         <point>
            <x>-32.1344</x>
            <y>-28.0677</y>
         </point>
         <point>
            <x>-11.2349</x>
            <y>-27.7675</y>
         </point>
         <point>
            <x>4.6761</x>
            <y>-27.439</y>
         </point>
         <point>
            <x>15.9819</x>
            <y>-27.0696</y>
         </point>
         <point>
            <x>29.3955</x>
            <y>-26.6314</y>
         </point>
      </leftBound>
      <rightBound>
         <point>
            <x>-94.1783</x>
            <y>-33.9548</y>
         </point>
         <point>
            <x>-70.4186</x>
            <y>-33.1311</y>
         </point>
         <point>
            <x>-52.5913</x>
            <y>-32.7402</y>
         </point>
         <point>
            <x>-32.0813</x>
            <y>-32.2616</y>
         </point>
         <point>
            <x>-11.1818</x>
            <y>-31.9614</y>
         </point>
         <point>
            <x>4.7292</x>
            <y>-31.6329</y>
         </point>
         <point>
            <x>16.035</x>
            <y>-31.2635</y>
         </point>
         <point>
            <x>29.4486</x>
            <y>-30.8253</y>
         </point>
      </rightBound>
      <successor ref="723"/>
   </lanelet>
   <lanelet id="718">
      <leftBound>
         <point>
            <x>-6.1971</x>
            <y>33.5894</y>
         </point>
         <point>
            <x>-5.1935</x>
            <y>26.3546</y>
         </point>
         <point>
            <x>-3.1256</x>
            <y>15.9032</y>
         </point>
         <point>
            <x>-0.8608</x>
            <y>8.2314</y>
         </point>
         <point>
            <x>3.6857</x>
            <y>-1.7565</y>
         </point>
         <point>
            <x>10.4036</x>
            <y>-12.1517</y>
         </point>
         <point>
            <x>16.2738</x>
            <y>-20.0882</y>
         </point>
         <point>
            <x>19.272</x>
            <y>-23.0504</y>
         </point>
         <point>
            <x>20.8487</x>
            <y>-24.3376</y>
         </point>
         <point>
            <x>22.3171</x>
            <y>-25.2459</y>
         </point>
         <point>
            <x>24.2328</x>
            <y>-25.9005</y>
         </point>
         <point>
            <x>26.1646</x>
            <y>-26.3156</y>
         </point>
         <point>
            <x>28.5005</x>
            <y>-26.6218</y>
         </point>
         <point>
            <x>29.3955</x>
            <y>-26.6314</y>
         </point>
      </leftBound>
      <rightBound>
         <point>
            <x>-11.0346</x>
            <y>33.4463</y>
         </point>
         <point>
            <x>-10.1158</x>
            <y>25.874</y>
         </point>
         <point>
            <x>-7.9782</x>
            <y>14.7555</y>
         </point>
         <point>
            <x>-5.5416</x>
            <y>6.2287</y>
         </point>
         <point>
            <x>-0.63168</x>
            <y>-4.608</y>
         </point>
         <point>
            <x>6.7647</x>
            <y>-15.2201</y>
         </point>
         <point>
            <x>13.3738</x>
            <y>-23.7541</y>
         </point>
         <point>
            <x>16.2271</x>
            <y>-26.6851</y>
         </point>
         <point>
            <x>18.4239</x>
            <y>-28.239</y>
         </point>
         <point>
            <x>20.5847</x>
            <y>-29.4235</y>
         </point>
         <point>
            <x>23.8252</x>
            <y>-30.2619</y>
         </point>
         <point>
            <x>26.2841</x>
            <y>-30.6597</y>
         </point>
         <point>
            <x>28.656</x>
            <y>-30.7854</y>
         </point>
         <point>
            <x>29.4486</x>
            <y>-30.8253</y>
         </point>
      </rightBound>
      <successor ref="723"/>
   </lanelet>
   <lanelet id="723">
      <leftBound>
         <point>
            <x>29.3955</x>
            <y>-26.6314</y>
         </point>
         <point>
            <x>36.6229</x>
            <y>-26.3833</y>
         </point>
         <point>
            <x>57.6034</x>
            <y>-25.626</y>
         </point>
         <point>
            <x>87.982</x>
            <y>-24.8244</y>
         </point>
         <point>
            <x>120.1747</x>
            <y>-23.7721</y>
         </point>
         <point>
            <x>163.1016</x>
            <y>-22.4644</y>
         </point>
         <point>
            <x>192.6085</x>
            <y>-21.4039</y>
         </point>
      </leftBound>
      <rightBound>
         <point>
            <x>29.4486</x>
            <y>-30.8253</y>
         </point>
         <point>
            <x>36.7603</x>
            <y>-30.5864</y>
         </point>
         <point>
            <x>57.784</x>
            <y>-29.6842</y>
         </point>
         <point>
            <x>88.1147</x>
            <y>-28.8843</y>
         </point>
         <point>
            <x>120.4751</x>
            <y>-27.8265</y>
         </point>
         <point>
            <x>163.4259</x>
            <y>-26.5179</y>
         </point>
         <point>
            <x>192.7459</x>
            <y>-25.607</y>
         </point>
      </rightBound>
      <predecessor ref="708"/>
      <predecessor ref="718"/>
   </lanelet>
   <obstacle id="1">
      <role>dynamic</role>
      <type>car</type>
      <shape>
         <rectangle>
            <length>4.8</length>
            <width>2</width>
         </rectangle>
      </shape>
      <trajectory>
         <state>
            <position>
               <point>
                  <x>16.3051</x>
                  <y>-23.146</y>
               </point>
            </position>
            <orientation>
               <exact>-0.85</exact>
            </orientation>
            <time>
               <exact>0</exact>
            </time>
            <velocity>
               <exact>10</exact>
            </velocity>
         </state>
         <state>
            <position>
               <point>
                  <x>16.8827</x>
                  <y>-23.9947</y>
               </point>
            </position>
            <orientation>
               <exact>-0.78895</exact>
            </orientation>
            <time>
               <exact>0.1</exact>
            </time>
            <velocity>
               <exact>10.0004</exact>
            </velocity>
         </state>
         <state>
            <position>
               <point>
                  <x>17.5874</x>
                  <y>-24.7045</y>
               </point>
            </position>
            <orientation>
               <exact>-0.78895</exact>
            </orientation>
            <time>
               <exact>0.2</exact>
            </time>
            <velocity>
               <exact>10.002</exact>
            </velocity>
         </state>
         <state>
            <position>
               <point>
                  <x>18.3651</x>
                  <y>-25.3312</y>
               </point>
            </position>
            <orientation>
               <exact>-0.64537</exact>
            </orientation>
            <time>
               <exact>0.3</exact>
            </time>
            <velocity>
               <exact>10.0056</exact>
            </velocity>
         </state>
         <state>
            <position>
               <point>
                  <x>19.1649</x>
                  <y>-25.9334</y>
               </point>
            </position>
            <orientation>
               <exact>-0.64537</exact>
            </orientation>
            <time>
               <exact>0.4</exact>
            </time>
            <velocity>
               <exact>10.012</exact>
            </velocity>
         </state>
         <state>
            <position>
               <point>
                  <x>19.9933</x>
                  <y>-26.4942</y>
               </point>
            </position>
            <orientation>
               <exact>-0.52308</exact>
            </orientation>
            <time>
               <exact>0.5</exact>
            </time>
            <velocity>
               <exact>10.022</exact>
            </velocity>
         </state>
         <state>
            <position>
               <point>
                  <x>20.8628</x>
                  <y>-26.9956</y>
               </point>
            </position>
            <orientation>
               <exact>-0.52308</exact>
            </orientation>
            <time>
               <exact>0.6</exact>
            </time>
            <velocity>
               <exact>10.0364</exact>
            </velocity>
         </state>
         <state>
            <position>
               <point>
                  <x>21.7647</x>
                  <y>-27.4256</y>
               </point>
            </position>
            <orientation>
               <exact>-0.28186</exact>
            </orientation>
            <time>
               <exact>0.7</exact>
            </time>
            <velocity>
               <exact>10.056</exact>
            </velocity>
         </state>
         <state>
            <position>
               <point>
                  <x>22.7331</x>
                  <y>-27.706</y>
               </point>
            </position>
            <orientation>
               <exact>-0.28186</exact>
            </orientation>
            <time>
               <exact>0.8</exact>
            </time>
            <velocity>
               <exact>10.0816</exact>
            </velocity>
         </state>
         <state>
            <position>
               <point>
                  <x>23.7046</x>
                  <y>-27.9873</y>
               </point>
            </position>
            <orientation>
               <exact>-0.28186</exact>
            </orientation>
            <time>
               <exact>0.9</exact>
            </time>
            <velocity>
               <exact>10.114</exact>
            </velocity>
         </state>
         <state>
            <position>
               <point>
                  <x>24.6953</x>
                  <y>-28.2046</y>
               </point>
            </position>
            <orientation>
               <exact>-0.18305</exact>
            </orientation>
            <time>
               <exact>1</exact>
            </time>
            <velocity>
               <exact>10.154</exact>
            </velocity>
         </state>
         <state>
            <position>
               <point>
                  <x>25.6985</x>
                  <y>-28.3903</y>
               </point>
            </position>
            <orientation>
               <exact>-0.18305</exact>
            </orientation>
            <time>
               <exact>1.1</exact>
            </time>
            <velocity>
               <exact>10.2024</exact>
            </velocity>
         </state>
         <state>
            <position>
               <point>
                  <x>26.7135</x>
                  <y>-28.5325</y>
               </point>
            </position>
            <orientation>
               <exact>-0.091482</exact>
            </orientation>
            <time>
               <exact>1.2</exact>
            </time>
            <velocity>
               <exact>10.26</exact>
            </velocity>
         </state>
         <state>
            <position>
               <point>
                  <x>27.742</x>
                  <y>-28.6269</y>
               </point>
            </position>
            <orientation>
               <exact>-0.091482</exact>
            </orientation>
            <time>
               <exact>1.3</exact>
            </time>
            <velocity>
               <exact>10.3276</exact>
            </velocity>
         </state>
         <state>
            <position>
               <point>
                  <x>28.779</x>
                  <y>-28.7095</y>
               </point>
            </position>
            <orientation>
               <exact>-0.029296</exact>
            </orientation>
            <time>
               <exact>1.4</exact>
            </time>
            <velocity>
               <exact>10.406</exact>
            </velocity>
         </state>
         <state>
            <position>
               <point>
                  <x>29.8281</x>
                  <y>-28.7147</y>
               </point>
            </position>
            <orientation>
               <exact>0.033484</exact>
            </orientation>
            <time>
               <exact>1.5</exact>
            </time>
            <velocity>
               <exact>10.496</exact>
            </velocity>
         </state>
         <state>
            <position>
               <point>
                  <x>30.8873</x>
                  <y>-28.6792</y>
               </point>
            </position>
            <orientation>
               <exact>0.033484</exact>
            </orientation>
            <time>
               <exact>1.6</exact>
            </time>
            <velocity>
               <exact>10.5984</exact>
            </velocity>
         </state>
         <state>
            <position>
               <point>
                  <x>31.9581</x>
                  <y>-28.6434</y>
               </point>
            </position>
            <orientation>
               <exact>0.033484</exact>
            </orientation>
            <time>
               <exact>1.7</exact>
            </time>
            <velocity>
               <exact>10.714</exact>
            </velocity>
         </state>
         <state>
            <position>
               <point>
                  <x>33.0419</x>
                  <y>-28.6071</y>
               </point>
            </position>
            <orientation>
               <exact>0.033484</exact>
            </orientation>
            <time>
               <exact>1.8</exact>
            </time>
            <velocity>
               <exact>10.8436</exact>
            </velocity>
         </state>
         <state>
            <position>
               <point>
                  <x>34.14</x>
                  <y>-28.5703</y>
               </point>
            </position>
            <orientation>
               <exact>0.033484</exact>
            </orientation>
            <time>
               <exact>1.9</exact>
            </time>
            <velocity>
               <exact>10.988</exact>
            </velocity>
         </state>
         <state>
            <position>
               <point>
                  <x>35.2542</x>
                  <y>-28.533</y>
               </point>
            </position>
            <orientation>
               <exact>0.033484</exact>
            </orientation>
            <time>
               <exact>2</exact>
            </time>
            <velocity>
               <exact>11.148</exact>
            </velocity>
         </state>
         <state>
            <position>
               <point>
                  <x>36.386</x>
                  <y>-28.4951</y>
               </point>
            </position>
            <orientation>
               <exact>0.033484</exact>
            </orientation>
            <time>
               <exact>2.1</exact>
            </time>
            <velocity>
               <exact>11.3244</exact>
            </velocity>
         </state>
         <state>
            <position>
               <point>
                  <x>37.537</x>
                  <y>-28.4514</y>
               </point>
            </position>
            <orientation>
               <exact>0.039486</exact>
            </orientation>
            <time>
               <exact>2.2</exact>
            </time>
            <velocity>
               <exact>11.518</exact>
            </velocity>
         </state>
         <state>
            <position>
               <point>
                  <x>38.709</x>
                  <y>-28.4051</y>
               </point>
            </position>
            <orientation>
               <exact>0.039486</exact>
            </orientation>
            <time>
               <exact>2.3</exact>
            </time>
            <velocity>
               <exact>11.7296</exact>
            </velocity>
         </state>
      </trajectory>
   </obstacle>
   <obstacle id="2">
      <role>dynamic</role>
      <type>car</type>
      <shape>
         <rectangle>
            <length>4.8</length>
            <width>2</width>
         </rectangle>
      </shape>
      <trajectory>
         <state>
            <position>
               <point>
                  <x>3.1043</x>
                  <y>-29.5366</y>
               </point>
            </position>
            <orientation>
               <exact>0</exact>
            </orientation>
            <time>
               <exact>0</exact>
            </time>
            <velocity>
               <exact>14</exact>
            </velocity>
         </state>
         <state>
            <position>
               <point>
                  <x>4.5041</x>
                  <y>-29.54</y>
               </point>
            </position>
            <orientation>
               <exact>0.020644</exact>
            </orientation>
            <time>
               <exact>0.1</exact>
            </time>
            <velocity>
               <exact>13.998</exact>
            </velocity>
         </state>
         <state>
            <position>
               <point>
                  <x>5.9024</x>
                  <y>-29.4967</y>
               </point>
            </position>
            <orientation>
               <exact>0.032659</exact>
            </orientation>
            <time>
               <exact>0.2</exact>
            </time>
            <velocity>
               <exact>13.99</exact>
            </velocity>
         </state>
         <state>
            <position>
               <point>
                  <x>7.2989</x>
                  <y>-29.4511</y>
               </point>
            </position>
            <orientation>
               <exact>0.032659</exact>
            </orientation>
            <time>
               <exact>0.3</exact>
            </time>
            <velocity>
               <exact>13.972</exact>
            </velocity>
         </state>
         <state>
            <position>
               <point>
                  <x>8.6921</x>
                  <y>-29.4056</y>
               </point>
            </position>
            <orientation>
               <exact>0.032659</exact>
            </orientation>
            <time>
               <exact>0.4</exact>
            </time>
            <velocity>
               <exact>13.94</exact>
            </velocity>
         </state>
         <state>
            <position>
               <point>
                  <x>10.0804</x>
                  <y>-29.3603</y>
               </point>
            </position>
            <orientation>
               <exact>0.032659</exact>
            </orientation>
            <time>
               <exact>0.5</exact>
            </time>
            <velocity>
               <exact>13.89</exact>
            </velocity>
         </state>
         <state>
            <position>
               <point>
                  <x>11.4615</x>
                  <y>-29.3151</y>
               </point>
            </position>
            <orientation>
               <exact>0.032659</exact>
            </orientation>
            <time>
               <exact>0.6</exact>
            </time>
            <velocity>
               <exact>13.818</exact>
            </velocity>
         </state>
         <state>
            <position>
               <point>
                  <x>12.8327</x>
                  <y>-29.2703</y>
               </point>
            </position>
            <orientation>
               <exact>0.032659</exact>
            </orientation>
            <time>
               <exact>0.7</exact>
            </time>
            <velocity>
               <exact>13.72</exact>
            </velocity>
         </state>
         <state>
            <position>
               <point>
                  <x>14.1912</x>
                  <y>-29.226</y>
               </point>
            </position>
            <orientation>
               <exact>0.032659</exact>
            </orientation>
            <time>
               <exact>0.8</exact>
            </time>
            <velocity>
               <exact>13.592</exact>
            </velocity>
         </state>
         <state>
            <position>
               <point>
                  <x>15.5335</x>
                  <y>-29.1821</y>
               </point>
            </position>
            <orientation>
               <exact>0.032659</exact>
            </orientation>
            <time>
               <exact>0.9</exact>
            </time>
            <velocity>
               <exact>13.43</exact>
            </velocity>
         </state>
         <state>
            <position>
               <point>
                  <x>16.8558</x>
                  <y>-29.1389</y>
               </point>
            </position>
            <orientation>
               <exact>0.032661</exact>
            </orientation>
            <time>
               <exact>1</exact>
            </time>
            <velocity>
               <exact>13.23</exact>
            </velocity>
         </state>
         <state>
            <position>
               <point>
                  <x>18.1539</x>
                  <y>-29.0965</y>
               </point>
            </position>
            <orientation>
               <exact>0.032661</exact>
            </orientation>
            <time>
               <exact>1.1</exact>
            </time>
            <velocity>
               <exact>12.988</exact>
            </velocity>
         </state>
         <state>
            <position>
               <point>
                  <x>19.4232</x>
                  <y>-29.055</y>
               </point>
            </position>
            <orientation>
               <exact>0.032661</exact>
            </orientation>
            <time>
               <exact>1.2</exact>
            </time>
            <velocity>
               <exact>12.7</exact>
            </velocity>
         </state>
         <state>
            <position>
               <point>
                  <x>20.6588</x>
                  <y>-29.0146</y>
               </point>
            </position>
            <orientation>
               <exact>0.032661</exact>
            </orientation>
            <time>
               <exact>1.3</exact>
            </time>
            <velocity>
               <exact>12.362</exact>
            </velocity>
         </state>
         <state>
            <position>
               <point>
                  <x>21.8551</x>
                  <y>-28.9756</y>
               </point>
            </position>
            <orientation>
               <exact>0.032661</exact>
            </orientation>
            <time>
               <exact>1.4</exact>
            </time>
            <velocity>
               <exact>11.97</exact>
            </velocity>
         </state>
         <state>
            <position>
               <point>
                  <x>23.0065</x>
                  <y>-28.9379</y>
               </point>
            </position>
            <orientation>
               <exact>0.032661</exact>
            </orientation>
            <time>
               <exact>1.5</exact>
            </time>
            <velocity>
               <exact>11.52</exact>
            </velocity>
         </state>
         <state>
            <position>
               <point>
                  <x>24.1067</x>
                  <y>-28.902</y>
               </point>
            </position>
            <orientation>
               <exact>0.032661</exact>
            </orientation>
            <time>
               <exact>1.6</exact>
            </time>
            <velocity>
               <exact>11.008</exact>
            </velocity>
         </state>
         <state>
            <position>
               <point>
                  <x>25.1492</x>
                  <y>-28.8679</y>
               </point>
            </position>
            <orientation>
               <exact>0.032661</exact>
            </orientation>
            <time>
               <exact>1.7</exact>
            </time>
            <velocity>
               <exact>10.43</exact>
            </velocity>
         </state>
         <state>
            <position>
               <point>
                  <x>26.1268</x>
                  <y>-28.836</y>
               </point>
            </position>
            <orientation>
               <exact>0.032661</exact>
            </orientation>
            <time>
               <exact>1.8</exact>
            </time>
            <velocity>
               <exact>9.782</exact>
            </velocity>
         </state>
         <state>
            <position>
               <point>
                  <x>27.0324</x>
                  <y>-28.8064</y>
               </point>
            </position>
            <orientation>
               <exact>0.032661</exact>
            </orientation>
            <time>
               <exact>1.9</exact>
            </time>
            <velocity>
               <exact>9.06</exact>
            </velocity>
         </state>
         <state>
            <position>
               <point>
                  <x>27.8579</x>
                  <y>-28.7794</y>
               </point>
            </position>
            <orientation>
               <exact>0.032661</exact>
            </orientation>
            <time>
               <exact>2</exact>
            </time>
            <velocity>
               <exact>8.26</exact>
            </velocity>
         </state>
         <state>
            <position>
               <point>
                  <x>28.5953</x>
                  <y>-28.7553</y>
               </point>
            </position>
            <orientation>
               <exact>0.032661</exact>
            </orientation>
            <time>
               <exact>2.1</exact>
            </time>
            <velocity>
               <exact>7.378</exact>
            </velocity>
         </state>
         <state>
            <position>
               <point>
                  <x>29.236</x>
                  <y>-28.7344</y>
               </point>
            </position>
            <orientation>
               <exact>0.032661</exact>
            </orientation>
            <time>
               <exact>2.2</exact>
            </time>
            <velocity>
               <exact>6.41</exact>
            </velocity>
         </state>
         <state>
            <position>
               <point>
                  <x>29.7709</x>
                  <y>-28.7166</y>
               </point>
            </position>
            <orientation>
               <exact>0.033484</exact>
            </orientation>
            <time>
               <exact>2.3</exact>
            </time>
            <velocity>
               <exact>5.352</exact>
            </velocity>
         </state>
      </trajectory>
   </obstacle>
   <planningProblem id="3">
      <initialState>
         <position>
            <point>
               <x>0</x>
               <y>0</y>
            </point>
         </position>
         <velocity>
            <exact>10</exact>
         </velocity>
         <orientation>
            <exact>-0.979</exact>
         </orientation>
         <yawRate>
            <exact>0</exact>
         </yawRate>
         <slipAngle>
            <exact>0</exact>
         </slipAngle>
         <time>
            <exact>0</exact>
         </time>
      </initialState>
      <goalRegion>
         <state>
            <position>
               <rectangle>
                  <length>8.1405</length>
                  <width>2.7135</width>
                  <orientation>-0.28186</orientation>
                  <center>
                     <x>21</x>
                     <y>-26.5</y>
                  </center>
               </rectangle>
            </position>
            <orientation>
               <intervalStart>-0.17453</intervalStart>
               <intervalEnd>0.17453</intervalEnd>
            </orientation>
            <time>
               <intervalStart>0</intervalStart>
               <intervalEnd>2.3</intervalEnd>
            </time>
         </state>
      </goalRegion>
   </planningProblem>
</commonRoad>