<?xml version="1.0" encoding="utf-8"?>
<commonRoad affiliation="Technical University of Munich, Germany" author="Vanessa Bui, Markus Koschi, Sebastian Lutz, Surabhi Verma" benchmarkID="DEU_Muc-2_1_T-1" commonRoadVersion="2018a" date="2018-06-17" source="Bing Maps" tags="urban two_lane no_oncoming_traffic parallel_lanes lane_change comfort speed_limit lane_blocked" timeStepSize="0.1">
   <lanelet id="34782">
      <leftBound>
         <point>
            <x>122.5751</x>
            <y>-26.8734</y>
         </point>
         <point>
            <x>96.9439</x>
            <y>-21.7811</y>
         </point>
         <point>
            <x>96.8929</x>
            <y>-21.7709</y>
         </point>
         <point>
            <x>71.2923</x>
            <y>-16.3742</y>
         </point>
         <point>
            <x>71.2626</x>
            <y>-16.3678</y>
         </point>
         <point>
            <x>38.5217</x>
            <y>-9.3605</y>
         </point>
         <point>
            <x>-0.24521</x>
            <y>-1.6948</y>
         </point>
         <point>
            <x>-27.5462</x>
            <y>3.175</y>
         </point>
         <point>
            <x>-27.6499</x>
            <y>3.194</y>
         </point>
         <point>
            <x>-63.0238</x>
            <y>9.6712</y>
         </point>
         <point>
            <x>-63.095</x>
            <y>9.684</y>
         </point>
         <point>
            <x>-85.8574</x>
            <y>13.7668</y>
         </point>
         <point>
            <x>-85.9756</x>
            <y>13.7864</y>
         </point>
         <point>
            <x>-121.321</x>
            <y>19.6441</y>
         </point>
         <point>
            <x>-121.3538</x>
            <y>19.6496</y>
         </point>
         <point>
            <x>-155.3542</x>
            <y>24.9015</y>
         </point>
         <point>
            <x>-155.3845</x>
            <y>24.9064</y>
         </point>
         <point>
            <x>-171.4826</x>
            <y>27.5127</y>
         </point>
         <point>
            <x>-171.5325</x>
            <y>27.5208</y>
         </point>
         <point>
            <x>-181.269</x>
            <y>29.1969</y>
         </point>
         <point>
            <x>-186.8515</x>
            <y>30.5073</y>
         </point>
         <point>
            <x>-187.163</x>
            <y>30.5955</y>
         </point>
         <point>
            <x>-199.1123</x>
            <y>33.9774</y>
         </point>
         <point>
            <x>-199.1975</x>
            <y>34.0002</y>
         </point>
         <point>
            <x>-204.4299</x>
            <y>35.404</y>
         </point>
         <point>
            <x>-211.019</x>
            <y>36.8214</y>
         </point>
         <point>
            <x>-217.359</x>
            <y>37.8348</y>
         </point>
         <point>
            <x>-217.5565</x>
            <y>37.8664</y>
         </point>
         <point>
            <x>-257.0707</x>
            <y>43.4981</y>
         </point>
         <point>
            <x>-257.2056</x>
            <y>43.5047</y>
         </point>
         <point>
            <x>-269.1818</x>
            <y>44.0941</y>
         </point>
         <point>
            <x>-280.9032</x>
            <y>44.6709</y>
         </point>
         <point>
            <x>-281.3254</x>
            <y>44.7306</y>
         </point>
         <point>
            <x>-294.0392</x>
            <y>46.5274</y>
         </point>
         <point>
            <x>-294.1903</x>
            <y>46.5485</y>
         </point>
         <point>
            <x>-316.5592</x>
            <y>49.6689</y>
         </point>
         <point>
            <x>-352.1498</x>
            <y>54.5946</y>
         </point>
         <point>
            <x>-352.4654</x>
            <y>54.651</y>
         </point>
         <point>
            <x>-366.5269</x>
            <y>57.1654</y>
         </point>
      </leftBound>
      <rightBound>
         <point>
            <x>123.1235</x>
            <y>-23.9874</y>
         </point>
         <point>
            <x>97.5182</x>
            <y>-18.8902</y>
         </point>
         <point>
            <x>97.4974</x>
            <y>-18.8859</y>
         </point>
         <point>
            <x>71.8904</x>
            <y>-13.5201</y>
         </point>
         <point>
            <x>71.8728</x>
            <y>-13.5164</y>
         </point>
         <point>
            <x>39.098</x>
            <y>-6.5757</y>
         </point>
         <point>
            <x>0.33798</x>
            <y>1.2089</y>
         </point>
         <point>
            <x>-26.9247</x>
            <y>6.4241</y>
         </point>
         <point>
            <x>-27.0539</x>
            <y>6.4489</y>
         </point>
         <point>
            <x>-62.4663</x>
            <y>12.7866</y>
         </point>
         <point>
            <x>-62.5363</x>
            <y>12.7991</y>
         </point>
         <point>
            <x>-85.3463</x>
            <y>16.7316</y>
         </point>
         <point>
            <x>-85.4836</x>
            <y>16.7553</y>
         </point>
         <point>
            <x>-120.8054</x>
            <y>22.755</y>
         </point>
         <point>
            <x>-120.8482</x>
            <y>22.7619</y>
         </point>
         <point>
            <x>-154.8056</x>
            <y>28.2785</y>
         </point>
         <point>
            <x>-154.8377</x>
            <y>28.2838</y>
         </point>
         <point>
            <x>-170.928</x>
            <y>30.938</y>
         </point>
         <point>
            <x>-170.9789</x>
            <y>30.9462</y>
         </point>
         <point>
            <x>-180.6342</x>
            <y>32.5069</y>
         </point>
         <point>
            <x>-186.0615</x>
            <y>33.8065</y>
         </point>
         <point>
            <x>-186.242</x>
            <y>33.8498</y>
         </point>
         <point>
            <x>-198.1119</x>
            <y>37.3602</y>
         </point>
         <point>
            <x>-198.2826</x>
            <y>37.4106</y>
         </point>
         <point>
            <x>-203.6291</x>
            <y>38.6916</y>
         </point>
         <point>
            <x>-210.3437</x>
            <y>40.0822</y>
         </point>
         <point>
            <x>-216.8507</x>
            <y>41.0147</y>
         </point>
         <point>
            <x>-217.1008</x>
            <y>41.0505</y>
         </point>
         <point>
            <x>-256.6117</x>
            <y>46.7052</y>
         </point>
         <point>
            <x>-257.0451</x>
            <y>46.7672</y>
         </point>
         <point>
            <x>-269.0254</x>
            <y>47.2713</y>
         </point>
         <point>
            <x>-280.7052</x>
            <y>47.9719</y>
         </point>
         <point>
            <x>-280.8659</x>
            <y>47.9816</y>
         </point>
         <point>
            <x>-293.6856</x>
            <y>49.5044</y>
         </point>
         <point>
            <x>-293.7765</x>
            <y>49.5152</y>
         </point>
         <point>
            <x>-316.1696</x>
            <y>52.4985</y>
         </point>
         <point>
            <x>-351.668</x>
            <y>57.8128</y>
         </point>
         <point>
            <x>-351.894</x>
            <y>57.8467</y>
         </point>
         <point>
            <x>-366.0617</x>
            <y>60.1261</y>
         </point>
      </rightBound>
      <speedLimit>14</speedLimit>
   </lanelet>
   <lanelet id="34784">
      <leftBound>
         <point>
            <x>123.1235</x>
            <y>-23.9874</y>
         </point>
         <point>
            <x>97.5182</x>
            <y>-18.8902</y>
         </point>
         <point>
            <x>71.8728</x>
            <y>-13.5164</y>
         </point>
         <point>
            <x>71.841</x>
            <y>-13.5097</y>
         </point>
         <point>
            <x>39.098</x>
            <y>-6.5757</y>
         </point>
         <point>
            <x>0.31996</x>
            <y>1.2125</y>
         </point>
         <point>
            <x>0.30209</x>
            <y>1.2161</y>
         </point>
         <point>
            <x>-27.0515</x>
            <y>6.4484</y>
         </point>
         <point>
            <x>-62.5363</x>
            <y>12.7991</y>
         </point>
         <point>
            <x>-62.5724</x>
            <y>12.8053</y>
         </point>
         <point>
            <x>-85.4836</x>
            <y>16.7553</y>
         </point>
         <point>
            <x>-120.8054</x>
            <y>22.755</y>
         </point>
         <point>
            <x>-120.8636</x>
            <y>22.7644</y>
         </point>
         <point>
            <x>-154.8377</x>
            <y>28.2838</y>
         </point>
         <point>
            <x>-170.928</x>
            <y>30.938</y>
         </point>
         <point>
            <x>-171.1437</x>
            <y>30.9728</y>
         </point>
         <point>
            <x>-180.6342</x>
            <y>32.5069</y>
         </point>
         <point>
            <x>-181.0067</x>
            <y>32.5961</y>
         </point>
         <point>
            <x>-186.242</x>
            <y>33.8498</y>
         </point>
         <point>
            <x>-186.6361</x>
            <y>33.9663</y>
         </point>
         <point>
            <x>-197.8947</x>
            <y>37.2959</y>
         </point>
         <point>
            <x>-198.2826</x>
            <y>37.4106</y>
         </point>
         <point>
            <x>-203.5635</x>
            <y>38.6759</y>
         </point>
         <point>
            <x>-203.6291</x>
            <y>38.6916</y>
         </point>
         <point>
            <x>-210.4891</x>
            <y>40.1123</y>
         </point>
         <point>
            <x>-216.8339</x>
            <y>41.0123</y>
         </point>
         <point>
            <x>-257.0451</x>
            <y>46.7672</y>
         </point>
         <point>
            <x>-269.0254</x>
            <y>47.2713</y>
         </point>
         <point>
            <x>-269.1653</x>
            <y>47.2797</y>
         </point>
         <point>
            <x>-280.8659</x>
            <y>47.9816</y>
         </point>
         <point>
            <x>-281.2979</x>
            <y>48.0329</y>
         </point>
         <point>
            <x>-293.7765</x>
            <y>49.5152</y>
         </point>
         <point>
            <x>-293.9094</x>
            <y>49.5329</y>
         </point>
         <point>
            <x>-316.1329</x>
            <y>52.4936</y>
         </point>
         <point>
            <x>-351.894</x>
            <y>57.8467</y>
         </point>
         <point>
            <x>-351.9432</x>
            <y>57.8546</y>
         </point>
         <point>
            <x>-366.0617</x>
            <y>60.1261</y>
         </point>
      </leftBound>
      <rightBound>
         <point>
            <x>123.788</x>
            <y>-20.8487</y>
         </point>
         <point>
            <x>98.1471</x>
            <y>-15.7483</y>
         </point>
         <point>
            <x>72.5148</x>
            <y>-10.4251</y>
         </point>
         <point>
            <x>72.4951</x>
            <y>-10.421</y>
         </point>
         <point>
            <x>39.7077</x>
            <y>-3.6316</y>
         </point>
         <point>
            <x>0.95347</x>
            <y>4.3668</y>
         </point>
         <point>
            <x>0.90726</x>
            <y>4.3756</y>
         </point>
         <point>
            <x>-26.4458</x>
            <y>9.6148</y>
         </point>
         <point>
            <x>-61.9697</x>
            <y>15.9675</y>
         </point>
         <point>
            <x>-62.0255</x>
            <y>15.9775</y>
         </point>
         <point>
            <x>-84.9194</x>
            <y>19.9814</y>
         </point>
         <point>
            <x>-120.2546</x>
            <y>25.9929</y>
         </point>
         <point>
            <x>-120.3368</x>
            <y>26.0069</y>
         </point>
         <point>
            <x>-154.3331</x>
            <y>31.4407</y>
         </point>
         <point>
            <x>-170.4196</x>
            <y>34.0601</y>
         </point>
         <point>
            <x>-170.6389</x>
            <y>34.0958</y>
         </point>
         <point>
            <x>-180.0245</x>
            <y>35.822</y>
         </point>
         <point>
            <x>-180.2254</x>
            <y>35.859</y>
         </point>
         <point>
            <x>-185.6238</x>
            <y>36.9393</y>
         </point>
         <point>
            <x>-185.7495</x>
            <y>36.9644</y>
         </point>
         <point>
            <x>-197.0547</x>
            <y>40.1363</y>
         </point>
         <point>
            <x>-197.3827</x>
            <y>40.2406</y>
         </point>
         <point>
            <x>-202.7776</x>
            <y>41.9561</y>
         </point>
         <point>
            <x>-203.1022</x>
            <y>42.0077</y>
         </point>
         <point>
            <x>-209.9989</x>
            <y>43.1034</y>
         </point>
         <point>
            <x>-216.413</x>
            <y>43.9798</y>
         </point>
         <point>
            <x>-256.6196</x>
            <y>50.0126</y>
         </point>
         <point>
            <x>-268.9002</x>
            <y>50.4902</y>
         </point>
         <point>
            <x>-268.9726</x>
            <y>50.4931</y>
         </point>
         <point>
            <x>-280.6292</x>
            <y>51.3198</y>
         </point>
         <point>
            <x>-280.9051</x>
            <y>51.3394</y>
         </point>
         <point>
            <x>-293.5008</x>
            <y>52.5017</y>
         </point>
         <point>
            <x>-293.5137</x>
            <y>52.5029</y>
         </point>
         <point>
            <x>-315.7552</x>
            <y>55.3289</y>
         </point>
         <point>
            <x>-351.4229</x>
            <y>60.8759</y>
         </point>
         <point>
            <x>-351.4562</x>
            <y>60.8811</y>
         </point>
         <point>
            <x>-365.5965</x>
            <y>63.0869</y>
         </point>
      </rightBound>
      <speedLimit>14</speedLimit>
   </lanelet>
   <obstacle id="202">
      <role>dynamic</role>
      <type>car</type>
      <shape>
         <rectangle>
            <length>4.8</length>
            <width>2</width>
         </rectangle>
      </shape>
      <trajectory>
         <state>
            <position>
               <point>
                  <x>-15.9538</x>
                  <y>6.3952</y>
               </point>
            </position>
            <orientation>
               <exact>2.9322</exact>
            </orientation>
            <time>
               <exact>0</exact>
            </time>
            <velocity>
               <exact>14</exact>
            </velocity>
            <acceleration>
               <exact>0</exact>
            </acceleration>
         </state>
         <state>
            <position>
               <point>
                  <x>-17.4002</x>
                  <y>6.2422</y>
               </point>
            </position>
            <orientation>
               <exact>2.9525</exact>
            </orientation>
            <time>
               <exact>0.1</exact>
            </time>
            <velocity>
               <exact>14</exact>
            </velocity>
            <acceleration>
               <exact>0</exact>
            </acceleration>
         </state>
         <state>
            <position>
               <point>
                  <x>-18.7753</x>
                  <y>6.5054</y>
               </point>
            </position>
            <orientation>
               <exact>2.9525</exact>
            </orientation>
            <time>
               <exact>0.2</exact>
            </time>
            <velocity>
               <exact>14</exact>
            </velocity>
            <acceleration>
               <exact>0</exact>
            </acceleration>
         </state>
         <state>
            <position>
               <point>
                  <x>-20.1503</x>
                  <y>6.7686</y>
               </point>
            </position>
            <orientation>
               <exact>2.9525</exact>
            </orientation>
            <time>
               <exact>0.3</exact>
            </time>
            <velocity>
               <exact>14</exact>
            </velocity>
            <acceleration>
               <exact>0</exact>
            </acceleration>
         </state>
         <state>
            <position>
               <point>
                  <x>-21.5253</x>
                  <y>7.0318</y>
               </point>
            </position>
            <orientation>
               <exact>2.9525</exact>
            </orientation>
            <time>
               <exact>0.4</exact>
            </time>
            <velocity>
               <exact>14</exact>
            </velocity>
            <acceleration>
               <exact>0</exact>
            </acceleration>
         </state>
         <state>
            <position>
               <point>
                  <x>-22.9004</x>
                  <y>7.295</y>
               </point>
            </position>
            <orientation>
               <exact>2.9525</exact>
            </orientation>
            <time>
               <exact>0.5</exact>
            </time>
            <velocity>
               <exact>14</exact>
            </velocity>
            <acceleration>
               <exact>0</exact>
            </acceleration>
         </state>
         <state>
            <position>
               <point>
                  <x>-24.2754</x>
                  <y>7.5582</y>
               </point>
            </position>
            <orientation>
               <exact>2.9525</exact>
            </orientation>
            <time>
               <exact>0.6</exact>
            </time>
            <velocity>
               <exact>14</exact>
            </velocity>
            <acceleration>
               <exact>0</exact>
            </acceleration>
         </state>
         <state>
            <position>
               <point>
                  <x>-25.6505</x>
                  <y>7.8214</y>
               </point>
            </position>
            <orientation>
               <exact>2.9525</exact>
            </orientation>
            <time>
               <exact>0.7</exact>
            </time>
            <velocity>
               <exact>14</exact>
            </velocity>
            <acceleration>
               <exact>0</exact>
            </acceleration>
         </state>
         <state>
            <position>
               <point>
                  <x>-27.0261</x>
                  <y>8.0812</y>
               </point>
            </position>
            <orientation>
               <exact>2.9646</exact>
            </orientation>
            <time>
               <exact>0.8</exact>
            </time>
            <velocity>
               <exact>14</exact>
            </velocity>
            <acceleration>
               <exact>0</exact>
            </acceleration>
         </state>
         <state>
            <position>
               <point>
                  <x>-28.4042</x>
                  <y>8.3278</y>
               </point>
            </position>
            <orientation>
               <exact>2.9646</exact>
            </orientation>
            <time>
               <exact>0.9</exact>
            </time>
            <velocity>
               <exact>14</exact>
            </velocity>
            <acceleration>
               <exact>0</exact>
            </acceleration>
         </state>
         <state>
            <position>
               <point>
                  <x>-29.7824</x>
                  <y>8.5743</y>
               </point>
            </position>
            <orientation>
               <exact>2.9646</exact>
            </orientation>
            <time>
               <exact>1</exact>
            </time>
            <velocity>
               <exact>14</exact>
            </velocity>
            <acceleration>
               <exact>0</exact>
            </acceleration>
         </state>
         <state>
            <position>
               <point>
                  <x>-31.1605</x>
                  <y>8.8209</y>
               </point>
            </position>
            <orientation>
               <exact>2.9646</exact>
            </orientation>
            <time>
               <exact>1.1</exact>
            </time>
            <velocity>
               <exact>14</exact>
            </velocity>
            <acceleration>
               <exact>0</exact>
            </acceleration>
         </state>
         <state>
            <position>
               <point>
                  <x>-32.5386</x>
                  <y>9.0674</y>
               </point>
            </position>
            <orientation>
               <exact>2.9646</exact>
            </orientation>
            <time>
               <exact>1.2</exact>
            </time>
            <velocity>
               <exact>14</exact>
            </velocity>
            <acceleration>
               <exact>0</exact>
            </acceleration>
         </state>
         <state>
            <position>
               <point>
                  <x>-33.9167</x>
                  <y>9.314</y>
               </point>
            </position>
            <orientation>
               <exact>2.9646</exact>
            </orientation>
            <time>
               <exact>1.3</exact>
            </time>
            <velocity>
               <exact>14</exact>
            </velocity>
            <acceleration>
               <exact>0</exact>
            </acceleration>
         </state>
         <state>
            <position>
               <point>
                  <x>-35.2948</x>
                  <y>9.5605</y>
               </point>
            </position>
            <orientation>
               <exact>2.9646</exact>
            </orientation>
            <time>
               <exact>1.4</exact>
            </time>
            <velocity>
               <exact>14</exact>
            </velocity>
            <acceleration>
               <exact>0</exact>
            </acceleration>
         </state>
         <state>
            <position>
               <point>
                  <x>-36.673</x>
                  <y>9.8071</y>
               </point>
            </position>
            <orientation>
               <exact>2.9646</exact>
            </orientation>
            <time>
               <exact>1.5</exact>
            </time>
            <velocity>
               <exact>14</exact>
            </velocity>
            <acceleration>
               <exact>0</exact>
            </acceleration>
         </state>
         <state>
            <position>
               <point>
                  <x>-38.0511</x>
                  <y>10.0536</y>
               </point>
            </position>
            <orientation>
               <exact>2.9646</exact>
            </orientation>
            <time>
               <exact>1.6</exact>
            </time>
            <velocity>
               <exact>14</exact>
            </velocity>
            <acceleration>
               <exact>0</exact>
            </acceleration>
         </state>
         <state>
            <position>
               <point>
                  <x>-39.4292</x>
                  <y>10.3001</y>
               </point>
            </position>
            <orientation>
               <exact>2.9646</exact>
            </orientation>
            <time>
               <exact>1.7</exact>
            </time>
            <velocity>
               <exact>14</exact>
            </velocity>
            <acceleration>
               <exact>0</exact>
            </acceleration>
         </state>
         <state>
            <position>
               <point>
                  <x>-40.8073</x>
                  <y>10.5467</y>
               </point>
            </position>
            <orientation>
               <exact>2.9646</exact>
            </orientation>
            <time>
               <exact>1.8</exact>
            </time>
            <velocity>
               <exact>14</exact>
            </velocity>
            <acceleration>
               <exact>0</exact>
            </acceleration>
         </state>
         <state>
            <position>
               <point>
                  <x>-42.1854</x>
                  <y>10.7932</y>
               </point>
            </position>
            <orientation>
               <exact>2.9646</exact>
            </orientation>
            <time>
               <exact>1.9</exact>
            </time>
            <velocity>
               <exact>14</exact>
            </velocity>
            <acceleration>
               <exact>0</exact>
            </acceleration>
         </state>
         <state>
            <position>
               <point>
                  <x>-43.5636</x>
                  <y>11.0398</y>
               </point>
            </position>
            <orientation>
               <exact>2.9646</exact>
            </orientation>
            <time>
               <exact>2</exact>
            </time>
            <velocity>
               <exact>14</exact>
            </velocity>
            <acceleration>
               <exact>0</exact>
            </acceleration>
         </state>
         <state>
            <position>
               <point>
                  <x>-44.9417</x>
                  <y>11.2863</y>
               </point>
            </position>
            <orientation>
               <exact>2.9646</exact>
            </orientation>
            <time>
               <exact>2.1</exact>
            </time>
            <velocity>
               <exact>14</exact>
            </velocity>
            <acceleration>
               <exact>0</exact>
            </acceleration>
         </state>
         <state>
            <position>
               <point>
                  <x>-46.3198</x>
                  <y>11.5329</y>
               </point>
            </position>
            <orientation>
               <exact>2.9646</exact>
            </orientation>
            <time>
               <exact>2.2</exact>
            </time>
            <velocity>
               <exact>14</exact>
            </velocity>
            <acceleration>
               <exact>0</exact>
            </acceleration>
         </state>
         <state>
            <position>
               <point>
                  <x>-47.6979</x>
                  <y>11.7794</y>
               </point>
            </position>
            <orientation>
               <exact>2.9646</exact>
            </orientation>
            <time>
               <exact>2.3</exact>
            </time>
            <velocity>
               <exact>14</exact>
            </velocity>
            <acceleration>
               <exact>0</exact>
            </acceleration>
         </state>
         <state>
            <position>
               <point>
                  <x>-49.076</x>
                  <y>12.026</y>
               </point>
            </position>
            <orientation>
               <exact>2.9646</exact>
            </orientation>
            <time>
               <exact>2.4</exact>
            </time>
            <velocity>
               <exact>14</exact>
            </velocity>
            <acceleration>
               <exact>0</exact>
            </acceleration>
         </state>
         <state>
            <position>
               <point>
                  <x>-50.4542</x>
                  <y>12.2725</y>
               </point>
            </position>
            <orientation>
               <exact>2.9646</exact>
            </orientation>
            <time>
               <exact>2.5</exact>
            </time>
            <velocity>
               <exact>14</exact>
            </velocity>
            <acceleration>
               <exact>0</exact>
            </acceleration>
         </state>
         <state>
            <position>
               <point>
                  <x>-51.8323</x>
                  <y>12.5191</y>
               </point>
            </position>
            <orientation>
               <exact>2.9646</exact>
            </orientation>
            <time>
               <exact>2.6</exact>
            </time>
            <velocity>
               <exact>14</exact>
            </velocity>
            <acceleration>
               <exact>0</exact>
            </acceleration>
         </state>
         <state>
            <position>
               <point>
                  <x>-53.2104</x>
                  <y>12.7656</y>
               </point>
            </position>
            <orientation>
               <exact>2.9646</exact>
            </orientation>
            <time>
               <exact>2.7</exact>
            </time>
            <velocity>
               <exact>14</exact>
            </velocity>
            <acceleration>
               <exact>0</exact>
            </acceleration>
         </state>
         <state>
            <position>
               <point>
                  <x>-54.5885</x>
                  <y>13.0121</y>
               </point>
            </position>
            <orientation>
               <exact>2.9646</exact>
            </orientation>
            <time>
               <exact>2.8</exact>
            </time>
            <velocity>
               <exact>14</exact>
            </velocity>
            <acceleration>
               <exact>0</exact>
            </acceleration>
         </state>
         <state>
            <position>
               <point>
                  <x>-55.9666</x>
                  <y>13.2587</y>
               </point>
            </position>
            <orientation>
               <exact>2.9646</exact>
            </orientation>
            <time>
               <exact>2.9</exact>
            </time>
            <velocity>
               <exact>14</exact>
            </velocity>
            <acceleration>
               <exact>0</exact>
            </acceleration>
         </state>
         <state>
            <position>
               <point>
                  <x>-57.3448</x>
                  <y>13.5052</y>
               </point>
            </position>
            <orientation>
               <exact>2.9646</exact>
            </orientation>
            <time>
               <exact>3</exact>
            </time>
            <velocity>
               <exact>14</exact>
            </velocity>
            <acceleration>
               <exact>0</exact>
            </acceleration>
         </state>
      </trajectory>
   </obstacle>
   <obstacle id="203">
      <role>dynamic</role>
      <type>car</type>
      <shape>
         <rectangle>
            <length>4.8</length>
            <width>2</width>
         </rectangle>
      </shape>
      <trajectory>
         <state>
            <position>
               <point>
                  <x>9.5268</x>
                  <y>1.4675</y>
               </point>
            </position>
            <orientation>
               <exact>2.9322</exact>
            </orientation>
            <time>
               <exact>0</exact>
            </time>
            <velocity>
               <exact>13</exact>
            </velocity>
            <acceleration>
               <exact>0</exact>
            </acceleration>
         </state>
         <state>
            <position>
               <point>
                  <x>8.17</x>
                  <y>1.2558</y>
               </point>
            </position>
            <orientation>
               <exact>2.9407</exact>
            </orientation>
            <time>
               <exact>0.1</exact>
            </time>
            <velocity>
               <exact>13</exact>
            </velocity>
            <acceleration>
               <exact>0</exact>
            </acceleration>
         </state>
         <state>
            <position>
               <point>
                  <x>6.8961</x>
                  <y>1.5151</y>
               </point>
            </position>
            <orientation>
               <exact>2.9407</exact>
            </orientation>
            <time>
               <exact>0.2</exact>
            </time>
            <velocity>
               <exact>13</exact>
            </velocity>
            <acceleration>
               <exact>0</exact>
            </acceleration>
         </state>
         <state>
            <position>
               <point>
                  <x>5.6223</x>
                  <y>1.7745</y>
               </point>
            </position>
            <orientation>
               <exact>2.9407</exact>
            </orientation>
            <time>
               <exact>0.3</exact>
            </time>
            <velocity>
               <exact>13</exact>
            </velocity>
            <acceleration>
               <exact>0</exact>
            </acceleration>
         </state>
         <state>
            <position>
               <point>
                  <x>4.3484</x>
                  <y>2.0339</y>
               </point>
            </position>
            <orientation>
               <exact>2.9407</exact>
            </orientation>
            <time>
               <exact>0.4</exact>
            </time>
            <velocity>
               <exact>13</exact>
            </velocity>
            <acceleration>
               <exact>0</exact>
            </acceleration>
         </state>
         <state>
            <position>
               <point>
                  <x>3.0745</x>
                  <y>2.2933</y>
               </point>
            </position>
            <orientation>
               <exact>2.9407</exact>
            </orientation>
            <time>
               <exact>0.5</exact>
            </time>
            <velocity>
               <exact>13</exact>
            </velocity>
            <acceleration>
               <exact>0</exact>
            </acceleration>
         </state>
         <state>
            <position>
               <point>
                  <x>1.8007</x>
                  <y>2.5526</y>
               </point>
            </position>
            <orientation>
               <exact>2.9407</exact>
            </orientation>
            <time>
               <exact>0.6</exact>
            </time>
            <velocity>
               <exact>13</exact>
            </velocity>
            <acceleration>
               <exact>0</exact>
            </acceleration>
         </state>
         <state>
            <position>
               <point>
                  <x>0.52656</x>
                  <y>2.8108</y>
               </point>
            </position>
            <orientation>
               <exact>2.9525</exact>
            </orientation>
            <time>
               <exact>0.7</exact>
            </time>
            <velocity>
               <exact>13</exact>
            </velocity>
            <acceleration>
               <exact>0</exact>
            </acceleration>
         </state>
         <state>
            <position>
               <point>
                  <x>-0.75026</x>
                  <y>3.0552</y>
               </point>
            </position>
            <orientation>
               <exact>2.9525</exact>
            </orientation>
            <time>
               <exact>0.8</exact>
            </time>
            <velocity>
               <exact>13</exact>
            </velocity>
            <acceleration>
               <exact>0</exact>
            </acceleration>
         </state>
         <state>
            <position>
               <point>
                  <x>-2.0271</x>
                  <y>3.2996</y>
               </point>
            </position>
            <orientation>
               <exact>2.9525</exact>
            </orientation>
            <time>
               <exact>0.9</exact>
            </time>
            <velocity>
               <exact>13</exact>
            </velocity>
            <acceleration>
               <exact>0</exact>
            </acceleration>
         </state>
         <state>
            <position>
               <point>
                  <x>-3.3039</x>
                  <y>3.544</y>
               </point>
            </position>
            <orientation>
               <exact>2.9525</exact>
            </orientation>
            <time>
               <exact>1</exact>
            </time>
            <velocity>
               <exact>13</exact>
            </velocity>
            <acceleration>
               <exact>0</exact>
            </acceleration>
         </state>
         <state>
            <position>
               <point>
                  <x>-4.5807</x>
                  <y>3.7884</y>
               </point>
            </position>
            <orientation>
               <exact>2.9525</exact>
            </orientation>
            <time>
               <exact>1.1</exact>
            </time>
            <velocity>
               <exact>13</exact>
            </velocity>
            <acceleration>
               <exact>0</exact>
            </acceleration>
         </state>
         <state>
            <position>
               <point>
                  <x>-5.8575</x>
                  <y>4.0328</y>
               </point>
            </position>
            <orientation>
               <exact>2.9525</exact>
            </orientation>
            <time>
               <exact>1.2</exact>
            </time>
            <velocity>
               <exact>13</exact>
            </velocity>
            <acceleration>
               <exact>0</exact>
            </acceleration>
         </state>
         <state>
            <position>
               <point>
                  <x>-7.1344</x>
                  <y>4.2772</y>
               </point>
            </position>
            <orientation>
               <exact>2.9525</exact>
            </orientation>
            <time>
               <exact>1.3</exact>
            </time>
            <velocity>
               <exact>13</exact>
            </velocity>
            <acceleration>
               <exact>0</exact>
            </acceleration>
         </state>
         <state>
            <position>
               <point>
                  <x>-8.4112</x>
                  <y>4.5216</y>
               </point>
            </position>
            <orientation>
               <exact>2.9525</exact>
            </orientation>
            <time>
               <exact>1.4</exact>
            </time>
            <velocity>
               <exact>13</exact>
            </velocity>
            <acceleration>
               <exact>0</exact>
            </acceleration>
         </state>
         <state>
            <position>
               <point>
                  <x>-9.688</x>
                  <y>4.766</y>
               </point>
            </position>
            <orientation>
               <exact>2.9525</exact>
            </orientation>
            <time>
               <exact>1.5</exact>
            </time>
            <velocity>
               <exact>13</exact>
            </velocity>
            <acceleration>
               <exact>0</exact>
            </acceleration>
         </state>
         <state>
            <position>
               <point>
                  <x>-10.9648</x>
                  <y>5.0104</y>
               </point>
            </position>
            <orientation>
               <exact>2.9525</exact>
            </orientation>
            <time>
               <exact>1.6</exact>
            </time>
            <velocity>
               <exact>13</exact>
            </velocity>
            <acceleration>
               <exact>0</exact>
            </acceleration>
         </state>
         <state>
            <position>
               <point>
                  <x>-12.2416</x>
                  <y>5.2548</y>
               </point>
            </position>
            <orientation>
               <exact>2.9525</exact>
            </orientation>
            <time>
               <exact>1.7</exact>
            </time>
            <velocity>
               <exact>13</exact>
            </velocity>
            <acceleration>
               <exact>0</exact>
            </acceleration>
         </state>
         <state>
            <position>
               <point>
                  <x>-13.5185</x>
                  <y>5.4992</y>
               </point>
            </position>
            <orientation>
               <exact>2.9525</exact>
            </orientation>
            <time>
               <exact>1.8</exact>
            </time>
            <velocity>
               <exact>13</exact>
            </velocity>
            <acceleration>
               <exact>0</exact>
            </acceleration>
         </state>
         <state>
            <position>
               <point>
                  <x>-14.7953</x>
                  <y>5.7436</y>
               </point>
            </position>
            <orientation>
               <exact>2.9525</exact>
            </orientation>
            <time>
               <exact>1.9</exact>
            </time>
            <velocity>
               <exact>13</exact>
            </velocity>
            <acceleration>
               <exact>0</exact>
            </acceleration>
         </state>
         <state>
            <position>
               <point>
                  <x>-16.0721</x>
                  <y>5.988</y>
               </point>
            </position>
            <orientation>
               <exact>2.9525</exact>
            </orientation>
            <time>
               <exact>2</exact>
            </time>
            <velocity>
               <exact>13</exact>
            </velocity>
            <acceleration>
               <exact>0</exact>
            </acceleration>
         </state>
         <state>
            <position>
               <point>
                  <x>-17.3489</x>
                  <y>6.2324</y>
               </point>
            </position>
            <orientation>
               <exact>2.9525</exact>
            </orientation>
            <time>
               <exact>2.1</exact>
            </time>
            <velocity>
               <exact>13</exact>
            </velocity>
            <acceleration>
               <exact>0</exact>
            </acceleration>
         </state>
         <state>
            <position>
               <point>
                  <x>-18.6257</x>
                  <y>6.4768</y>
               </point>
            </position>
            <orientation>
               <exact>2.9525</exact>
            </orientation>
            <time>
               <exact>2.2</exact>
            </time>
            <velocity>
               <exact>13</exact>
            </velocity>
            <acceleration>
               <exact>0</exact>
            </acceleration>
         </state>
         <state>
            <position>
               <point>
                  <x>-19.9026</x>
                  <y>6.7212</y>
               </point>
            </position>
            <orientation>
               <exact>2.9525</exact>
            </orientation>
            <time>
               <exact>2.3</exact>
            </time>
            <velocity>
               <exact>13</exact>
            </velocity>
            <acceleration>
               <exact>0</exact>
            </acceleration>
         </state>
         <state>
            <position>
               <point>
                  <x>-21.1794</x>
                  <y>6.9656</y>
               </point>
            </position>
            <orientation>
               <exact>2.9525</exact>
            </orientation>
            <time>
               <exact>2.4</exact>
            </time>
            <velocity>
               <exact>13</exact>
            </velocity>
            <acceleration>
               <exact>0</exact>
            </acceleration>
         </state>
         <state>
            <position>
               <point>
                  <x>-22.4562</x>
                  <y>7.21</y>
               </point>
            </position>
            <orientation>
               <exact>2.9525</exact>
            </orientation>
            <time>
               <exact>2.5</exact>
            </time>
            <velocity>
               <exact>13</exact>
            </velocity>
            <acceleration>
               <exact>0</exact>
            </acceleration>
         </state>
         <state>
            <position>
               <point>
                  <x>-23.733</x>
                  <y>7.4544</y>
               </point>
            </position>
            <orientation>
               <exact>2.9525</exact>
            </orientation>
            <time>
               <exact>2.6</exact>
            </time>
            <velocity>
               <exact>13</exact>
            </velocity>
            <acceleration>
               <exact>0</exact>
            </acceleration>
         </state>
         <state>
            <position>
               <point>
                  <x>-25.0098</x>
                  <y>7.6988</y>
               </point>
            </position>
            <orientation>
               <exact>2.9525</exact>
            </orientation>
            <time>
               <exact>2.7</exact>
            </time>
            <velocity>
               <exact>13</exact>
            </velocity>
            <acceleration>
               <exact>0</exact>
            </acceleration>
         </state>
         <state>
            <position>
               <point>
                  <x>-26.2867</x>
                  <y>7.9432</y>
               </point>
            </position>
            <orientation>
               <exact>2.9525</exact>
            </orientation>
            <time>
               <exact>2.8</exact>
            </time>
            <velocity>
               <exact>13</exact>
            </velocity>
            <acceleration>
               <exact>0</exact>
            </acceleration>
         </state>
         <state>
            <position>
               <point>
                  <x>-27.5653</x>
                  <y>8.1777</y>
               </point>
            </position>
            <orientation>
               <exact>2.9646</exact>
            </orientation>
            <time>
               <exact>2.9</exact>
            </time>
            <velocity>
               <exact>13</exact>
            </velocity>
            <acceleration>
               <exact>0</exact>
            </acceleration>
         </state>
         <state>
            <position>
               <point>
                  <x>-28.845</x>
                  <y>8.4066</y>
               </point>
            </position>
            <orientation>
               <exact>2.9646</exact>
            </orientation>
            <time>
               <exact>3</exact>
            </time>
            <velocity>
               <exact>13</exact>
            </velocity>
            <acceleration>
               <exact>0</exact>
            </acceleration>
         </state>
      </trajectory>
   </obstacle>
   <obstacle id="204">
      <role>dynamic</role>
      <type>car</type>
      <shape>
         <rectangle>
            <length>4.8</length>
            <width>2</width>
         </rectangle>
      </shape>
      <trajectory>
         <state>
            <position>
               <point>
                  <x>1.8143</x>
                  <y>3.12</y>
               </point>
            </position>
            <orientation>
               <exact>2.9322</exact>
            </orientation>
            <time>
               <exact>0</exact>
            </time>
            <velocity>
               <exact>14</exact>
            </velocity>
            <acceleration>
               <exact>0</exact>
            </acceleration>
         </state>
         <state>
            <position>
               <point>
                  <x>0.46294</x>
                  <y>2.823</y>
               </point>
            </position>
            <orientation>
               <exact>2.9525</exact>
            </orientation>
            <time>
               <exact>0.1</exact>
            </time>
            <velocity>
               <exact>14</exact>
            </velocity>
            <acceleration>
               <exact>0</exact>
            </acceleration>
         </state>
         <state>
            <position>
               <point>
                  <x>-0.9121</x>
                  <y>3.0862</y>
               </point>
            </position>
            <orientation>
               <exact>2.9525</exact>
            </orientation>
            <time>
               <exact>0.2</exact>
            </time>
            <velocity>
               <exact>14</exact>
            </velocity>
            <acceleration>
               <exact>0</exact>
            </acceleration>
         </state>
         <state>
            <position>
               <point>
                  <x>-2.2871</x>
                  <y>3.3494</y>
               </point>
            </position>
            <orientation>
               <exact>2.9525</exact>
            </orientation>
            <time>
               <exact>0.3</exact>
            </time>
            <velocity>
               <exact>14</exact>
            </velocity>
            <acceleration>
               <exact>0</exact>
            </acceleration>
         </state>
         <state>
            <position>
               <point>
                  <x>-3.6622</x>
                  <y>3.6126</y>
               </point>
            </position>
            <orientation>
               <exact>2.9525</exact>
            </orientation>
            <time>
               <exact>0.4</exact>
            </time>
            <velocity>
               <exact>14</exact>
            </velocity>
            <acceleration>
               <exact>0</exact>
            </acceleration>
         </state>
         <state>
            <position>
               <point>
                  <x>-5.0372</x>
                  <y>3.8758</y>
               </point>
            </position>
            <orientation>
               <exact>2.9525</exact>
            </orientation>
            <time>
               <exact>0.5</exact>
            </time>
            <velocity>
               <exact>14</exact>
            </velocity>
            <acceleration>
               <exact>0</exact>
            </acceleration>
         </state>
         <state>
            <position>
               <point>
                  <x>-6.4122</x>
                  <y>4.139</y>
               </point>
            </position>
            <orientation>
               <exact>2.9525</exact>
            </orientation>
            <time>
               <exact>0.6</exact>
            </time>
            <velocity>
               <exact>14</exact>
            </velocity>
            <acceleration>
               <exact>0</exact>
            </acceleration>
         </state>
         <state>
            <position>
               <point>
                  <x>-7.7873</x>
                  <y>4.4022</y>
               </point>
            </position>
            <orientation>
               <exact>2.9525</exact>
            </orientation>
            <time>
               <exact>0.7</exact>
            </time>
            <velocity>
               <exact>14</exact>
            </velocity>
            <acceleration>
               <exact>0</exact>
            </acceleration>
         </state>
         <state>
            <position>
               <point>
                  <x>-9.1623</x>
                  <y>4.6654</y>
               </point>
            </position>
            <orientation>
               <exact>2.9525</exact>
            </orientation>
            <time>
               <exact>0.8</exact>
            </time>
            <velocity>
               <exact>14</exact>
            </velocity>
            <acceleration>
               <exact>0</exact>
            </acceleration>
         </state>
         <state>
            <position>
               <point>
                  <x>-10.5374</x>
                  <y>4.9286</y>
               </point>
            </position>
            <orientation>
               <exact>2.9525</exact>
            </orientation>
            <time>
               <exact>0.9</exact>
            </time>
            <velocity>
               <exact>14</exact>
            </velocity>
            <acceleration>
               <exact>0</exact>
            </acceleration>
         </state>
         <state>
            <position>
               <point>
                  <x>-11.9124</x>
                  <y>5.1918</y>
               </point>
            </position>
            <orientation>
               <exact>2.9525</exact>
            </orientation>
            <time>
               <exact>1</exact>
            </time>
            <velocity>
               <exact>14</exact>
            </velocity>
            <acceleration>
               <exact>0</exact>
            </acceleration>
         </state>
         <state>
            <position>
               <point>
                  <x>-13.2874</x>
                  <y>5.455</y>
               </point>
            </position>
            <orientation>
               <exact>2.9525</exact>
            </orientation>
            <time>
               <exact>1.1</exact>
            </time>
            <velocity>
               <exact>14</exact>
            </velocity>
            <acceleration>
               <exact>0</exact>
            </acceleration>
         </state>
         <state>
            <position>
               <point>
                  <x>-14.6625</x>
                  <y>5.7182</y>
               </point>
            </position>
            <orientation>
               <exact>2.9525</exact>
            </orientation>
            <time>
               <exact>1.2</exact>
            </time>
            <velocity>
               <exact>14</exact>
            </velocity>
            <acceleration>
               <exact>0</exact>
            </acceleration>
         </state>
         <state>
            <position>
               <point>
                  <x>-16.0375</x>
                  <y>5.9814</y>
               </point>
            </position>
            <orientation>
               <exact>2.9525</exact>
            </orientation>
            <time>
               <exact>1.3</exact>
            </time>
            <velocity>
               <exact>14</exact>
            </velocity>
            <acceleration>
               <exact>0</exact>
            </acceleration>
         </state>
         <state>
            <position>
               <point>
                  <x>-17.4125</x>
                  <y>6.2446</y>
               </point>
            </position>
            <orientation>
               <exact>2.9525</exact>
            </orientation>
            <time>
               <exact>1.4</exact>
            </time>
            <velocity>
               <exact>14</exact>
            </velocity>
            <acceleration>
               <exact>0</exact>
            </acceleration>
         </state>
         <state>
            <position>
               <point>
                  <x>-18.7876</x>
                  <y>6.5078</y>
               </point>
            </position>
            <orientation>
               <exact>2.9525</exact>
            </orientation>
            <time>
               <exact>1.5</exact>
            </time>
            <velocity>
               <exact>14</exact>
            </velocity>
            <acceleration>
               <exact>0</exact>
            </acceleration>
         </state>
         <state>
            <position>
               <point>
                  <x>-20.1626</x>
                  <y>6.771</y>
               </point>
            </position>
            <orientation>
               <exact>2.9525</exact>
            </orientation>
            <time>
               <exact>1.6</exact>
            </time>
            <velocity>
               <exact>14</exact>
            </velocity>
            <acceleration>
               <exact>0</exact>
            </acceleration>
         </state>
         <state>
            <position>
               <point>
                  <x>-21.5377</x>
                  <y>7.0342</y>
               </point>
            </position>
            <orientation>
               <exact>2.9525</exact>
            </orientation>
            <time>
               <exact>1.7</exact>
            </time>
            <velocity>
               <exact>14</exact>
            </velocity>
            <acceleration>
               <exact>0</exact>
            </acceleration>
         </state>
         <state>
            <position>
               <point>
                  <x>-22.9127</x>
                  <y>7.2974</y>
               </point>
            </position>
            <orientation>
               <exact>2.9525</exact>
            </orientation>
            <time>
               <exact>1.8</exact>
            </time>
            <velocity>
               <exact>14</exact>
            </velocity>
            <acceleration>
               <exact>0</exact>
            </acceleration>
         </state>
         <state>
            <position>
               <point>
                  <x>-24.2877</x>
                  <y>7.5605</y>
               </point>
            </position>
            <orientation>
               <exact>2.9525</exact>
            </orientation>
            <time>
               <exact>1.9</exact>
            </time>
            <velocity>
               <exact>14</exact>
            </velocity>
            <acceleration>
               <exact>0</exact>
            </acceleration>
         </state>
         <state>
            <position>
               <point>
                  <x>-25.6628</x>
                  <y>7.8237</y>
               </point>
            </position>
            <orientation>
               <exact>2.9525</exact>
            </orientation>
            <time>
               <exact>2</exact>
            </time>
            <velocity>
               <exact>14</exact>
            </velocity>
            <acceleration>
               <exact>0</exact>
            </acceleration>
         </state>
         <state>
            <position>
               <point>
                  <x>-27.0384</x>
                  <y>8.0834</y>
               </point>
            </position>
            <orientation>
               <exact>2.9646</exact>
            </orientation>
            <time>
               <exact>2.1</exact>
            </time>
            <velocity>
               <exact>14</exact>
            </velocity>
            <acceleration>
               <exact>0</exact>
            </acceleration>
         </state>
         <state>
            <position>
               <point>
                  <x>-28.4166</x>
                  <y>8.33</y>
               </point>
            </position>
            <orientation>
               <exact>2.9646</exact>
            </orientation>
            <time>
               <exact>2.2</exact>
            </time>
            <velocity>
               <exact>14</exact>
            </velocity>
            <acceleration>
               <exact>0</exact>
            </acceleration>
         </state>
         <state>
            <position>
               <point>
                  <x>-29.7947</x>
                  <y>8.5765</y>
               </point>
            </position>
            <orientation>
               <exact>2.9646</exact>
            </orientation>
            <time>
               <exact>2.3</exact>
            </time>
            <velocity>
               <exact>14</exact>
            </velocity>
            <acceleration>
               <exact>0</exact>
            </acceleration>
         </state>
         <state>
            <position>
               <point>
                  <x>-31.1728</x>
                  <y>8.8231</y>
               </point>
            </position>
            <orientation>
               <exact>2.9646</exact>
            </orientation>
            <time>
               <exact>2.4</exact>
            </time>
            <velocity>
               <exact>14</exact>
            </velocity>
            <acceleration>
               <exact>0</exact>
            </acceleration>
         </state>
         <state>
            <position>
               <point>
                  <x>-32.5509</x>
                  <y>9.0696</y>
               </point>
            </position>
            <orientation>
               <exact>2.9646</exact>
            </orientation>
            <time>
               <exact>2.5</exact>
            </time>
            <velocity>
               <exact>14</exact>
            </velocity>
            <acceleration>
               <exact>0</exact>
            </acceleration>
         </state>
         <state>
            <position>
               <point>
                  <x>-33.929</x>
                  <y>9.3162</y>
               </point>
            </position>
            <orientation>
               <exact>2.9646</exact>
            </orientation>
            <time>
               <exact>2.6</exact>
            </time>
            <velocity>
               <exact>14</exact>
            </velocity>
            <acceleration>
               <exact>0</exact>
            </acceleration>
         </state>
         <state>
            <position>
               <point>
                  <x>-35.3072</x>
                  <y>9.5627</y>
               </point>
            </position>
            <orientation>
               <exact>2.9646</exact>
            </orientation>
            <time>
               <exact>2.7</exact>
            </time>
            <velocity>
               <exact>14</exact>
            </velocity>
            <acceleration>
               <exact>0</exact>
            </acceleration>
         </state>
         <state>
            <position>
               <point>
                  <x>-36.6853</x>
                  <y>9.8093</y>
               </point>
            </position>
            <orientation>
               <exact>2.9646</exact>
            </orientation>
            <time>
               <exact>2.8</exact>
            </time>
            <velocity>
               <exact>14</exact>
            </velocity>
            <acceleration>
               <exact>0</exact>
            </acceleration>
         </state>
         <state>
            <position>
               <point>
                  <x>-38.0634</x>
                  <y>10.0558</y>
               </point>
            </position>
            <orientation>
               <exact>2.9646</exact>
            </orientation>
            <time>
               <exact>2.9</exact>
            </time>
            <velocity>
               <exact>14</exact>
            </velocity>
            <acceleration>
               <exact>0</exact>
            </acceleration>
         </state>
         <state>
            <position>
               <point>
                  <x>-39.4415</x>
                  <y>10.3024</y>
               </point>
            </position>
            <orientation>
               <exact>2.9646</exact>
            </orientation>
            <time>
               <exact>3</exact>
            </time>
            <velocity>
               <exact>14</exact>
            </velocity>
            <acceleration>
               <exact>0</exact>
            </acceleration>
         </state>
      </trajectory>
   </obstacle>
   <obstacle id="205">
      <role>dynamic</role>
      <type>car</type>
      <shape>
         <rectangle>
            <length>4.8</length>
            <width>2</width>
         </rectangle>
      </shape>
      <trajectory>
         <state>
            <position>
               <point>
                  <x>17.5051</x>
                  <y>-3.6074</y>
               </point>
            </position>
            <orientation>
               <exact>2.9322</exact>
            </orientation>
            <time>
               <exact>0</exact>
            </time>
            <velocity>
               <exact>14</exact>
            </velocity>
            <acceleration>
               <exact>0</exact>
            </acceleration>
         </state>
         <state>
            <position>
               <point>
                  <x>16.1105</x>
                  <y>-3.4444</y>
               </point>
            </position>
            <orientation>
               <exact>2.9449</exact>
            </orientation>
            <time>
               <exact>0.1</exact>
            </time>
            <velocity>
               <exact>14</exact>
            </velocity>
            <acceleration>
               <exact>0</exact>
            </acceleration>
         </state>
         <state>
            <position>
               <point>
                  <x>14.7375</x>
                  <y>-3.1707</y>
               </point>
            </position>
            <orientation>
               <exact>2.9449</exact>
            </orientation>
            <time>
               <exact>0.2</exact>
            </time>
            <velocity>
               <exact>14</exact>
            </velocity>
            <acceleration>
               <exact>0</exact>
            </acceleration>
         </state>
         <state>
            <position>
               <point>
                  <x>13.3645</x>
                  <y>-2.8971</y>
               </point>
            </position>
            <orientation>
               <exact>2.9449</exact>
            </orientation>
            <time>
               <exact>0.3</exact>
            </time>
            <velocity>
               <exact>14</exact>
            </velocity>
            <acceleration>
               <exact>0</exact>
            </acceleration>
         </state>
         <state>
            <position>
               <point>
                  <x>11.9915</x>
                  <y>-2.6235</y>
               </point>
            </position>
            <orientation>
               <exact>2.9449</exact>
            </orientation>
            <time>
               <exact>0.4</exact>
            </time>
            <velocity>
               <exact>14</exact>
            </velocity>
            <acceleration>
               <exact>0</exact>
            </acceleration>
         </state>
         <state>
            <position>
               <point>
                  <x>10.6185</x>
                  <y>-2.3499</y>
               </point>
            </position>
            <orientation>
               <exact>2.9449</exact>
            </orientation>
            <time>
               <exact>0.5</exact>
            </time>
            <velocity>
               <exact>14</exact>
            </velocity>
            <acceleration>
               <exact>0</exact>
            </acceleration>
         </state>
         <state>
            <position>
               <point>
                  <x>9.2455</x>
                  <y>-2.0762</y>
               </point>
            </position>
            <orientation>
               <exact>2.9449</exact>
            </orientation>
            <time>
               <exact>0.6</exact>
            </time>
            <velocity>
               <exact>14</exact>
            </velocity>
            <acceleration>
               <exact>0</exact>
            </acceleration>
         </state>
         <state>
            <position>
               <point>
                  <x>7.8725</x>
                  <y>-1.8026</y>
               </point>
            </position>
            <orientation>
               <exact>2.9449</exact>
            </orientation>
            <time>
               <exact>0.7</exact>
            </time>
            <velocity>
               <exact>14</exact>
            </velocity>
            <acceleration>
               <exact>0</exact>
            </acceleration>
         </state>
         <state>
            <position>
               <point>
                  <x>6.4995</x>
                  <y>-1.529</y>
               </point>
            </position>
            <orientation>
               <exact>2.9449</exact>
            </orientation>
            <time>
               <exact>0.8</exact>
            </time>
            <velocity>
               <exact>14</exact>
            </velocity>
            <acceleration>
               <exact>0</exact>
            </acceleration>
         </state>
         <state>
            <position>
               <point>
                  <x>5.1265</x>
                  <y>-1.2554</y>
               </point>
            </position>
            <orientation>
               <exact>2.9449</exact>
            </orientation>
            <time>
               <exact>0.9</exact>
            </time>
            <velocity>
               <exact>14</exact>
            </velocity>
            <acceleration>
               <exact>0</exact>
            </acceleration>
         </state>
         <state>
            <position>
               <point>
                  <x>3.7535</x>
                  <y>-0.98174</y>
               </point>
            </position>
            <orientation>
               <exact>2.9449</exact>
            </orientation>
            <time>
               <exact>1</exact>
            </time>
            <velocity>
               <exact>14</exact>
            </velocity>
            <acceleration>
               <exact>0</exact>
            </acceleration>
         </state>
         <state>
            <position>
               <point>
                  <x>2.3805</x>
                  <y>-0.70812</y>
               </point>
            </position>
            <orientation>
               <exact>2.9449</exact>
            </orientation>
            <time>
               <exact>1.1</exact>
            </time>
            <velocity>
               <exact>14</exact>
            </velocity>
            <acceleration>
               <exact>0</exact>
            </acceleration>
         </state>
         <state>
            <position>
               <point>
                  <x>1.0075</x>
                  <y>-0.43449</y>
               </point>
            </position>
            <orientation>
               <exact>2.9449</exact>
            </orientation>
            <time>
               <exact>1.2</exact>
            </time>
            <velocity>
               <exact>14</exact>
            </velocity>
            <acceleration>
               <exact>0</exact>
            </acceleration>
         </state>
         <state>
            <position>
               <point>
                  <x>-0.36665</x>
                  <y>-0.16662</y>
               </point>
            </position>
            <orientation>
               <exact>2.9588</exact>
            </orientation>
            <time>
               <exact>1.3</exact>
            </time>
            <velocity>
               <exact>14</exact>
            </velocity>
            <acceleration>
               <exact>0</exact>
            </acceleration>
         </state>
         <state>
            <position>
               <point>
                  <x>-1.7433</x>
                  <y>0.087834</y>
               </point>
            </position>
            <orientation>
               <exact>2.9588</exact>
            </orientation>
            <time>
               <exact>1.4</exact>
            </time>
            <velocity>
               <exact>14</exact>
            </velocity>
            <acceleration>
               <exact>0</exact>
            </acceleration>
         </state>
         <state>
            <position>
               <point>
                  <x>-3.12</x>
                  <y>0.34229</y>
               </point>
            </position>
            <orientation>
               <exact>2.9588</exact>
            </orientation>
            <time>
               <exact>1.5</exact>
            </time>
            <velocity>
               <exact>14</exact>
            </velocity>
            <acceleration>
               <exact>0</exact>
            </acceleration>
         </state>
         <state>
            <position>
               <point>
                  <x>-4.4967</x>
                  <y>0.59674</y>
               </point>
            </position>
            <orientation>
               <exact>2.9588</exact>
            </orientation>
            <time>
               <exact>1.6</exact>
            </time>
            <velocity>
               <exact>14</exact>
            </velocity>
            <acceleration>
               <exact>0</exact>
            </acceleration>
         </state>
         <state>
            <position>
               <point>
                  <x>-5.8734</x>
                  <y>0.85119</y>
               </point>
            </position>
            <orientation>
               <exact>2.9588</exact>
            </orientation>
            <time>
               <exact>1.7</exact>
            </time>
            <velocity>
               <exact>14</exact>
            </velocity>
            <acceleration>
               <exact>0</exact>
            </acceleration>
         </state>
         <state>
            <position>
               <point>
                  <x>-7.2501</x>
                  <y>1.1056</y>
               </point>
            </position>
            <orientation>
               <exact>2.9588</exact>
            </orientation>
            <time>
               <exact>1.8</exact>
            </time>
            <velocity>
               <exact>14</exact>
            </velocity>
            <acceleration>
               <exact>0</exact>
            </acceleration>
         </state>
         <state>
            <position>
               <point>
                  <x>-8.6267</x>
                  <y>1.3601</y>
               </point>
            </position>
            <orientation>
               <exact>2.9588</exact>
            </orientation>
            <time>
               <exact>1.9</exact>
            </time>
            <velocity>
               <exact>14</exact>
            </velocity>
            <acceleration>
               <exact>0</exact>
            </acceleration>
         </state>
         <state>
            <position>
               <point>
                  <x>-10.0034</x>
                  <y>1.6146</y>
               </point>
            </position>
            <orientation>
               <exact>2.9588</exact>
            </orientation>
            <time>
               <exact>2</exact>
            </time>
            <velocity>
               <exact>14</exact>
            </velocity>
            <acceleration>
               <exact>0</exact>
            </acceleration>
         </state>
         <state>
            <position>
               <point>
                  <x>-11.3801</x>
                  <y>1.869</y>
               </point>
            </position>
            <orientation>
               <exact>2.9588</exact>
            </orientation>
            <time>
               <exact>2.1</exact>
            </time>
            <velocity>
               <exact>14</exact>
            </velocity>
            <acceleration>
               <exact>0</exact>
            </acceleration>
         </state>
         <state>
            <position>
               <point>
                  <x>-12.7568</x>
                  <y>2.1235</y>
               </point>
            </position>
            <orientation>
               <exact>2.9588</exact>
            </orientation>
            <time>
               <exact>2.2</exact>
            </time>
            <velocity>
               <exact>14</exact>
            </velocity>
            <acceleration>
               <exact>0</exact>
            </acceleration>
         </state>
         <state>
            <position>
               <point>
                  <x>-14.1335</x>
                  <y>2.3779</y>
               </point>
            </position>
            <orientation>
               <exact>2.9588</exact>
            </orientation>
            <time>
               <exact>2.3</exact>
            </time>
            <velocity>
               <exact>14</exact>
            </velocity>
            <acceleration>
               <exact>0</exact>
            </acceleration>
         </state>
         <state>
            <position>
               <point>
                  <x>-15.5102</x>
                  <y>2.6324</y>
               </point>
            </position>
            <orientation>
               <exact>2.9588</exact>
            </orientation>
            <time>
               <exact>2.4</exact>
            </time>
            <velocity>
               <exact>14</exact>
            </velocity>
            <acceleration>
               <exact>0</exact>
            </acceleration>
         </state>
         <state>
            <position>
               <point>
                  <x>-16.8868</x>
                  <y>2.8868</y>
               </point>
            </position>
            <orientation>
               <exact>2.9588</exact>
            </orientation>
            <time>
               <exact>2.5</exact>
            </time>
            <velocity>
               <exact>14</exact>
            </velocity>
            <acceleration>
               <exact>0</exact>
            </acceleration>
         </state>
         <state>
            <position>
               <point>
                  <x>-18.2635</x>
                  <y>3.1413</y>
               </point>
            </position>
            <orientation>
               <exact>2.9588</exact>
            </orientation>
            <time>
               <exact>2.6</exact>
            </time>
            <velocity>
               <exact>14</exact>
            </velocity>
            <acceleration>
               <exact>0</exact>
            </acceleration>
         </state>
         <state>
            <position>
               <point>
                  <x>-19.6402</x>
                  <y>3.3957</y>
               </point>
            </position>
            <orientation>
               <exact>2.9588</exact>
            </orientation>
            <time>
               <exact>2.7</exact>
            </time>
            <velocity>
               <exact>14</exact>
            </velocity>
            <acceleration>
               <exact>0</exact>
            </acceleration>
         </state>
         <state>
            <position>
               <point>
                  <x>-21.0169</x>
                  <y>3.6502</y>
               </point>
            </position>
            <orientation>
               <exact>2.9588</exact>
            </orientation>
            <time>
               <exact>2.8</exact>
            </time>
            <velocity>
               <exact>14</exact>
            </velocity>
            <acceleration>
               <exact>0</exact>
            </acceleration>
         </state>
         <state>
            <position>
               <point>
                  <x>-22.3936</x>
                  <y>3.9046</y>
               </point>
            </position>
            <orientation>
               <exact>2.9588</exact>
            </orientation>
            <time>
               <exact>2.9</exact>
            </time>
            <velocity>
               <exact>14</exact>
            </velocity>
            <acceleration>
               <exact>0</exact>
            </acceleration>
         </state>
         <state>
            <position>
               <point>
                  <x>-23.7702</x>
                  <y>4.1591</y>
               </point>
            </position>
            <orientation>
               <exact>2.9588</exact>
            </orientation>
            <time>
               <exact>3</exact>
            </time>
            <velocity>
               <exact>14</exact>
            </velocity>
            <acceleration>
               <exact>0</exact>
            </acceleration>
         </state>
      </trajectory>
   </obstacle>
   <obstacle id="200">
      <role>static</role>
      <type>unknown</type>
      <shape>
         <rectangle>
            <length>4.8</length>
            <width>2</width>
            <orientation>2.9322</orientation>
            <center>
               <x>-33.4</x>
               <y>5.3301</y>
            </center>
         </rectangle>
      </shape>
   </obstacle>
   <planningProblem id="800">
      <initialState>
         <position>
            <point>
               <x>0</x>
               <y>0</y>
            </point>
         </position>
         <velocity>
            <exact>14</exact>
         </velocity>
         <orientation>
            <exact>-3.351</exact>
         </orientation>
         <yawRate>
            <exact>0</exact>
         </yawRate>
         <slipAngle>
            <exact>0</exact>
         </slipAngle>
         <time>
            <exact>0</exact>
         </time>
      </initialState>
      <goalState>
         <position>
            <rectangle>
               <length>3.385</length>
               <width>2.2567</width>
               <orientation>2.9646</orientation>
               <center>
                  <x>-32.5</x>
                  <y>9</y>
               </center>
            </rectangle>
         </position>
         <orientation>
            <intervalStart>2.5394</intervalStart>
            <intervalEnd>3.3248</intervalEnd>
         </orientation>
         <time>
            <intervalStart>0</intervalStart>
            <intervalEnd>3</intervalEnd>
         </time>
      </goalState>
   </planningProblem>
</commonRoad>