<?xml version="1.0" ?>
<commonRoad affiliation="BMW" author="Christian Pek" benchmarkID="UNKNOWN" commonRoadVersion="2018a" date="2018-08-04" source="Spider" tags="Not working" timeStepSize="0.25">
  <lanelet id="1">
    <leftBound>
      <point>
        <x>-10.0</x>
        <y>1.75</y>
      </point>
      <point>
        <x>-9.0</x>
        <y>1.75</y>
      </point>
      <point>
        <x>-8.0</x>
        <y>1.75</y>
      </point>
      <point>
        <x>-7.0</x>
        <y>1.75</y>
      </point>
      <point>
        <x>-6.0</x>
        <y>1.75</y>
      </point>
      <point>
        <x>-5.0</x>
        <y>1.75</y>
      </point>
      <point>
        <x>-4.0</x>
        <y>1.75</y>
      </point>
      <point>
        <x>-3.0</x>
        <y>1.75</y>
      </point>
      <point>
        <x>-2.0</x>
        <y>1.75</y>
      </point>
      <point>
        <x>-1.0</x>
        <y>1.75</y>
      </point>
      <point>
        <x>0.0</x>
        <y>1.75</y>
      </point>
      <point>
        <x>1.0</x>
        <y>1.75</y>
      </point>
      <point>
        <x>2.0</x>
        <y>1.75</y>
      </point>
      <point>
        <x>3.0</x>
        <y>1.75</y>
      </point>
      <point>
        <x>4.0</x>
        <y>1.75</y>
      </point>
      <point>
        <x>5.0</x>
        <y>1.75</y>
      </point>
      <point>
        <x>6.0</x>
        <y>1.75</y>
      </point>
      <point>
        <x>7.0</x>
        <y>1.75</y>
      </point>
      <point>
        <x>8.0</x>
        <y>1.75</y>
      </point>
      <point>
        <x>9.0</x>
        <y>1.75</y>
      </point>
      <point>
        <x>10.0</x>
        <y>1.75</y>
      </point>
      <point>
        <x>11.0</x>
        <y>1.75</y>
      </point>
      <point>
        <x>12.0</x>
        <y>1.75</y>
      </point>
      <point>
        <x>13.0</x>
        <y>1.75</y>
      </point>
      <point>
        <x>14.0</x>
        <y>1.75</y>
      </point>
      <point>
        <x>15.0</x>
        <y>1.75</y>
      </point>
      <point>
        <x>16.0</x>
        <y>1.75</y>
      </point>
      <point>
        <x>17.0</x>
        <y>1.75</y>
      </point>
      <point>
        <x>18.0</x>
        <y>1.75</y>
      </point>
      <point>
        <x>19.0</x>
        <y>1.75</y>
      </point>
      <point>
        <x>20.0</x>
        <y>1.75</y>
      </point>
      <point>
        <x>21.0</x>
        <y>1.75</y>
      </point>
      <point>
        <x>22.0</x>
        <y>1.75</y>
      </point>
      <point>
        <x>23.0</x>
        <y>1.75</y>
      </point>
      <point>
        <x>24.0</x>
        <y>1.75</y>
      </point>
      <point>
        <x>25.0</x>
        <y>1.75</y>
      </point>
      <point>
        <x>26.0</x>
        <y>1.75</y>
      </point>
      <point>
        <x>27.0</x>
        <y>1.75</y>
      </point>
      <point>
        <x>28.0</x>
        <y>1.75</y>
      </point>
      <point>
        <x>29.0</x>
        <y>1.75</y>
      </point>
      <point>
        <x>30.0</x>
        <y>1.75</y>
      </point>
      <point>
        <x>31.0</x>
        <y>1.75</y>
      </point>
      <point>
        <x>32.0</x>
        <y>1.75</y>
      </point>
      <point>
        <x>33.0</x>
        <y>1.75</y>
      </point>
      <point>
        <x>34.0</x>
        <y>1.75</y>
      </point>
      <point>
        <x>35.0</x>
        <y>1.75</y>
      </point>
      <point>
        <x>36.0</x>
        <y>1.75</y>
      </point>
      <point>
        <x>37.0</x>
        <y>1.75</y>
      </point>
      <point>
        <x>38.0</x>
        <y>1.75</y>
      </point>
      <point>
        <x>39.0</x>
        <y>1.75</y>
      </point>
      <point>
        <x>40.0</x>
        <y>1.75</y>
      </point>
      <point>
        <x>41.0</x>
        <y>1.75</y>
      </point>
      <point>
        <x>42.0</x>
        <y>1.75</y>
      </point>
      <point>
        <x>43.0</x>
        <y>1.75</y>
      </point>
      <point>
        <x>44.0</x>
        <y>1.75</y>
      </point>
      <point>
        <x>45.0</x>
        <y>1.75</y>
      </point>
      <point>
        <x>46.0</x>
        <y>1.75</y>
      </point>
      <point>
        <x>47.0</x>
        <y>1.75</y>
      </point>
      <point>
        <x>48.0</x>
        <y>1.75</y>
      </point>
      <point>
        <x>49.0</x>
        <y>1.75</y>
      </point>
      <point>
        <x>50.0</x>
        <y>1.75</y>
      </point>
      <point>
        <x>51.0</x>
        <y>1.75</y>
      </point>
      <point>
        <x>52.0</x>
        <y>1.75</y>
      </point>
      <point>
        <x>53.0</x>
        <y>1.75</y>
      </point>
      <point>
        <x>54.0</x>
        <y>1.75</y>
      </point>
      <point>
        <x>55.0</x>
        <y>1.75</y>
      </point>
      <point>
        <x>56.0</x>
        <y>1.75</y>
      </point>
      <point>
        <x>57.0</x>
        <y>1.75</y>
      </point>
      <point>
        <x>58.0</x>
        <y>1.75</y>
      </point>
      <point>
        <x>59.0</x>
        <y>1.75</y>
      </point>
      <point>
        <x>60.0</x>
        <y>1.75</y>
      </point>
      <point>
        <x>61.0</x>
        <y>1.75</y>
      </point>
      <point>
        <x>62.0</x>
        <y>1.75</y>
      </point>
      <point>
        <x>63.0</x>
        <y>1.75</y>
      </point>
      <point>
        <x>64.0</x>
        <y>1.75</y>
      </point>
      <point>
        <x>65.0</x>
        <y>1.75</y>
      </point>
      <point>
        <x>66.0</x>
        <y>1.75</y>
      </point>
      <point>
        <x>67.0</x>
        <y>1.75</y>
      </point>
      <point>
        <x>68.0</x>
        <y>1.75</y>
      </point>
      <point>
        <x>69.0</x>
        <y>1.75</y>
      </point>
      <point>
        <x>70.0</x>
        <y>1.75</y>
      </point>
      <point>
        <x>71.0</x>
        <y>1.75</y>
      </point>
      <point>
        <x>72.0</x>
        <y>1.75</y>
      </point>
      <point>
        <x>73.0</x>
        <y>1.75</y>
      </point>
      <point>
        <x>74.0</x>
        <y>1.75</y>
      </point>
      <point>
        <x>75.0</x>
        <y>1.75</y>
      </point>
      <point>
        <x>76.0</x>
        <y>1.75</y>
      </point>
      <point>
        <x>77.0</x>
        <y>1.75</y>
      </point>
      <point>
        <x>78.0</x>
        <y>1.75</y>
      </point>
      <point>
        <x>79.0</x>
        <y>1.75</y>
      </point>
      <point>
        <x>80.0</x>
        <y>1.75</y>
      </point>
      <point>
        <x>81.0</x>
        <y>1.75</y>
      </point>
      <point>
        <x>82.0</x>
        <y>1.75</y>
      </point>
      <point>
        <x>83.0</x>
        <y>1.75</y>
      </point>
      <point>
        <x>84.0</x>
        <y>1.75</y>
      </point>
      <point>
        <x>85.0</x>
        <y>1.75</y>
      </point>
      <point>
        <x>86.0</x>
        <y>1.75</y>
      </point>
      <point>
        <x>87.0</x>
        <y>1.75</y>
      </point>
      <point>
        <x>88.0</x>
        <y>1.75</y>
      </point>
      <point>
        <x>89.0</x>
        <y>1.75</y>
      </point>
      <point>
        <x>90.0</x>
        <y>1.75</y>
      </point>
      <point>
        <x>91.0</x>
        <y>1.75</y>
      </point>
      <point>
        <x>92.0</x>
        <y>1.75</y>
      </point>
      <point>
        <x>93.0</x>
        <y>1.75</y>
      </point>
      <point>
        <x>94.0</x>
        <y>1.75</y>
      </point>
      <point>
        <x>95.0</x>
        <y>1.75</y>
      </point>
      <point>
        <x>96.0</x>
        <y>1.75</y>
      </point>
      <point>
        <x>97.0</x>
        <y>1.75</y>
      </point>
      <point>
        <x>98.0</x>
        <y>1.75</y>
      </point>
      <point>
        <x>99.0</x>
        <y>1.75</y>
      </point>
      <point>
        <x>100.0</x>
        <y>1.75</y>
      </point>
      <point>
        <x>101.0</x>
        <y>1.75</y>
      </point>
      <point>
        <x>102.0</x>
        <y>1.75</y>
      </point>
      <point>
        <x>103.0</x>
        <y>1.75</y>
      </point>
      <point>
        <x>104.0</x>
        <y>1.75</y>
      </point>
      <point>
        <x>105.0</x>
        <y>1.75</y>
      </point>
      <point>
        <x>106.0</x>
        <y>1.75</y>
      </point>
      <point>
        <x>107.0</x>
        <y>1.75</y>
      </point>
      <point>
        <x>108.0</x>
        <y>1.75</y>
      </point>
      <point>
        <x>109.0</x>
        <y>1.75</y>
      </point>
      <point>
        <x>110.0</x>
        <y>1.75</y>
      </point>
      <point>
        <x>111.0</x>
        <y>1.75</y>
      </point>
      <point>
        <x>112.0</x>
        <y>1.75</y>
      </point>
      <point>
        <x>113.0</x>
        <y>1.75</y>
      </point>
      <point>
        <x>114.0</x>
        <y>1.75</y>
      </point>
      <point>
        <x>115.0</x>
        <y>1.75</y>
      </point>
      <point>
        <x>116.0</x>
        <y>1.75</y>
      </point>
      <point>
        <x>117.0</x>
        <y>1.75</y>
      </point>
      <point>
        <x>118.0</x>
        <y>1.75</y>
      </point>
      <point>
        <x>119.0</x>
        <y>1.75</y>
      </point>
      <point>
        <x>120.0</x>
        <y>1.75</y>
      </point>
      <point>
        <x>121.0</x>
        <y>1.75</y>
      </point>
      <point>
        <x>122.0</x>
        <y>1.75</y>
      </point>
      <point>
        <x>123.0</x>
        <y>1.75</y>
      </point>
      <point>
        <x>124.0</x>
        <y>1.75</y>
      </point>
      <point>
        <x>125.0</x>
        <y>1.75</y>
      </point>
      <point>
        <x>126.0</x>
        <y>1.75</y>
      </point>
      <point>
        <x>127.0</x>
        <y>1.75</y>
      </point>
      <point>
        <x>128.0</x>
        <y>1.75</y>
      </point>
      <point>
        <x>129.0</x>
        <y>1.75</y>
      </point>
      <point>
        <x>130.0</x>
        <y>1.75</y>
      </point>
      <point>
        <x>131.0</x>
        <y>1.75</y>
      </point>
      <point>
        <x>132.0</x>
        <y>1.75</y>
      </point>
      <point>
        <x>133.0</x>
        <y>1.75</y>
      </point>
      <point>
        <x>134.0</x>
        <y>1.75</y>
      </point>
      <point>
        <x>135.0</x>
        <y>1.75</y>
      </point>
      <point>
        <x>136.0</x>
        <y>1.75</y>
      </point>
      <point>
        <x>137.0</x>
        <y>1.75</y>
      </point>
      <point>
        <x>138.0</x>
        <y>1.75</y>
      </point>
      <point>
        <x>139.0</x>
        <y>1.75</y>
      </point>
      <point>
        <x>140.0</x>
        <y>1.75</y>
      </point>
      <point>
        <x>141.0</x>
        <y>1.75</y>
      </point>
      <point>
        <x>142.0</x>
        <y>1.75</y>
      </point>
      <point>
        <x>143.0</x>
        <y>1.75</y>
      </point>
      <point>
        <x>144.0</x>
        <y>1.75</y>
      </point>
      <point>
        <x>145.0</x>
        <y>1.75</y>
      </point>
      <point>
        <x>146.0</x>
        <y>1.75</y>
      </point>
      <point>
        <x>147.0</x>
        <y>1.75</y>
      </point>
      <point>
        <x>148.0</x>
        <y>1.75</y>
      </point>
      <point>
        <x>149.0</x>
        <y>1.75</y>
      </point>
      <point>
        <x>150.0</x>
        <y>1.75</y>
      </point>
      <point>
        <x>151.0</x>
        <y>1.75</y>
      </point>
      <point>
        <x>152.0</x>
        <y>1.75</y>
      </point>
      <point>
        <x>153.0</x>
        <y>1.75</y>
      </point>
      <point>
        <x>154.0</x>
        <y>1.75</y>
      </point>
      <point>
        <x>155.0</x>
        <y>1.75</y>
      </point>
      <point>
        <x>156.0</x>
        <y>1.75</y>
      </point>
      <point>
        <x>157.0</x>
        <y>1.75</y>
      </point>
      <point>
        <x>158.0</x>
        <y>1.75</y>
      </point>
      <point>
        <x>159.0</x>
        <y>1.75</y>
      </point>
      <point>
        <x>160.0</x>
        <y>1.75</y>
      </point>
      <point>
        <x>161.0</x>
        <y>1.75</y>
      </point>
      <point>
        <x>162.0</x>
        <y>1.75</y>
      </point>
      <point>
        <x>163.0</x>
        <y>1.75</y>
      </point>
      <point>
        <x>164.0</x>
        <y>1.75</y>
      </point>
      <point>
        <x>165.0</x>
        <y>1.75</y>
      </point>
      <point>
        <x>166.0</x>
        <y>1.75</y>
      </point>
      <point>
        <x>167.0</x>
        <y>1.75</y>
      </point>
      <point>
        <x>168.0</x>
        <y>1.75</y>
      </point>
      <point>
        <x>169.0</x>
        <y>1.75</y>
      </point>
      <point>
        <x>170.0</x>
        <y>1.75</y>
      </point>
      <point>
        <x>171.0</x>
        <y>1.75</y>
      </point>
      <point>
        <x>172.0</x>
        <y>1.75</y>
      </point>
      <point>
        <x>173.0</x>
        <y>1.75</y>
      </point>
      <point>
        <x>174.0</x>
        <y>1.75</y>
      </point>
      <point>
        <x>175.0</x>
        <y>1.75</y>
      </point>
      <point>
        <x>176.0</x>
        <y>1.75</y>
      </point>
      <point>
        <x>177.0</x>
        <y>1.75</y>
      </point>
      <point>
        <x>178.0</x>
        <y>1.75</y>
      </point>
      <point>
        <x>179.0</x>
        <y>1.75</y>
      </point>
      <point>
        <x>180.0</x>
        <y>1.75</y>
      </point>
      <point>
        <x>181.0</x>
        <y>1.75</y>
      </point>
      <point>
        <x>182.0</x>
        <y>1.75</y>
      </point>
      <point>
        <x>183.0</x>
        <y>1.75</y>
      </point>
      <point>
        <x>184.0</x>
        <y>1.75</y>
      </point>
      <point>
        <x>185.0</x>
        <y>1.75</y>
      </point>
      <point>
        <x>186.0</x>
        <y>1.75</y>
      </point>
      <point>
        <x>187.0</x>
        <y>1.75</y>
      </point>
      <point>
        <x>188.0</x>
        <y>1.75</y>
      </point>
      <point>
        <x>189.0</x>
        <y>1.75</y>
      </point>
      <point>
        <x>190.0</x>
        <y>1.75</y>
      </point>
      <point>
        <x>191.0</x>
        <y>1.75</y>
      </point>
      <point>
        <x>192.0</x>
        <y>1.75</y>
      </point>
      <point>
        <x>193.0</x>
        <y>1.75</y>
      </point>
      <point>
        <x>194.0</x>
        <y>1.75</y>
      </point>
      <point>
        <x>195.0</x>
        <y>1.75</y>
      </point>
      <point>
        <x>196.0</x>
        <y>1.75</y>
      </point>
      <point>
        <x>197.0</x>
        <y>1.75</y>
      </point>
      <point>
        <x>198.0</x>
        <y>1.75</y>
      </point>
      <point>
        <x>199.0</x>
        <y>1.75</y>
      </point>
    </leftBound>
    <rightBound>
      <point>
        <x>-10.0</x>
        <y>-1.75</y>
      </point>
      <point>
        <x>-9.0</x>
        <y>-1.75</y>
      </point>
      <point>
        <x>-8.0</x>
        <y>-1.75</y>
      </point>
      <point>
        <x>-7.0</x>
        <y>-1.75</y>
      </point>
      <point>
        <x>-6.0</x>
        <y>-1.75</y>
      </point>
      <point>
        <x>-5.0</x>
        <y>-1.75</y>
      </point>
      <point>
        <x>-4.0</x>
        <y>-1.75</y>
      </point>
      <point>
        <x>-3.0</x>
        <y>-1.75</y>
      </point>
      <point>
        <x>-2.0</x>
        <y>-1.75</y>
      </point>
      <point>
        <x>-1.0</x>
        <y>-1.75</y>
      </point>
      <point>
        <x>0.0</x>
        <y>-1.75</y>
      </point>
      <point>
        <x>1.0</x>
        <y>-1.75</y>
      </point>
      <point>
        <x>2.0</x>
        <y>-1.75</y>
      </point>
      <point>
        <x>3.0</x>
        <y>-1.75</y>
      </point>
      <point>
        <x>4.0</x>
        <y>-1.75</y>
      </point>
      <point>
        <x>5.0</x>
        <y>-1.75</y>
      </point>
      <point>
        <x>6.0</x>
        <y>-1.75</y>
      </point>
      <point>
        <x>7.0</x>
        <y>-1.75</y>
      </point>
      <point>
        <x>8.0</x>
        <y>-1.75</y>
      </point>
      <point>
        <x>9.0</x>
        <y>-1.75</y>
      </point>
      <point>
        <x>10.0</x>
        <y>-1.75</y>
      </point>
      <point>
        <x>11.0</x>
        <y>-1.75</y>
      </point>
      <point>
        <x>12.0</x>
        <y>-1.75</y>
      </point>
      <point>
        <x>13.0</x>
        <y>-1.75</y>
      </point>
      <point>
        <x>14.0</x>
        <y>-1.75</y>
      </point>
      <point>
        <x>15.0</x>
        <y>-1.75</y>
      </point>
      <point>
        <x>16.0</x>
        <y>-1.75</y>
      </point>
      <point>
        <x>17.0</x>
        <y>-1.75</y>
      </point>
      <point>
        <x>18.0</x>
        <y>-1.75</y>
      </point>
      <point>
        <x>19.0</x>
        <y>-1.75</y>
      </point>
      <point>
        <x>20.0</x>
        <y>-1.75</y>
      </point>
      <point>
        <x>21.0</x>
        <y>-1.75</y>
      </point>
      <point>
        <x>22.0</x>
        <y>-1.75</y>
      </point>
      <point>
        <x>23.0</x>
        <y>-1.75</y>
      </point>
      <point>
        <x>24.0</x>
        <y>-1.75</y>
      </point>
      <point>
        <x>25.0</x>
        <y>-1.75</y>
      </point>
      <point>
        <x>26.0</x>
        <y>-1.75</y>
      </point>
      <point>
        <x>27.0</x>
        <y>-1.75</y>
      </point>
      <point>
        <x>28.0</x>
        <y>-1.75</y>
      </point>
      <point>
        <x>29.0</x>
        <y>-1.75</y>
      </point>
      <point>
        <x>30.0</x>
        <y>-1.75</y>
      </point>
      <point>
        <x>31.0</x>
        <y>-1.75</y>
      </point>
      <point>
        <x>32.0</x>
        <y>-1.75</y>
      </point>
      <point>
        <x>33.0</x>
        <y>-1.75</y>
      </point>
      <point>
        <x>34.0</x>
        <y>-1.75</y>
      </point>
      <point>
        <x>35.0</x>
        <y>-1.75</y>
      </point>
      <point>
        <x>36.0</x>
        <y>-1.75</y>
      </point>
      <point>
        <x>37.0</x>
        <y>-1.75</y>
      </point>
      <point>
        <x>38.0</x>
        <y>-1.75</y>
      </point>
      <point>
        <x>39.0</x>
        <y>-1.75</y>
      </point>
      <point>
        <x>40.0</x>
        <y>-1.75</y>
      </point>
      <point>
        <x>41.0</x>
        <y>-1.75</y>
      </point>
      <point>
        <x>42.0</x>
        <y>-1.75</y>
      </point>
      <point>
        <x>43.0</x>
        <y>-1.75</y>
      </point>
      <point>
        <x>44.0</x>
        <y>-1.75</y>
      </point>
      <point>
        <x>45.0</x>
        <y>-1.75</y>
      </point>
      <point>
        <x>46.0</x>
        <y>-1.75</y>
      </point>
      <point>
        <x>47.0</x>
        <y>-1.75</y>
      </point>
      <point>
        <x>48.0</x>
        <y>-1.75</y>
      </point>
      <point>
        <x>49.0</x>
        <y>-1.75</y>
      </point>
      <point>
        <x>50.0</x>
        <y>-1.75</y>
      </point>
      <point>
        <x>51.0</x>
        <y>-1.75</y>
      </point>
      <point>
        <x>52.0</x>
        <y>-1.75</y>
      </point>
      <point>
        <x>53.0</x>
        <y>-1.75</y>
      </point>
      <point>
        <x>54.0</x>
        <y>-1.75</y>
      </point>
      <point>
        <x>55.0</x>
        <y>-1.75</y>
      </point>
      <point>
        <x>56.0</x>
        <y>-1.75</y>
      </point>
      <point>
        <x>57.0</x>
        <y>-1.75</y>
      </point>
      <point>
        <x>58.0</x>
        <y>-1.75</y>
      </point>
      <point>
        <x>59.0</x>
        <y>-1.75</y>
      </point>
      <point>
        <x>60.0</x>
        <y>-1.75</y>
      </point>
      <point>
        <x>61.0</x>
        <y>-1.75</y>
      </point>
      <point>
        <x>62.0</x>
        <y>-1.75</y>
      </point>
      <point>
        <x>63.0</x>
        <y>-1.75</y>
      </point>
      <point>
        <x>64.0</x>
        <y>-1.75</y>
      </point>
      <point>
        <x>65.0</x>
        <y>-1.75</y>
      </point>
      <point>
        <x>66.0</x>
        <y>-1.75</y>
      </point>
      <point>
        <x>67.0</x>
        <y>-1.75</y>
      </point>
      <point>
        <x>68.0</x>
        <y>-1.75</y>
      </point>
      <point>
        <x>69.0</x>
        <y>-1.75</y>
      </point>
      <point>
        <x>70.0</x>
        <y>-1.75</y>
      </point>
      <point>
        <x>71.0</x>
        <y>-1.75</y>
      </point>
      <point>
        <x>72.0</x>
        <y>-1.75</y>
      </point>
      <point>
        <x>73.0</x>
        <y>-1.75</y>
      </point>
      <point>
        <x>74.0</x>
        <y>-1.75</y>
      </point>
      <point>
        <x>75.0</x>
        <y>-1.75</y>
      </point>
      <point>
        <x>76.0</x>
        <y>-1.75</y>
      </point>
      <point>
        <x>77.0</x>
        <y>-1.75</y>
      </point>
      <point>
        <x>78.0</x>
        <y>-1.75</y>
      </point>
      <point>
        <x>79.0</x>
        <y>-1.75</y>
      </point>
      <point>
        <x>80.0</x>
        <y>-1.75</y>
      </point>
      <point>
        <x>81.0</x>
        <y>-1.75</y>
      </point>
      <point>
        <x>82.0</x>
        <y>-1.75</y>
      </point>
      <point>
        <x>83.0</x>
        <y>-1.75</y>
      </point>
      <point>
        <x>84.0</x>
        <y>-1.75</y>
      </point>
      <point>
        <x>85.0</x>
        <y>-1.75</y>
      </point>
      <point>
        <x>86.0</x>
        <y>-1.75</y>
      </point>
      <point>
        <x>87.0</x>
        <y>-1.75</y>
      </point>
      <point>
        <x>88.0</x>
        <y>-1.75</y>
      </point>
      <point>
        <x>89.0</x>
        <y>-1.75</y>
      </point>
      <point>
        <x>90.0</x>
        <y>-1.75</y>
      </point>
      <point>
        <x>91.0</x>
        <y>-1.75</y>
      </point>
      <point>
        <x>92.0</x>
        <y>-1.75</y>
      </point>
      <point>
        <x>93.0</x>
        <y>-1.75</y>
      </point>
      <point>
        <x>94.0</x>
        <y>-1.75</y>
      </point>
      <point>
        <x>95.0</x>
        <y>-1.75</y>
      </point>
      <point>
        <x>96.0</x>
        <y>-1.75</y>
      </point>
      <point>
        <x>97.0</x>
        <y>-1.75</y>
      </point>
      <point>
        <x>98.0</x>
        <y>-1.75</y>
      </point>
      <point>
        <x>99.0</x>
        <y>-1.75</y>
      </point>
      <point>
        <x>100.0</x>
        <y>-1.75</y>
      </point>
      <point>
        <x>101.0</x>
        <y>-1.75</y>
      </point>
      <point>
        <x>102.0</x>
        <y>-1.75</y>
      </point>
      <point>
        <x>103.0</x>
        <y>-1.75</y>
      </point>
      <point>
        <x>104.0</x>
        <y>-1.75</y>
      </point>
      <point>
        <x>105.0</x>
        <y>-1.75</y>
      </point>
      <point>
        <x>106.0</x>
        <y>-1.75</y>
      </point>
      <point>
        <x>107.0</x>
        <y>-1.75</y>
      </point>
      <point>
        <x>108.0</x>
        <y>-1.75</y>
      </point>
      <point>
        <x>109.0</x>
        <y>-1.75</y>
      </point>
      <point>
        <x>110.0</x>
        <y>-1.75</y>
      </point>
      <point>
        <x>111.0</x>
        <y>-1.75</y>
      </point>
      <point>
        <x>112.0</x>
        <y>-1.75</y>
      </point>
      <point>
        <x>113.0</x>
        <y>-1.75</y>
      </point>
      <point>
        <x>114.0</x>
        <y>-1.75</y>
      </point>
      <point>
        <x>115.0</x>
        <y>-1.75</y>
      </point>
      <point>
        <x>116.0</x>
        <y>-1.75</y>
      </point>
      <point>
        <x>117.0</x>
        <y>-1.75</y>
      </point>
      <point>
        <x>118.0</x>
        <y>-1.75</y>
      </point>
      <point>
        <x>119.0</x>
        <y>-1.75</y>
      </point>
      <point>
        <x>120.0</x>
        <y>-1.75</y>
      </point>
      <point>
        <x>121.0</x>
        <y>-1.75</y>
      </point>
      <point>
        <x>122.0</x>
        <y>-1.75</y>
      </point>
      <point>
        <x>123.0</x>
        <y>-1.75</y>
      </point>
      <point>
        <x>124.0</x>
        <y>-1.75</y>
      </point>
      <point>
        <x>125.0</x>
        <y>-1.75</y>
      </point>
      <point>
        <x>126.0</x>
        <y>-1.75</y>
      </point>
      <point>
        <x>127.0</x>
        <y>-1.75</y>
      </point>
      <point>
        <x>128.0</x>
        <y>-1.75</y>
      </point>
      <point>
        <x>129.0</x>
        <y>-1.75</y>
      </point>
      <point>
        <x>130.0</x>
        <y>-1.75</y>
      </point>
      <point>
        <x>131.0</x>
        <y>-1.75</y>
      </point>
      <point>
        <x>132.0</x>
        <y>-1.75</y>
      </point>
      <point>
        <x>133.0</x>
        <y>-1.75</y>
      </point>
      <point>
        <x>134.0</x>
        <y>-1.75</y>
      </point>
      <point>
        <x>135.0</x>
        <y>-1.75</y>
      </point>
      <point>
        <x>136.0</x>
        <y>-1.75</y>
      </point>
      <point>
        <x>137.0</x>
        <y>-1.75</y>
      </point>
      <point>
        <x>138.0</x>
        <y>-1.75</y>
      </point>
      <point>
        <x>139.0</x>
        <y>-1.75</y>
      </point>
      <point>
        <x>140.0</x>
        <y>-1.75</y>
      </point>
      <point>
        <x>141.0</x>
        <y>-1.75</y>
      </point>
      <point>
        <x>142.0</x>
        <y>-1.75</y>
      </point>
      <point>
        <x>143.0</x>
        <y>-1.75</y>
      </point>
      <point>
        <x>144.0</x>
        <y>-1.75</y>
      </point>
      <point>
        <x>145.0</x>
        <y>-1.75</y>
      </point>
      <point>
        <x>146.0</x>
        <y>-1.75</y>
      </point>
      <point>
        <x>147.0</x>
        <y>-1.75</y>
      </point>
      <point>
        <x>148.0</x>
        <y>-1.75</y>
      </point>
      <point>
        <x>149.0</x>
        <y>-1.75</y>
      </point>
      <point>
        <x>150.0</x>
        <y>-1.75</y>
      </point>
      <point>
        <x>151.0</x>
        <y>-1.75</y>
      </point>
      <point>
        <x>152.0</x>
        <y>-1.75</y>
      </point>
      <point>
        <x>153.0</x>
        <y>-1.75</y>
      </point>
      <point>
        <x>154.0</x>
        <y>-1.75</y>
      </point>
      <point>
        <x>155.0</x>
        <y>-1.75</y>
      </point>
      <point>
        <x>156.0</x>
        <y>-1.75</y>
      </point>
      <point>
        <x>157.0</x>
        <y>-1.75</y>
      </point>
      <point>
        <x>158.0</x>
        <y>-1.75</y>
      </point>
      <point>
        <x>159.0</x>
        <y>-1.75</y>
      </point>
      <point>
        <x>160.0</x>
        <y>-1.75</y>
      </point>
      <point>
        <x>161.0</x>
        <y>-1.75</y>
      </point>
      <point>
        <x>162.0</x>
        <y>-1.75</y>
      </point>
      <point>
        <x>163.0</x>
        <y>-1.75</y>
      </point>
      <point>
        <x>164.0</x>
        <y>-1.75</y>
      </point>
      <point>
        <x>165.0</x>
        <y>-1.75</y>
      </point>
      <point>
        <x>166.0</x>
        <y>-1.75</y>
      </point>
      <point>
        <x>167.0</x>
        <y>-1.75</y>
      </point>
      <point>
        <x>168.0</x>
        <y>-1.75</y>
      </point>
      <point>
        <x>169.0</x>
        <y>-1.75</y>
      </point>
      <point>
        <x>170.0</x>
        <y>-1.75</y>
      </point>
      <point>
        <x>171.0</x>
        <y>-1.75</y>
      </point>
      <point>
        <x>172.0</x>
        <y>-1.75</y>
      </point>
      <point>
        <x>173.0</x>
        <y>-1.75</y>
      </point>
      <point>
        <x>174.0</x>
        <y>-1.75</y>
      </point>
      <point>
        <x>175.0</x>
        <y>-1.75</y>
      </point>
      <point>
        <x>176.0</x>
        <y>-1.75</y>
      </point>
      <point>
        <x>177.0</x>
        <y>-1.75</y>
      </point>
      <point>
        <x>178.0</x>
        <y>-1.75</y>
      </point>
      <point>
        <x>179.0</x>
        <y>-1.75</y>
      </point>
      <point>
        <x>180.0</x>
        <y>-1.75</y>
      </point>
      <point>
        <x>181.0</x>
        <y>-1.75</y>
      </point>
      <point>
        <x>182.0</x>
        <y>-1.75</y>
      </point>
      <point>
        <x>183.0</x>
        <y>-1.75</y>
      </point>
      <point>
        <x>184.0</x>
        <y>-1.75</y>
      </point>
      <point>
        <x>185.0</x>
        <y>-1.75</y>
      </point>
      <point>
        <x>186.0</x>
        <y>-1.75</y>
      </point>
      <point>
        <x>187.0</x>
        <y>-1.75</y>
      </point>
      <point>
        <x>188.0</x>
        <y>-1.75</y>
      </point>
      <point>
        <x>189.0</x>
        <y>-1.75</y>
      </point>
      <point>
        <x>190.0</x>
        <y>-1.75</y>
      </point>
      <point>
        <x>191.0</x>
        <y>-1.75</y>
      </point>
      <point>
        <x>192.0</x>
        <y>-1.75</y>
      </point>
      <point>
        <x>193.0</x>
        <y>-1.75</y>
      </point>
      <point>
        <x>194.0</x>
        <y>-1.75</y>
      </point>
      <point>
        <x>195.0</x>
        <y>-1.75</y>
      </point>
      <point>
        <x>196.0</x>
        <y>-1.75</y>
      </point>
      <point>
        <x>197.0</x>
        <y>-1.75</y>
      </point>
      <point>
        <x>198.0</x>
        <y>-1.75</y>
      </point>
      <point>
        <x>199.0</x>
        <y>-1.75</y>
      </point>
    </rightBound>
    <adjacentLeft drivingDir="same" ref="2"/>
    <adjacentRight drivingDir="opposite" ref="3"/>
  </lanelet>
  <lanelet id="2">
    <leftBound>
      <point>
        <x>-10.0</x>
        <y>5.25</y>
      </point>
      <point>
        <x>-9.0</x>
        <y>5.25</y>
      </point>
      <point>
        <x>-8.0</x>
        <y>5.25</y>
      </point>
      <point>
        <x>-7.0</x>
        <y>5.25</y>
      </point>
      <point>
        <x>-6.0</x>
        <y>5.25</y>
      </point>
      <point>
        <x>-5.0</x>
        <y>5.25</y>
      </point>
      <point>
        <x>-4.0</x>
        <y>5.25</y>
      </point>
      <point>
        <x>-3.0</x>
        <y>5.25</y>
      </point>
      <point>
        <x>-2.0</x>
        <y>5.25</y>
      </point>
      <point>
        <x>-1.0</x>
        <y>5.25</y>
      </point>
      <point>
        <x>0.0</x>
        <y>5.25</y>
      </point>
      <point>
        <x>1.0</x>
        <y>5.25</y>
      </point>
      <point>
        <x>2.0</x>
        <y>5.25</y>
      </point>
      <point>
        <x>3.0</x>
        <y>5.25</y>
      </point>
      <point>
        <x>4.0</x>
        <y>5.25</y>
      </point>
      <point>
        <x>5.0</x>
        <y>5.25</y>
      </point>
      <point>
        <x>6.0</x>
        <y>5.25</y>
      </point>
      <point>
        <x>7.0</x>
        <y>5.25</y>
      </point>
      <point>
        <x>8.0</x>
        <y>5.25</y>
      </point>
      <point>
        <x>9.0</x>
        <y>5.25</y>
      </point>
      <point>
        <x>10.0</x>
        <y>5.25</y>
      </point>
      <point>
        <x>11.0</x>
        <y>5.25</y>
      </point>
      <point>
        <x>12.0</x>
        <y>5.25</y>
      </point>
      <point>
        <x>13.0</x>
        <y>5.25</y>
      </point>
      <point>
        <x>14.0</x>
        <y>5.25</y>
      </point>
      <point>
        <x>15.0</x>
        <y>5.25</y>
      </point>
      <point>
        <x>16.0</x>
        <y>5.25</y>
      </point>
      <point>
        <x>17.0</x>
        <y>5.25</y>
      </point>
      <point>
        <x>18.0</x>
        <y>5.25</y>
      </point>
      <point>
        <x>19.0</x>
        <y>5.25</y>
      </point>
      <point>
        <x>20.0</x>
        <y>5.25</y>
      </point>
      <point>
        <x>21.0</x>
        <y>5.25</y>
      </point>
      <point>
        <x>22.0</x>
        <y>5.25</y>
      </point>
      <point>
        <x>23.0</x>
        <y>5.25</y>
      </point>
      <point>
        <x>24.0</x>
        <y>5.25</y>
      </point>
      <point>
        <x>25.0</x>
        <y>5.25</y>
      </point>
      <point>
        <x>26.0</x>
        <y>5.25</y>
      </point>
      <point>
        <x>27.0</x>
        <y>5.25</y>
      </point>
      <point>
        <x>28.0</x>
        <y>5.25</y>
      </point>
      <point>
        <x>29.0</x>
        <y>5.25</y>
      </point>
      <point>
        <x>30.0</x>
        <y>5.25</y>
      </point>
      <point>
        <x>31.0</x>
        <y>5.25</y>
      </point>
      <point>
        <x>32.0</x>
        <y>5.25</y>
      </point>
      <point>
        <x>33.0</x>
        <y>5.25</y>
      </point>
      <point>
        <x>34.0</x>
        <y>5.25</y>
      </point>
      <point>
        <x>35.0</x>
        <y>5.25</y>
      </point>
      <point>
        <x>36.0</x>
        <y>5.25</y>
      </point>
      <point>
        <x>37.0</x>
        <y>5.25</y>
      </point>
      <point>
        <x>38.0</x>
        <y>5.25</y>
      </point>
      <point>
        <x>39.0</x>
        <y>5.25</y>
      </point>
      <point>
        <x>40.0</x>
        <y>5.25</y>
      </point>
      <point>
        <x>41.0</x>
        <y>5.25</y>
      </point>
      <point>
        <x>42.0</x>
        <y>5.25</y>
      </point>
      <point>
        <x>43.0</x>
        <y>5.25</y>
      </point>
      <point>
        <x>44.0</x>
        <y>5.25</y>
      </point>
      <point>
        <x>45.0</x>
        <y>5.25</y>
      </point>
      <point>
        <x>46.0</x>
        <y>5.25</y>
      </point>
      <point>
        <x>47.0</x>
        <y>5.25</y>
      </point>
      <point>
        <x>48.0</x>
        <y>5.25</y>
      </point>
      <point>
        <x>49.0</x>
        <y>5.25</y>
      </point>
      <point>
        <x>50.0</x>
        <y>5.25</y>
      </point>
      <point>
        <x>51.0</x>
        <y>5.25</y>
      </point>
      <point>
        <x>52.0</x>
        <y>5.25</y>
      </point>
      <point>
        <x>53.0</x>
        <y>5.25</y>
      </point>
      <point>
        <x>54.0</x>
        <y>5.25</y>
      </point>
      <point>
        <x>55.0</x>
        <y>5.25</y>
      </point>
      <point>
        <x>56.0</x>
        <y>5.25</y>
      </point>
      <point>
        <x>57.0</x>
        <y>5.25</y>
      </point>
      <point>
        <x>58.0</x>
        <y>5.25</y>
      </point>
      <point>
        <x>59.0</x>
        <y>5.25</y>
      </point>
      <point>
        <x>60.0</x>
        <y>5.25</y>
      </point>
      <point>
        <x>61.0</x>
        <y>5.25</y>
      </point>
      <point>
        <x>62.0</x>
        <y>5.25</y>
      </point>
      <point>
        <x>63.0</x>
        <y>5.25</y>
      </point>
      <point>
        <x>64.0</x>
        <y>5.25</y>
      </point>
      <point>
        <x>65.0</x>
        <y>5.25</y>
      </point>
      <point>
        <x>66.0</x>
        <y>5.25</y>
      </point>
      <point>
        <x>67.0</x>
        <y>5.25</y>
      </point>
      <point>
        <x>68.0</x>
        <y>5.25</y>
      </point>
      <point>
        <x>69.0</x>
        <y>5.25</y>
      </point>
      <point>
        <x>70.0</x>
        <y>5.25</y>
      </point>
      <point>
        <x>71.0</x>
        <y>5.25</y>
      </point>
      <point>
        <x>72.0</x>
        <y>5.25</y>
      </point>
      <point>
        <x>73.0</x>
        <y>5.25</y>
      </point>
      <point>
        <x>74.0</x>
        <y>5.25</y>
      </point>
      <point>
        <x>75.0</x>
        <y>5.25</y>
      </point>
      <point>
        <x>76.0</x>
        <y>5.25</y>
      </point>
      <point>
        <x>77.0</x>
        <y>5.25</y>
      </point>
      <point>
        <x>78.0</x>
        <y>5.25</y>
      </point>
      <point>
        <x>79.0</x>
        <y>5.25</y>
      </point>
      <point>
        <x>80.0</x>
        <y>5.25</y>
      </point>
      <point>
        <x>81.0</x>
        <y>5.25</y>
      </point>
      <point>
        <x>82.0</x>
        <y>5.25</y>
      </point>
      <point>
        <x>83.0</x>
        <y>5.25</y>
      </point>
      <point>
        <x>84.0</x>
        <y>5.25</y>
      </point>
      <point>
        <x>85.0</x>
        <y>5.25</y>
      </point>
      <point>
        <x>86.0</x>
        <y>5.25</y>
      </point>
      <point>
        <x>87.0</x>
        <y>5.25</y>
      </point>
      <point>
        <x>88.0</x>
        <y>5.25</y>
      </point>
      <point>
        <x>89.0</x>
        <y>5.25</y>
      </point>
      <point>
        <x>90.0</x>
        <y>5.25</y>
      </point>
      <point>
        <x>91.0</x>
        <y>5.25</y>
      </point>
      <point>
        <x>92.0</x>
        <y>5.25</y>
      </point>
      <point>
        <x>93.0</x>
        <y>5.25</y>
      </point>
      <point>
        <x>94.0</x>
        <y>5.25</y>
      </point>
      <point>
        <x>95.0</x>
        <y>5.25</y>
      </point>
      <point>
        <x>96.0</x>
        <y>5.25</y>
      </point>
      <point>
        <x>97.0</x>
        <y>5.25</y>
      </point>
      <point>
        <x>98.0</x>
        <y>5.25</y>
      </point>
      <point>
        <x>99.0</x>
        <y>5.25</y>
      </point>
      <point>
        <x>100.0</x>
        <y>5.25</y>
      </point>
      <point>
        <x>101.0</x>
        <y>5.25</y>
      </point>
      <point>
        <x>102.0</x>
        <y>5.25</y>
      </point>
      <point>
        <x>103.0</x>
        <y>5.25</y>
      </point>
      <point>
        <x>104.0</x>
        <y>5.25</y>
      </point>
      <point>
        <x>105.0</x>
        <y>5.25</y>
      </point>
      <point>
        <x>106.0</x>
        <y>5.25</y>
      </point>
      <point>
        <x>107.0</x>
        <y>5.25</y>
      </point>
      <point>
        <x>108.0</x>
        <y>5.25</y>
      </point>
      <point>
        <x>109.0</x>
        <y>5.25</y>
      </point>
      <point>
        <x>110.0</x>
        <y>5.25</y>
      </point>
      <point>
        <x>111.0</x>
        <y>5.25</y>
      </point>
      <point>
        <x>112.0</x>
        <y>5.25</y>
      </point>
      <point>
        <x>113.0</x>
        <y>5.25</y>
      </point>
      <point>
        <x>114.0</x>
        <y>5.25</y>
      </point>
      <point>
        <x>115.0</x>
        <y>5.25</y>
      </point>
      <point>
        <x>116.0</x>
        <y>5.25</y>
      </point>
      <point>
        <x>117.0</x>
        <y>5.25</y>
      </point>
      <point>
        <x>118.0</x>
        <y>5.25</y>
      </point>
      <point>
        <x>119.0</x>
        <y>5.25</y>
      </point>
      <point>
        <x>120.0</x>
        <y>5.25</y>
      </point>
      <point>
        <x>121.0</x>
        <y>5.25</y>
      </point>
      <point>
        <x>122.0</x>
        <y>5.25</y>
      </point>
      <point>
        <x>123.0</x>
        <y>5.25</y>
      </point>
      <point>
        <x>124.0</x>
        <y>5.25</y>
      </point>
      <point>
        <x>125.0</x>
        <y>5.25</y>
      </point>
      <point>
        <x>126.0</x>
        <y>5.25</y>
      </point>
      <point>
        <x>127.0</x>
        <y>5.25</y>
      </point>
      <point>
        <x>128.0</x>
        <y>5.25</y>
      </point>
      <point>
        <x>129.0</x>
        <y>5.25</y>
      </point>
      <point>
        <x>130.0</x>
        <y>5.25</y>
      </point>
      <point>
        <x>131.0</x>
        <y>5.25</y>
      </point>
      <point>
        <x>132.0</x>
        <y>5.25</y>
      </point>
      <point>
        <x>133.0</x>
        <y>5.25</y>
      </point>
      <point>
        <x>134.0</x>
        <y>5.25</y>
      </point>
      <point>
        <x>135.0</x>
        <y>5.25</y>
      </point>
      <point>
        <x>136.0</x>
        <y>5.25</y>
      </point>
      <point>
        <x>137.0</x>
        <y>5.25</y>
      </point>
      <point>
        <x>138.0</x>
        <y>5.25</y>
      </point>
      <point>
        <x>139.0</x>
        <y>5.25</y>
      </point>
      <point>
        <x>140.0</x>
        <y>5.25</y>
      </point>
      <point>
        <x>141.0</x>
        <y>5.25</y>
      </point>
      <point>
        <x>142.0</x>
        <y>5.25</y>
      </point>
      <point>
        <x>143.0</x>
        <y>5.25</y>
      </point>
      <point>
        <x>144.0</x>
        <y>5.25</y>
      </point>
      <point>
        <x>145.0</x>
        <y>5.25</y>
      </point>
      <point>
        <x>146.0</x>
        <y>5.25</y>
      </point>
      <point>
        <x>147.0</x>
        <y>5.25</y>
      </point>
      <point>
        <x>148.0</x>
        <y>5.25</y>
      </point>
      <point>
        <x>149.0</x>
        <y>5.25</y>
      </point>
      <point>
        <x>150.0</x>
        <y>5.25</y>
      </point>
      <point>
        <x>151.0</x>
        <y>5.25</y>
      </point>
      <point>
        <x>152.0</x>
        <y>5.25</y>
      </point>
      <point>
        <x>153.0</x>
        <y>5.25</y>
      </point>
      <point>
        <x>154.0</x>
        <y>5.25</y>
      </point>
      <point>
        <x>155.0</x>
        <y>5.25</y>
      </point>
      <point>
        <x>156.0</x>
        <y>5.25</y>
      </point>
      <point>
        <x>157.0</x>
        <y>5.25</y>
      </point>
      <point>
        <x>158.0</x>
        <y>5.25</y>
      </point>
      <point>
        <x>159.0</x>
        <y>5.25</y>
      </point>
      <point>
        <x>160.0</x>
        <y>5.25</y>
      </point>
      <point>
        <x>161.0</x>
        <y>5.25</y>
      </point>
      <point>
        <x>162.0</x>
        <y>5.25</y>
      </point>
      <point>
        <x>163.0</x>
        <y>5.25</y>
      </point>
      <point>
        <x>164.0</x>
        <y>5.25</y>
      </point>
      <point>
        <x>165.0</x>
        <y>5.25</y>
      </point>
      <point>
        <x>166.0</x>
        <y>5.25</y>
      </point>
      <point>
        <x>167.0</x>
        <y>5.25</y>
      </point>
      <point>
        <x>168.0</x>
        <y>5.25</y>
      </point>
      <point>
        <x>169.0</x>
        <y>5.25</y>
      </point>
      <point>
        <x>170.0</x>
        <y>5.25</y>
      </point>
      <point>
        <x>171.0</x>
        <y>5.25</y>
      </point>
      <point>
        <x>172.0</x>
        <y>5.25</y>
      </point>
      <point>
        <x>173.0</x>
        <y>5.25</y>
      </point>
      <point>
        <x>174.0</x>
        <y>5.25</y>
      </point>
      <point>
        <x>175.0</x>
        <y>5.25</y>
      </point>
      <point>
        <x>176.0</x>
        <y>5.25</y>
      </point>
      <point>
        <x>177.0</x>
        <y>5.25</y>
      </point>
      <point>
        <x>178.0</x>
        <y>5.25</y>
      </point>
      <point>
        <x>179.0</x>
        <y>5.25</y>
      </point>
      <point>
        <x>180.0</x>
        <y>5.25</y>
      </point>
      <point>
        <x>181.0</x>
        <y>5.25</y>
      </point>
      <point>
        <x>182.0</x>
        <y>5.25</y>
      </point>
      <point>
        <x>183.0</x>
        <y>5.25</y>
      </point>
      <point>
        <x>184.0</x>
        <y>5.25</y>
      </point>
      <point>
        <x>185.0</x>
        <y>5.25</y>
      </point>
      <point>
        <x>186.0</x>
        <y>5.25</y>
      </point>
      <point>
        <x>187.0</x>
        <y>5.25</y>
      </point>
      <point>
        <x>188.0</x>
        <y>5.25</y>
      </point>
      <point>
        <x>189.0</x>
        <y>5.25</y>
      </point>
      <point>
        <x>190.0</x>
        <y>5.25</y>
      </point>
      <point>
        <x>191.0</x>
        <y>5.25</y>
      </point>
      <point>
        <x>192.0</x>
        <y>5.25</y>
      </point>
      <point>
        <x>193.0</x>
        <y>5.25</y>
      </point>
      <point>
        <x>194.0</x>
        <y>5.25</y>
      </point>
      <point>
        <x>195.0</x>
        <y>5.25</y>
      </point>
      <point>
        <x>196.0</x>
        <y>5.25</y>
      </point>
      <point>
        <x>197.0</x>
        <y>5.25</y>
      </point>
      <point>
        <x>198.0</x>
        <y>5.25</y>
      </point>
      <point>
        <x>199.0</x>
        <y>5.25</y>
      </point>
    </leftBound>
    <rightBound>
      <point>
        <x>-10.0</x>
        <y>1.75</y>
      </point>
      <point>
        <x>-9.0</x>
        <y>1.75</y>
      </point>
      <point>
        <x>-8.0</x>
        <y>1.75</y>
      </point>
      <point>
        <x>-7.0</x>
        <y>1.75</y>
      </point>
      <point>
        <x>-6.0</x>
        <y>1.75</y>
      </point>
      <point>
        <x>-5.0</x>
        <y>1.75</y>
      </point>
      <point>
        <x>-4.0</x>
        <y>1.75</y>
      </point>
      <point>
        <x>-3.0</x>
        <y>1.75</y>
      </point>
      <point>
        <x>-2.0</x>
        <y>1.75</y>
      </point>
      <point>
        <x>-1.0</x>
        <y>1.75</y>
      </point>
      <point>
        <x>0.0</x>
        <y>1.75</y>
      </point>
      <point>
        <x>1.0</x>
        <y>1.75</y>
      </point>
      <point>
        <x>2.0</x>
        <y>1.75</y>
      </point>
      <point>
        <x>3.0</x>
        <y>1.75</y>
      </point>
      <point>
        <x>4.0</x>
        <y>1.75</y>
      </point>
      <point>
        <x>5.0</x>
        <y>1.75</y>
      </point>
      <point>
        <x>6.0</x>
        <y>1.75</y>
      </point>
      <point>
        <x>7.0</x>
        <y>1.75</y>
      </point>
      <point>
        <x>8.0</x>
        <y>1.75</y>
      </point>
      <point>
        <x>9.0</x>
        <y>1.75</y>
      </point>
      <point>
        <x>10.0</x>
        <y>1.75</y>
      </point>
      <point>
        <x>11.0</x>
        <y>1.75</y>
      </point>
      <point>
        <x>12.0</x>
        <y>1.75</y>
      </point>
      <point>
        <x>13.0</x>
        <y>1.75</y>
      </point>
      <point>
        <x>14.0</x>
        <y>1.75</y>
      </point>
      <point>
        <x>15.0</x>
        <y>1.75</y>
      </point>
      <point>
        <x>16.0</x>
        <y>1.75</y>
      </point>
      <point>
        <x>17.0</x>
        <y>1.75</y>
      </point>
      <point>
        <x>18.0</x>
        <y>1.75</y>
      </point>
      <point>
        <x>19.0</x>
        <y>1.75</y>
      </point>
      <point>
        <x>20.0</x>
        <y>1.75</y>
      </point>
      <point>
        <x>21.0</x>
        <y>1.75</y>
      </point>
      <point>
        <x>22.0</x>
        <y>1.75</y>
      </point>
      <point>
        <x>23.0</x>
        <y>1.75</y>
      </point>
      <point>
        <x>24.0</x>
        <y>1.75</y>
      </point>
      <point>
        <x>25.0</x>
        <y>1.75</y>
      </point>
      <point>
        <x>26.0</x>
        <y>1.75</y>
      </point>
      <point>
        <x>27.0</x>
        <y>1.75</y>
      </point>
      <point>
        <x>28.0</x>
        <y>1.75</y>
      </point>
      <point>
        <x>29.0</x>
        <y>1.75</y>
      </point>
      <point>
        <x>30.0</x>
        <y>1.75</y>
      </point>
      <point>
        <x>31.0</x>
        <y>1.75</y>
      </point>
      <point>
        <x>32.0</x>
        <y>1.75</y>
      </point>
      <point>
        <x>33.0</x>
        <y>1.75</y>
      </point>
      <point>
        <x>34.0</x>
        <y>1.75</y>
      </point>
      <point>
        <x>35.0</x>
        <y>1.75</y>
      </point>
      <point>
        <x>36.0</x>
        <y>1.75</y>
      </point>
      <point>
        <x>37.0</x>
        <y>1.75</y>
      </point>
      <point>
        <x>38.0</x>
        <y>1.75</y>
      </point>
      <point>
        <x>39.0</x>
        <y>1.75</y>
      </point>
      <point>
        <x>40.0</x>
        <y>1.75</y>
      </point>
      <point>
        <x>41.0</x>
        <y>1.75</y>
      </point>
      <point>
        <x>42.0</x>
        <y>1.75</y>
      </point>
      <point>
        <x>43.0</x>
        <y>1.75</y>
      </point>
      <point>
        <x>44.0</x>
        <y>1.75</y>
      </point>
      <point>
        <x>45.0</x>
        <y>1.75</y>
      </point>
      <point>
        <x>46.0</x>
        <y>1.75</y>
      </point>
      <point>
        <x>47.0</x>
        <y>1.75</y>
      </point>
      <point>
        <x>48.0</x>
        <y>1.75</y>
      </point>
      <point>
        <x>49.0</x>
        <y>1.75</y>
      </point>
      <point>
        <x>50.0</x>
        <y>1.75</y>
      </point>
      <point>
        <x>51.0</x>
        <y>1.75</y>
      </point>
      <point>
        <x>52.0</x>
        <y>1.75</y>
      </point>
      <point>
        <x>53.0</x>
        <y>1.75</y>
      </point>
      <point>
        <x>54.0</x>
        <y>1.75</y>
      </point>
      <point>
        <x>55.0</x>
        <y>1.75</y>
      </point>
      <point>
        <x>56.0</x>
        <y>1.75</y>
      </point>
      <point>
        <x>57.0</x>
        <y>1.75</y>
      </point>
      <point>
        <x>58.0</x>
        <y>1.75</y>
      </point>
      <point>
        <x>59.0</x>
        <y>1.75</y>
      </point>
      <point>
        <x>60.0</x>
        <y>1.75</y>
      </point>
      <point>
        <x>61.0</x>
        <y>1.75</y>
      </point>
      <point>
        <x>62.0</x>
        <y>1.75</y>
      </point>
      <point>
        <x>63.0</x>
        <y>1.75</y>
      </point>
      <point>
        <x>64.0</x>
        <y>1.75</y>
      </point>
      <point>
        <x>65.0</x>
        <y>1.75</y>
      </point>
      <point>
        <x>66.0</x>
        <y>1.75</y>
      </point>
      <point>
        <x>67.0</x>
        <y>1.75</y>
      </point>
      <point>
        <x>68.0</x>
        <y>1.75</y>
      </point>
      <point>
        <x>69.0</x>
        <y>1.75</y>
      </point>
      <point>
        <x>70.0</x>
        <y>1.75</y>
      </point>
      <point>
        <x>71.0</x>
        <y>1.75</y>
      </point>
      <point>
        <x>72.0</x>
        <y>1.75</y>
      </point>
      <point>
        <x>73.0</x>
        <y>1.75</y>
      </point>
      <point>
        <x>74.0</x>
        <y>1.75</y>
      </point>
      <point>
        <x>75.0</x>
        <y>1.75</y>
      </point>
      <point>
        <x>76.0</x>
        <y>1.75</y>
      </point>
      <point>
        <x>77.0</x>
        <y>1.75</y>
      </point>
      <point>
        <x>78.0</x>
        <y>1.75</y>
      </point>
      <point>
        <x>79.0</x>
        <y>1.75</y>
      </point>
      <point>
        <x>80.0</x>
        <y>1.75</y>
      </point>
      <point>
        <x>81.0</x>
        <y>1.75</y>
      </point>
      <point>
        <x>82.0</x>
        <y>1.75</y>
      </point>
      <point>
        <x>83.0</x>
        <y>1.75</y>
      </point>
      <point>
        <x>84.0</x>
        <y>1.75</y>
      </point>
      <point>
        <x>85.0</x>
        <y>1.75</y>
      </point>
      <point>
        <x>86.0</x>
        <y>1.75</y>
      </point>
      <point>
        <x>87.0</x>
        <y>1.75</y>
      </point>
      <point>
        <x>88.0</x>
        <y>1.75</y>
      </point>
      <point>
        <x>89.0</x>
        <y>1.75</y>
      </point>
      <point>
        <x>90.0</x>
        <y>1.75</y>
      </point>
      <point>
        <x>91.0</x>
        <y>1.75</y>
      </point>
      <point>
        <x>92.0</x>
        <y>1.75</y>
      </point>
      <point>
        <x>93.0</x>
        <y>1.75</y>
      </point>
      <point>
        <x>94.0</x>
        <y>1.75</y>
      </point>
      <point>
        <x>95.0</x>
        <y>1.75</y>
      </point>
      <point>
        <x>96.0</x>
        <y>1.75</y>
      </point>
      <point>
        <x>97.0</x>
        <y>1.75</y>
      </point>
      <point>
        <x>98.0</x>
        <y>1.75</y>
      </point>
      <point>
        <x>99.0</x>
        <y>1.75</y>
      </point>
      <point>
        <x>100.0</x>
        <y>1.75</y>
      </point>
      <point>
        <x>101.0</x>
        <y>1.75</y>
      </point>
      <point>
        <x>102.0</x>
        <y>1.75</y>
      </point>
      <point>
        <x>103.0</x>
        <y>1.75</y>
      </point>
      <point>
        <x>104.0</x>
        <y>1.75</y>
      </point>
      <point>
        <x>105.0</x>
        <y>1.75</y>
      </point>
      <point>
        <x>106.0</x>
        <y>1.75</y>
      </point>
      <point>
        <x>107.0</x>
        <y>1.75</y>
      </point>
      <point>
        <x>108.0</x>
        <y>1.75</y>
      </point>
      <point>
        <x>109.0</x>
        <y>1.75</y>
      </point>
      <point>
        <x>110.0</x>
        <y>1.75</y>
      </point>
      <point>
        <x>111.0</x>
        <y>1.75</y>
      </point>
      <point>
        <x>112.0</x>
        <y>1.75</y>
      </point>
      <point>
        <x>113.0</x>
        <y>1.75</y>
      </point>
      <point>
        <x>114.0</x>
        <y>1.75</y>
      </point>
      <point>
        <x>115.0</x>
        <y>1.75</y>
      </point>
      <point>
        <x>116.0</x>
        <y>1.75</y>
      </point>
      <point>
        <x>117.0</x>
        <y>1.75</y>
      </point>
      <point>
        <x>118.0</x>
        <y>1.75</y>
      </point>
      <point>
        <x>119.0</x>
        <y>1.75</y>
      </point>
      <point>
        <x>120.0</x>
        <y>1.75</y>
      </point>
      <point>
        <x>121.0</x>
        <y>1.75</y>
      </point>
      <point>
        <x>122.0</x>
        <y>1.75</y>
      </point>
      <point>
        <x>123.0</x>
        <y>1.75</y>
      </point>
      <point>
        <x>124.0</x>
        <y>1.75</y>
      </point>
      <point>
        <x>125.0</x>
        <y>1.75</y>
      </point>
      <point>
        <x>126.0</x>
        <y>1.75</y>
      </point>
      <point>
        <x>127.0</x>
        <y>1.75</y>
      </point>
      <point>
        <x>128.0</x>
        <y>1.75</y>
      </point>
      <point>
        <x>129.0</x>
        <y>1.75</y>
      </point>
      <point>
        <x>130.0</x>
        <y>1.75</y>
      </point>
      <point>
        <x>131.0</x>
        <y>1.75</y>
      </point>
      <point>
        <x>132.0</x>
        <y>1.75</y>
      </point>
      <point>
        <x>133.0</x>
        <y>1.75</y>
      </point>
      <point>
        <x>134.0</x>
        <y>1.75</y>
      </point>
      <point>
        <x>135.0</x>
        <y>1.75</y>
      </point>
      <point>
        <x>136.0</x>
        <y>1.75</y>
      </point>
      <point>
        <x>137.0</x>
        <y>1.75</y>
      </point>
      <point>
        <x>138.0</x>
        <y>1.75</y>
      </point>
      <point>
        <x>139.0</x>
        <y>1.75</y>
      </point>
      <point>
        <x>140.0</x>
        <y>1.75</y>
      </point>
      <point>
        <x>141.0</x>
        <y>1.75</y>
      </point>
      <point>
        <x>142.0</x>
        <y>1.75</y>
      </point>
      <point>
        <x>143.0</x>
        <y>1.75</y>
      </point>
      <point>
        <x>144.0</x>
        <y>1.75</y>
      </point>
      <point>
        <x>145.0</x>
        <y>1.75</y>
      </point>
      <point>
        <x>146.0</x>
        <y>1.75</y>
      </point>
      <point>
        <x>147.0</x>
        <y>1.75</y>
      </point>
      <point>
        <x>148.0</x>
        <y>1.75</y>
      </point>
      <point>
        <x>149.0</x>
        <y>1.75</y>
      </point>
      <point>
        <x>150.0</x>
        <y>1.75</y>
      </point>
      <point>
        <x>151.0</x>
        <y>1.75</y>
      </point>
      <point>
        <x>152.0</x>
        <y>1.75</y>
      </point>
      <point>
        <x>153.0</x>
        <y>1.75</y>
      </point>
      <point>
        <x>154.0</x>
        <y>1.75</y>
      </point>
      <point>
        <x>155.0</x>
        <y>1.75</y>
      </point>
      <point>
        <x>156.0</x>
        <y>1.75</y>
      </point>
      <point>
        <x>157.0</x>
        <y>1.75</y>
      </point>
      <point>
        <x>158.0</x>
        <y>1.75</y>
      </point>
      <point>
        <x>159.0</x>
        <y>1.75</y>
      </point>
      <point>
        <x>160.0</x>
        <y>1.75</y>
      </point>
      <point>
        <x>161.0</x>
        <y>1.75</y>
      </point>
      <point>
        <x>162.0</x>
        <y>1.75</y>
      </point>
      <point>
        <x>163.0</x>
        <y>1.75</y>
      </point>
      <point>
        <x>164.0</x>
        <y>1.75</y>
      </point>
      <point>
        <x>165.0</x>
        <y>1.75</y>
      </point>
      <point>
        <x>166.0</x>
        <y>1.75</y>
      </point>
      <point>
        <x>167.0</x>
        <y>1.75</y>
      </point>
      <point>
        <x>168.0</x>
        <y>1.75</y>
      </point>
      <point>
        <x>169.0</x>
        <y>1.75</y>
      </point>
      <point>
        <x>170.0</x>
        <y>1.75</y>
      </point>
      <point>
        <x>171.0</x>
        <y>1.75</y>
      </point>
      <point>
        <x>172.0</x>
        <y>1.75</y>
      </point>
      <point>
        <x>173.0</x>
        <y>1.75</y>
      </point>
      <point>
        <x>174.0</x>
        <y>1.75</y>
      </point>
      <point>
        <x>175.0</x>
        <y>1.75</y>
      </point>
      <point>
        <x>176.0</x>
        <y>1.75</y>
      </point>
      <point>
        <x>177.0</x>
        <y>1.75</y>
      </point>
      <point>
        <x>178.0</x>
        <y>1.75</y>
      </point>
      <point>
        <x>179.0</x>
        <y>1.75</y>
      </point>
      <point>
        <x>180.0</x>
        <y>1.75</y>
      </point>
      <point>
        <x>181.0</x>
        <y>1.75</y>
      </point>
      <point>
        <x>182.0</x>
        <y>1.75</y>
      </point>
      <point>
        <x>183.0</x>
        <y>1.75</y>
      </point>
      <point>
        <x>184.0</x>
        <y>1.75</y>
      </point>
      <point>
        <x>185.0</x>
        <y>1.75</y>
      </point>
      <point>
        <x>186.0</x>
        <y>1.75</y>
      </point>
      <point>
        <x>187.0</x>
        <y>1.75</y>
      </point>
      <point>
        <x>188.0</x>
        <y>1.75</y>
      </point>
      <point>
        <x>189.0</x>
        <y>1.75</y>
      </point>
      <point>
        <x>190.0</x>
        <y>1.75</y>
      </point>
      <point>
        <x>191.0</x>
        <y>1.75</y>
      </point>
      <point>
        <x>192.0</x>
        <y>1.75</y>
      </point>
      <point>
        <x>193.0</x>
        <y>1.75</y>
      </point>
      <point>
        <x>194.0</x>
        <y>1.75</y>
      </point>
      <point>
        <x>195.0</x>
        <y>1.75</y>
      </point>
      <point>
        <x>196.0</x>
        <y>1.75</y>
      </point>
      <point>
        <x>197.0</x>
        <y>1.75</y>
      </point>
      <point>
        <x>198.0</x>
        <y>1.75</y>
      </point>
      <point>
        <x>199.0</x>
        <y>1.75</y>
      </point>
    </rightBound>
    <adjacentRight drivingDir="same" ref="1"/>
  </lanelet>
  <lanelet id="3">
    <leftBound>
      <point>
        <x>-10.0</x>
        <y>-5.25</y>
      </point>
      <point>
        <x>-9.0</x>
        <y>-5.25</y>
      </point>
      <point>
        <x>-8.0</x>
        <y>-5.25</y>
      </point>
      <point>
        <x>-7.0</x>
        <y>-5.25</y>
      </point>
      <point>
        <x>-6.0</x>
        <y>-5.25</y>
      </point>
      <point>
        <x>-5.0</x>
        <y>-5.25</y>
      </point>
      <point>
        <x>-4.0</x>
        <y>-5.25</y>
      </point>
      <point>
        <x>-3.0</x>
        <y>-5.25</y>
      </point>
      <point>
        <x>-2.0</x>
        <y>-5.25</y>
      </point>
      <point>
        <x>-1.0</x>
        <y>-5.25</y>
      </point>
      <point>
        <x>0.0</x>
        <y>-5.25</y>
      </point>
      <point>
        <x>1.0</x>
        <y>-5.25</y>
      </point>
      <point>
        <x>2.0</x>
        <y>-5.25</y>
      </point>
      <point>
        <x>3.0</x>
        <y>-5.25</y>
      </point>
      <point>
        <x>4.0</x>
        <y>-5.25</y>
      </point>
      <point>
        <x>5.0</x>
        <y>-5.25</y>
      </point>
      <point>
        <x>6.0</x>
        <y>-5.25</y>
      </point>
      <point>
        <x>7.0</x>
        <y>-5.25</y>
      </point>
      <point>
        <x>8.0</x>
        <y>-5.25</y>
      </point>
      <point>
        <x>9.0</x>
        <y>-5.25</y>
      </point>
      <point>
        <x>10.0</x>
        <y>-5.25</y>
      </point>
      <point>
        <x>11.0</x>
        <y>-5.25</y>
      </point>
      <point>
        <x>12.0</x>
        <y>-5.25</y>
      </point>
      <point>
        <x>13.0</x>
        <y>-5.25</y>
      </point>
      <point>
        <x>14.0</x>
        <y>-5.25</y>
      </point>
      <point>
        <x>15.0</x>
        <y>-5.25</y>
      </point>
      <point>
        <x>16.0</x>
        <y>-5.25</y>
      </point>
      <point>
        <x>17.0</x>
        <y>-5.25</y>
      </point>
      <point>
        <x>18.0</x>
        <y>-5.25</y>
      </point>
      <point>
        <x>19.0</x>
        <y>-5.25</y>
      </point>
      <point>
        <x>20.0</x>
        <y>-5.25</y>
      </point>
      <point>
        <x>21.0</x>
        <y>-5.25</y>
      </point>
      <point>
        <x>22.0</x>
        <y>-5.25</y>
      </point>
      <point>
        <x>23.0</x>
        <y>-5.25</y>
      </point>
      <point>
        <x>24.0</x>
        <y>-5.25</y>
      </point>
      <point>
        <x>25.0</x>
        <y>-5.25</y>
      </point>
      <point>
        <x>26.0</x>
        <y>-5.25</y>
      </point>
      <point>
        <x>27.0</x>
        <y>-5.25</y>
      </point>
      <point>
        <x>28.0</x>
        <y>-5.25</y>
      </point>
      <point>
        <x>29.0</x>
        <y>-5.25</y>
      </point>
      <point>
        <x>30.0</x>
        <y>-5.25</y>
      </point>
      <point>
        <x>31.0</x>
        <y>-5.25</y>
      </point>
      <point>
        <x>32.0</x>
        <y>-5.25</y>
      </point>
      <point>
        <x>33.0</x>
        <y>-5.25</y>
      </point>
      <point>
        <x>34.0</x>
        <y>-5.25</y>
      </point>
      <point>
        <x>35.0</x>
        <y>-5.25</y>
      </point>
      <point>
        <x>36.0</x>
        <y>-5.25</y>
      </point>
      <point>
        <x>37.0</x>
        <y>-5.25</y>
      </point>
      <point>
        <x>38.0</x>
        <y>-5.25</y>
      </point>
      <point>
        <x>39.0</x>
        <y>-5.25</y>
      </point>
      <point>
        <x>40.0</x>
        <y>-5.25</y>
      </point>
      <point>
        <x>41.0</x>
        <y>-5.25</y>
      </point>
      <point>
        <x>42.0</x>
        <y>-5.25</y>
      </point>
      <point>
        <x>43.0</x>
        <y>-5.25</y>
      </point>
      <point>
        <x>44.0</x>
        <y>-5.25</y>
      </point>
      <point>
        <x>45.0</x>
        <y>-5.25</y>
      </point>
      <point>
        <x>46.0</x>
        <y>-5.25</y>
      </point>
      <point>
        <x>47.0</x>
        <y>-5.25</y>
      </point>
      <point>
        <x>48.0</x>
        <y>-5.25</y>
      </point>
      <point>
        <x>49.0</x>
        <y>-5.25</y>
      </point>
      <point>
        <x>50.0</x>
        <y>-5.25</y>
      </point>
      <point>
        <x>51.0</x>
        <y>-5.25</y>
      </point>
      <point>
        <x>52.0</x>
        <y>-5.25</y>
      </point>
      <point>
        <x>53.0</x>
        <y>-5.25</y>
      </point>
      <point>
        <x>54.0</x>
        <y>-5.25</y>
      </point>
      <point>
        <x>55.0</x>
        <y>-5.25</y>
      </point>
      <point>
        <x>56.0</x>
        <y>-5.25</y>
      </point>
      <point>
        <x>57.0</x>
        <y>-5.25</y>
      </point>
      <point>
        <x>58.0</x>
        <y>-5.25</y>
      </point>
      <point>
        <x>59.0</x>
        <y>-5.25</y>
      </point>
      <point>
        <x>60.0</x>
        <y>-5.25</y>
      </point>
      <point>
        <x>61.0</x>
        <y>-5.25</y>
      </point>
      <point>
        <x>62.0</x>
        <y>-5.25</y>
      </point>
      <point>
        <x>63.0</x>
        <y>-5.25</y>
      </point>
      <point>
        <x>64.0</x>
        <y>-5.25</y>
      </point>
      <point>
        <x>65.0</x>
        <y>-5.25</y>
      </point>
      <point>
        <x>66.0</x>
        <y>-5.25</y>
      </point>
      <point>
        <x>67.0</x>
        <y>-5.25</y>
      </point>
      <point>
        <x>68.0</x>
        <y>-5.25</y>
      </point>
      <point>
        <x>69.0</x>
        <y>-5.25</y>
      </point>
      <point>
        <x>70.0</x>
        <y>-5.25</y>
      </point>
      <point>
        <x>71.0</x>
        <y>-5.25</y>
      </point>
      <point>
        <x>72.0</x>
        <y>-5.25</y>
      </point>
      <point>
        <x>73.0</x>
        <y>-5.25</y>
      </point>
      <point>
        <x>74.0</x>
        <y>-5.25</y>
      </point>
      <point>
        <x>75.0</x>
        <y>-5.25</y>
      </point>
      <point>
        <x>76.0</x>
        <y>-5.25</y>
      </point>
      <point>
        <x>77.0</x>
        <y>-5.25</y>
      </point>
      <point>
        <x>78.0</x>
        <y>-5.25</y>
      </point>
      <point>
        <x>79.0</x>
        <y>-5.25</y>
      </point>
      <point>
        <x>80.0</x>
        <y>-5.25</y>
      </point>
      <point>
        <x>81.0</x>
        <y>-5.25</y>
      </point>
      <point>
        <x>82.0</x>
        <y>-5.25</y>
      </point>
      <point>
        <x>83.0</x>
        <y>-5.25</y>
      </point>
      <point>
        <x>84.0</x>
        <y>-5.25</y>
      </point>
      <point>
        <x>85.0</x>
        <y>-5.25</y>
      </point>
      <point>
        <x>86.0</x>
        <y>-5.25</y>
      </point>
      <point>
        <x>87.0</x>
        <y>-5.25</y>
      </point>
      <point>
        <x>88.0</x>
        <y>-5.25</y>
      </point>
      <point>
        <x>89.0</x>
        <y>-5.25</y>
      </point>
      <point>
        <x>90.0</x>
        <y>-5.25</y>
      </point>
      <point>
        <x>91.0</x>
        <y>-5.25</y>
      </point>
      <point>
        <x>92.0</x>
        <y>-5.25</y>
      </point>
      <point>
        <x>93.0</x>
        <y>-5.25</y>
      </point>
      <point>
        <x>94.0</x>
        <y>-5.25</y>
      </point>
      <point>
        <x>95.0</x>
        <y>-5.25</y>
      </point>
      <point>
        <x>96.0</x>
        <y>-5.25</y>
      </point>
      <point>
        <x>97.0</x>
        <y>-5.25</y>
      </point>
      <point>
        <x>98.0</x>
        <y>-5.25</y>
      </point>
      <point>
        <x>99.0</x>
        <y>-5.25</y>
      </point>
      <point>
        <x>100.0</x>
        <y>-5.25</y>
      </point>
      <point>
        <x>101.0</x>
        <y>-5.25</y>
      </point>
      <point>
        <x>102.0</x>
        <y>-5.25</y>
      </point>
      <point>
        <x>103.0</x>
        <y>-5.25</y>
      </point>
      <point>
        <x>104.0</x>
        <y>-5.25</y>
      </point>
      <point>
        <x>105.0</x>
        <y>-5.25</y>
      </point>
      <point>
        <x>106.0</x>
        <y>-5.25</y>
      </point>
      <point>
        <x>107.0</x>
        <y>-5.25</y>
      </point>
      <point>
        <x>108.0</x>
        <y>-5.25</y>
      </point>
      <point>
        <x>109.0</x>
        <y>-5.25</y>
      </point>
      <point>
        <x>110.0</x>
        <y>-5.25</y>
      </point>
      <point>
        <x>111.0</x>
        <y>-5.25</y>
      </point>
      <point>
        <x>112.0</x>
        <y>-5.25</y>
      </point>
      <point>
        <x>113.0</x>
        <y>-5.25</y>
      </point>
      <point>
        <x>114.0</x>
        <y>-5.25</y>
      </point>
      <point>
        <x>115.0</x>
        <y>-5.25</y>
      </point>
      <point>
        <x>116.0</x>
        <y>-5.25</y>
      </point>
      <point>
        <x>117.0</x>
        <y>-5.25</y>
      </point>
      <point>
        <x>118.0</x>
        <y>-5.25</y>
      </point>
      <point>
        <x>119.0</x>
        <y>-5.25</y>
      </point>
      <point>
        <x>120.0</x>
        <y>-5.25</y>
      </point>
      <point>
        <x>121.0</x>
        <y>-5.25</y>
      </point>
      <point>
        <x>122.0</x>
        <y>-5.25</y>
      </point>
      <point>
        <x>123.0</x>
        <y>-5.25</y>
      </point>
      <point>
        <x>124.0</x>
        <y>-5.25</y>
      </point>
      <point>
        <x>125.0</x>
        <y>-5.25</y>
      </point>
      <point>
        <x>126.0</x>
        <y>-5.25</y>
      </point>
      <point>
        <x>127.0</x>
        <y>-5.25</y>
      </point>
      <point>
        <x>128.0</x>
        <y>-5.25</y>
      </point>
      <point>
        <x>129.0</x>
        <y>-5.25</y>
      </point>
      <point>
        <x>130.0</x>
        <y>-5.25</y>
      </point>
      <point>
        <x>131.0</x>
        <y>-5.25</y>
      </point>
      <point>
        <x>132.0</x>
        <y>-5.25</y>
      </point>
      <point>
        <x>133.0</x>
        <y>-5.25</y>
      </point>
      <point>
        <x>134.0</x>
        <y>-5.25</y>
      </point>
      <point>
        <x>135.0</x>
        <y>-5.25</y>
      </point>
      <point>
        <x>136.0</x>
        <y>-5.25</y>
      </point>
      <point>
        <x>137.0</x>
        <y>-5.25</y>
      </point>
      <point>
        <x>138.0</x>
        <y>-5.25</y>
      </point>
      <point>
        <x>139.0</x>
        <y>-5.25</y>
      </point>
      <point>
        <x>140.0</x>
        <y>-5.25</y>
      </point>
      <point>
        <x>141.0</x>
        <y>-5.25</y>
      </point>
      <point>
        <x>142.0</x>
        <y>-5.25</y>
      </point>
      <point>
        <x>143.0</x>
        <y>-5.25</y>
      </point>
      <point>
        <x>144.0</x>
        <y>-5.25</y>
      </point>
      <point>
        <x>145.0</x>
        <y>-5.25</y>
      </point>
      <point>
        <x>146.0</x>
        <y>-5.25</y>
      </point>
      <point>
        <x>147.0</x>
        <y>-5.25</y>
      </point>
      <point>
        <x>148.0</x>
        <y>-5.25</y>
      </point>
      <point>
        <x>149.0</x>
        <y>-5.25</y>
      </point>
      <point>
        <x>150.0</x>
        <y>-5.25</y>
      </point>
      <point>
        <x>151.0</x>
        <y>-5.25</y>
      </point>
      <point>
        <x>152.0</x>
        <y>-5.25</y>
      </point>
      <point>
        <x>153.0</x>
        <y>-5.25</y>
      </point>
      <point>
        <x>154.0</x>
        <y>-5.25</y>
      </point>
      <point>
        <x>155.0</x>
        <y>-5.25</y>
      </point>
      <point>
        <x>156.0</x>
        <y>-5.25</y>
      </point>
      <point>
        <x>157.0</x>
        <y>-5.25</y>
      </point>
      <point>
        <x>158.0</x>
        <y>-5.25</y>
      </point>
      <point>
        <x>159.0</x>
        <y>-5.25</y>
      </point>
      <point>
        <x>160.0</x>
        <y>-5.25</y>
      </point>
      <point>
        <x>161.0</x>
        <y>-5.25</y>
      </point>
      <point>
        <x>162.0</x>
        <y>-5.25</y>
      </point>
      <point>
        <x>163.0</x>
        <y>-5.25</y>
      </point>
      <point>
        <x>164.0</x>
        <y>-5.25</y>
      </point>
      <point>
        <x>165.0</x>
        <y>-5.25</y>
      </point>
      <point>
        <x>166.0</x>
        <y>-5.25</y>
      </point>
      <point>
        <x>167.0</x>
        <y>-5.25</y>
      </point>
      <point>
        <x>168.0</x>
        <y>-5.25</y>
      </point>
      <point>
        <x>169.0</x>
        <y>-5.25</y>
      </point>
      <point>
        <x>170.0</x>
        <y>-5.25</y>
      </point>
      <point>
        <x>171.0</x>
        <y>-5.25</y>
      </point>
      <point>
        <x>172.0</x>
        <y>-5.25</y>
      </point>
      <point>
        <x>173.0</x>
        <y>-5.25</y>
      </point>
      <point>
        <x>174.0</x>
        <y>-5.25</y>
      </point>
      <point>
        <x>175.0</x>
        <y>-5.25</y>
      </point>
      <point>
        <x>176.0</x>
        <y>-5.25</y>
      </point>
      <point>
        <x>177.0</x>
        <y>-5.25</y>
      </point>
      <point>
        <x>178.0</x>
        <y>-5.25</y>
      </point>
      <point>
        <x>179.0</x>
        <y>-5.25</y>
      </point>
      <point>
        <x>180.0</x>
        <y>-5.25</y>
      </point>
      <point>
        <x>181.0</x>
        <y>-5.25</y>
      </point>
      <point>
        <x>182.0</x>
        <y>-5.25</y>
      </point>
      <point>
        <x>183.0</x>
        <y>-5.25</y>
      </point>
      <point>
        <x>184.0</x>
        <y>-5.25</y>
      </point>
      <point>
        <x>185.0</x>
        <y>-5.25</y>
      </point>
      <point>
        <x>186.0</x>
        <y>-5.25</y>
      </point>
      <point>
        <x>187.0</x>
        <y>-5.25</y>
      </point>
      <point>
        <x>188.0</x>
        <y>-5.25</y>
      </point>
      <point>
        <x>189.0</x>
        <y>-5.25</y>
      </point>
      <point>
        <x>190.0</x>
        <y>-5.25</y>
      </point>
      <point>
        <x>191.0</x>
        <y>-5.25</y>
      </point>
      <point>
        <x>192.0</x>
        <y>-5.25</y>
      </point>
      <point>
        <x>193.0</x>
        <y>-5.25</y>
      </point>
      <point>
        <x>194.0</x>
        <y>-5.25</y>
      </point>
      <point>
        <x>195.0</x>
        <y>-5.25</y>
      </point>
      <point>
        <x>196.0</x>
        <y>-5.25</y>
      </point>
      <point>
        <x>197.0</x>
        <y>-5.25</y>
      </point>
      <point>
        <x>198.0</x>
        <y>-5.25</y>
      </point>
      <point>
        <x>199.0</x>
        <y>-5.25</y>
      </point>
    </leftBound>
    <rightBound>
      <point>
        <x>-10.0</x>
        <y>-1.75</y>
      </point>
      <point>
        <x>-9.0</x>
        <y>-1.75</y>
      </point>
      <point>
        <x>-8.0</x>
        <y>-1.75</y>
      </point>
      <point>
        <x>-7.0</x>
        <y>-1.75</y>
      </point>
      <point>
        <x>-6.0</x>
        <y>-1.75</y>
      </point>
      <point>
        <x>-5.0</x>
        <y>-1.75</y>
      </point>
      <point>
        <x>-4.0</x>
        <y>-1.75</y>
      </point>
      <point>
        <x>-3.0</x>
        <y>-1.75</y>
      </point>
      <point>
        <x>-2.0</x>
        <y>-1.75</y>
      </point>
      <point>
        <x>-1.0</x>
        <y>-1.75</y>
      </point>
      <point>
        <x>0.0</x>
        <y>-1.75</y>
      </point>
      <point>
        <x>1.0</x>
        <y>-1.75</y>
      </point>
      <point>
        <x>2.0</x>
        <y>-1.75</y>
      </point>
      <point>
        <x>3.0</x>
        <y>-1.75</y>
      </point>
      <point>
        <x>4.0</x>
        <y>-1.75</y>
      </point>
      <point>
        <x>5.0</x>
        <y>-1.75</y>
      </point>
      <point>
        <x>6.0</x>
        <y>-1.75</y>
      </point>
      <point>
        <x>7.0</x>
        <y>-1.75</y>
      </point>
      <point>
        <x>8.0</x>
        <y>-1.75</y>
      </point>
      <point>
        <x>9.0</x>
        <y>-1.75</y>
      </point>
      <point>
        <x>10.0</x>
        <y>-1.75</y>
      </point>
      <point>
        <x>11.0</x>
        <y>-1.75</y>
      </point>
      <point>
        <x>12.0</x>
        <y>-1.75</y>
      </point>
      <point>
        <x>13.0</x>
        <y>-1.75</y>
      </point>
      <point>
        <x>14.0</x>
        <y>-1.75</y>
      </point>
      <point>
        <x>15.0</x>
        <y>-1.75</y>
      </point>
      <point>
        <x>16.0</x>
        <y>-1.75</y>
      </point>
      <point>
        <x>17.0</x>
        <y>-1.75</y>
      </point>
      <point>
        <x>18.0</x>
        <y>-1.75</y>
      </point>
      <point>
        <x>19.0</x>
        <y>-1.75</y>
      </point>
      <point>
        <x>20.0</x>
        <y>-1.75</y>
      </point>
      <point>
        <x>21.0</x>
        <y>-1.75</y>
      </point>
      <point>
        <x>22.0</x>
        <y>-1.75</y>
      </point>
      <point>
        <x>23.0</x>
        <y>-1.75</y>
      </point>
      <point>
        <x>24.0</x>
        <y>-1.75</y>
      </point>
      <point>
        <x>25.0</x>
        <y>-1.75</y>
      </point>
      <point>
        <x>26.0</x>
        <y>-1.75</y>
      </point>
      <point>
        <x>27.0</x>
        <y>-1.75</y>
      </point>
      <point>
        <x>28.0</x>
        <y>-1.75</y>
      </point>
      <point>
        <x>29.0</x>
        <y>-1.75</y>
      </point>
      <point>
        <x>30.0</x>
        <y>-1.75</y>
      </point>
      <point>
        <x>31.0</x>
        <y>-1.75</y>
      </point>
      <point>
        <x>32.0</x>
        <y>-1.75</y>
      </point>
      <point>
        <x>33.0</x>
        <y>-1.75</y>
      </point>
      <point>
        <x>34.0</x>
        <y>-1.75</y>
      </point>
      <point>
        <x>35.0</x>
        <y>-1.75</y>
      </point>
      <point>
        <x>36.0</x>
        <y>-1.75</y>
      </point>
      <point>
        <x>37.0</x>
        <y>-1.75</y>
      </point>
      <point>
        <x>38.0</x>
        <y>-1.75</y>
      </point>
      <point>
        <x>39.0</x>
        <y>-1.75</y>
      </point>
      <point>
        <x>40.0</x>
        <y>-1.75</y>
      </point>
      <point>
        <x>41.0</x>
        <y>-1.75</y>
      </point>
      <point>
        <x>42.0</x>
        <y>-1.75</y>
      </point>
      <point>
        <x>43.0</x>
        <y>-1.75</y>
      </point>
      <point>
        <x>44.0</x>
        <y>-1.75</y>
      </point>
      <point>
        <x>45.0</x>
        <y>-1.75</y>
      </point>
      <point>
        <x>46.0</x>
        <y>-1.75</y>
      </point>
      <point>
        <x>47.0</x>
        <y>-1.75</y>
      </point>
      <point>
        <x>48.0</x>
        <y>-1.75</y>
      </point>
      <point>
        <x>49.0</x>
        <y>-1.75</y>
      </point>
      <point>
        <x>50.0</x>
        <y>-1.75</y>
      </point>
      <point>
        <x>51.0</x>
        <y>-1.75</y>
      </point>
      <point>
        <x>52.0</x>
        <y>-1.75</y>
      </point>
      <point>
        <x>53.0</x>
        <y>-1.75</y>
      </point>
      <point>
        <x>54.0</x>
        <y>-1.75</y>
      </point>
      <point>
        <x>55.0</x>
        <y>-1.75</y>
      </point>
      <point>
        <x>56.0</x>
        <y>-1.75</y>
      </point>
      <point>
        <x>57.0</x>
        <y>-1.75</y>
      </point>
      <point>
        <x>58.0</x>
        <y>-1.75</y>
      </point>
      <point>
        <x>59.0</x>
        <y>-1.75</y>
      </point>
      <point>
        <x>60.0</x>
        <y>-1.75</y>
      </point>
      <point>
        <x>61.0</x>
        <y>-1.75</y>
      </point>
      <point>
        <x>62.0</x>
        <y>-1.75</y>
      </point>
      <point>
        <x>63.0</x>
        <y>-1.75</y>
      </point>
      <point>
        <x>64.0</x>
        <y>-1.75</y>
      </point>
      <point>
        <x>65.0</x>
        <y>-1.75</y>
      </point>
      <point>
        <x>66.0</x>
        <y>-1.75</y>
      </point>
      <point>
        <x>67.0</x>
        <y>-1.75</y>
      </point>
      <point>
        <x>68.0</x>
        <y>-1.75</y>
      </point>
      <point>
        <x>69.0</x>
        <y>-1.75</y>
      </point>
      <point>
        <x>70.0</x>
        <y>-1.75</y>
      </point>
      <point>
        <x>71.0</x>
        <y>-1.75</y>
      </point>
      <point>
        <x>72.0</x>
        <y>-1.75</y>
      </point>
      <point>
        <x>73.0</x>
        <y>-1.75</y>
      </point>
      <point>
        <x>74.0</x>
        <y>-1.75</y>
      </point>
      <point>
        <x>75.0</x>
        <y>-1.75</y>
      </point>
      <point>
        <x>76.0</x>
        <y>-1.75</y>
      </point>
      <point>
        <x>77.0</x>
        <y>-1.75</y>
      </point>
      <point>
        <x>78.0</x>
        <y>-1.75</y>
      </point>
      <point>
        <x>79.0</x>
        <y>-1.75</y>
      </point>
      <point>
        <x>80.0</x>
        <y>-1.75</y>
      </point>
      <point>
        <x>81.0</x>
        <y>-1.75</y>
      </point>
      <point>
        <x>82.0</x>
        <y>-1.75</y>
      </point>
      <point>
        <x>83.0</x>
        <y>-1.75</y>
      </point>
      <point>
        <x>84.0</x>
        <y>-1.75</y>
      </point>
      <point>
        <x>85.0</x>
        <y>-1.75</y>
      </point>
      <point>
        <x>86.0</x>
        <y>-1.75</y>
      </point>
      <point>
        <x>87.0</x>
        <y>-1.75</y>
      </point>
      <point>
        <x>88.0</x>
        <y>-1.75</y>
      </point>
      <point>
        <x>89.0</x>
        <y>-1.75</y>
      </point>
      <point>
        <x>90.0</x>
        <y>-1.75</y>
      </point>
      <point>
        <x>91.0</x>
        <y>-1.75</y>
      </point>
      <point>
        <x>92.0</x>
        <y>-1.75</y>
      </point>
      <point>
        <x>93.0</x>
        <y>-1.75</y>
      </point>
      <point>
        <x>94.0</x>
        <y>-1.75</y>
      </point>
      <point>
        <x>95.0</x>
        <y>-1.75</y>
      </point>
      <point>
        <x>96.0</x>
        <y>-1.75</y>
      </point>
      <point>
        <x>97.0</x>
        <y>-1.75</y>
      </point>
      <point>
        <x>98.0</x>
        <y>-1.75</y>
      </point>
      <point>
        <x>99.0</x>
        <y>-1.75</y>
      </point>
      <point>
        <x>100.0</x>
        <y>-1.75</y>
      </point>
      <point>
        <x>101.0</x>
        <y>-1.75</y>
      </point>
      <point>
        <x>102.0</x>
        <y>-1.75</y>
      </point>
      <point>
        <x>103.0</x>
        <y>-1.75</y>
      </point>
      <point>
        <x>104.0</x>
        <y>-1.75</y>
      </point>
      <point>
        <x>105.0</x>
        <y>-1.75</y>
      </point>
      <point>
        <x>106.0</x>
        <y>-1.75</y>
      </point>
      <point>
        <x>107.0</x>
        <y>-1.75</y>
      </point>
      <point>
        <x>108.0</x>
        <y>-1.75</y>
      </point>
      <point>
        <x>109.0</x>
        <y>-1.75</y>
      </point>
      <point>
        <x>110.0</x>
        <y>-1.75</y>
      </point>
      <point>
        <x>111.0</x>
        <y>-1.75</y>
      </point>
      <point>
        <x>112.0</x>
        <y>-1.75</y>
      </point>
      <point>
        <x>113.0</x>
        <y>-1.75</y>
      </point>
      <point>
        <x>114.0</x>
        <y>-1.75</y>
      </point>
      <point>
        <x>115.0</x>
        <y>-1.75</y>
      </point>
      <point>
        <x>116.0</x>
        <y>-1.75</y>
      </point>
      <point>
        <x>117.0</x>
        <y>-1.75</y>
      </point>
      <point>
        <x>118.0</x>
        <y>-1.75</y>
      </point>
      <point>
        <x>119.0</x>
        <y>-1.75</y>
      </point>
      <point>
        <x>120.0</x>
        <y>-1.75</y>
      </point>
      <point>
        <x>121.0</x>
        <y>-1.75</y>
      </point>
      <point>
        <x>122.0</x>
        <y>-1.75</y>
      </point>
      <point>
        <x>123.0</x>
        <y>-1.75</y>
      </point>
      <point>
        <x>124.0</x>
        <y>-1.75</y>
      </point>
      <point>
        <x>125.0</x>
        <y>-1.75</y>
      </point>
      <point>
        <x>126.0</x>
        <y>-1.75</y>
      </point>
      <point>
        <x>127.0</x>
        <y>-1.75</y>
      </point>
      <point>
        <x>128.0</x>
        <y>-1.75</y>
      </point>
      <point>
        <x>129.0</x>
        <y>-1.75</y>
      </point>
      <point>
        <x>130.0</x>
        <y>-1.75</y>
      </point>
      <point>
        <x>131.0</x>
        <y>-1.75</y>
      </point>
      <point>
        <x>132.0</x>
        <y>-1.75</y>
      </point>
      <point>
        <x>133.0</x>
        <y>-1.75</y>
      </point>
      <point>
        <x>134.0</x>
        <y>-1.75</y>
      </point>
      <point>
        <x>135.0</x>
        <y>-1.75</y>
      </point>
      <point>
        <x>136.0</x>
        <y>-1.75</y>
      </point>
      <point>
        <x>137.0</x>
        <y>-1.75</y>
      </point>
      <point>
        <x>138.0</x>
        <y>-1.75</y>
      </point>
      <point>
        <x>139.0</x>
        <y>-1.75</y>
      </point>
      <point>
        <x>140.0</x>
        <y>-1.75</y>
      </point>
      <point>
        <x>141.0</x>
        <y>-1.75</y>
      </point>
      <point>
        <x>142.0</x>
        <y>-1.75</y>
      </point>
      <point>
        <x>143.0</x>
        <y>-1.75</y>
      </point>
      <point>
        <x>144.0</x>
        <y>-1.75</y>
      </point>
      <point>
        <x>145.0</x>
        <y>-1.75</y>
      </point>
      <point>
        <x>146.0</x>
        <y>-1.75</y>
      </point>
      <point>
        <x>147.0</x>
        <y>-1.75</y>
      </point>
      <point>
        <x>148.0</x>
        <y>-1.75</y>
      </point>
      <point>
        <x>149.0</x>
        <y>-1.75</y>
      </point>
      <point>
        <x>150.0</x>
        <y>-1.75</y>
      </point>
      <point>
        <x>151.0</x>
        <y>-1.75</y>
      </point>
      <point>
        <x>152.0</x>
        <y>-1.75</y>
      </point>
      <point>
        <x>153.0</x>
        <y>-1.75</y>
      </point>
      <point>
        <x>154.0</x>
        <y>-1.75</y>
      </point>
      <point>
        <x>155.0</x>
        <y>-1.75</y>
      </point>
      <point>
        <x>156.0</x>
        <y>-1.75</y>
      </point>
      <point>
        <x>157.0</x>
        <y>-1.75</y>
      </point>
      <point>
        <x>158.0</x>
        <y>-1.75</y>
      </point>
      <point>
        <x>159.0</x>
        <y>-1.75</y>
      </point>
      <point>
        <x>160.0</x>
        <y>-1.75</y>
      </point>
      <point>
        <x>161.0</x>
        <y>-1.75</y>
      </point>
      <point>
        <x>162.0</x>
        <y>-1.75</y>
      </point>
      <point>
        <x>163.0</x>
        <y>-1.75</y>
      </point>
      <point>
        <x>164.0</x>
        <y>-1.75</y>
      </point>
      <point>
        <x>165.0</x>
        <y>-1.75</y>
      </point>
      <point>
        <x>166.0</x>
        <y>-1.75</y>
      </point>
      <point>
        <x>167.0</x>
        <y>-1.75</y>
      </point>
      <point>
        <x>168.0</x>
        <y>-1.75</y>
      </point>
      <point>
        <x>169.0</x>
        <y>-1.75</y>
      </point>
      <point>
        <x>170.0</x>
        <y>-1.75</y>
      </point>
      <point>
        <x>171.0</x>
        <y>-1.75</y>
      </point>
      <point>
        <x>172.0</x>
        <y>-1.75</y>
      </point>
      <point>
        <x>173.0</x>
        <y>-1.75</y>
      </point>
      <point>
        <x>174.0</x>
        <y>-1.75</y>
      </point>
      <point>
        <x>175.0</x>
        <y>-1.75</y>
      </point>
      <point>
        <x>176.0</x>
        <y>-1.75</y>
      </point>
      <point>
        <x>177.0</x>
        <y>-1.75</y>
      </point>
      <point>
        <x>178.0</x>
        <y>-1.75</y>
      </point>
      <point>
        <x>179.0</x>
        <y>-1.75</y>
      </point>
      <point>
        <x>180.0</x>
        <y>-1.75</y>
      </point>
      <point>
        <x>181.0</x>
        <y>-1.75</y>
      </point>
      <point>
        <x>182.0</x>
        <y>-1.75</y>
      </point>
      <point>
        <x>183.0</x>
        <y>-1.75</y>
      </point>
      <point>
        <x>184.0</x>
        <y>-1.75</y>
      </point>
      <point>
        <x>185.0</x>
        <y>-1.75</y>
      </point>
      <point>
        <x>186.0</x>
        <y>-1.75</y>
      </point>
      <point>
        <x>187.0</x>
        <y>-1.75</y>
      </point>
      <point>
        <x>188.0</x>
        <y>-1.75</y>
      </point>
      <point>
        <x>189.0</x>
        <y>-1.75</y>
      </point>
      <point>
        <x>190.0</x>
        <y>-1.75</y>
      </point>
      <point>
        <x>191.0</x>
        <y>-1.75</y>
      </point>
      <point>
        <x>192.0</x>
        <y>-1.75</y>
      </point>
      <point>
        <x>193.0</x>
        <y>-1.75</y>
      </point>
      <point>
        <x>194.0</x>
        <y>-1.75</y>
      </point>
      <point>
        <x>195.0</x>
        <y>-1.75</y>
      </point>
      <point>
        <x>196.0</x>
        <y>-1.75</y>
      </point>
      <point>
        <x>197.0</x>
        <y>-1.75</y>
      </point>
      <point>
        <x>198.0</x>
        <y>-1.75</y>
      </point>
      <point>
        <x>199.0</x>
        <y>-1.75</y>
      </point>
    </rightBound>
    <adjacentLeft drivingDir="opposite" ref="1"/>
  </lanelet>
  <obstacle id="666">
    <role>dynamic</role>
    <type>pedestrian</type>
    <shape>
      <circle>
        <radius>0.35</radius>
      </circle>
    </shape>
    <trajectory>
      <state>
        <position>
          <point>
            <x>31.03</x>
            <y>-1.85</y>
          </point>
        </position>
        <orientation>
          <exact>1.571</exact>
        </orientation>
        <time>
          <exact>0.0</exact>
        </time>
        <velocity>
          <exact>1.0</exact>
        </velocity>
      </state>
    </trajectory>
  </obstacle>
</commonRoad>
