<?xml version="1.0" encoding="utf-8"?>
<commonRoad benchmarkID="UNKNOWN" commonRoadVersion="2018a" date="2018-08-01" timeStepSize="0.25">
   <lanelet id="1">
      <leftBound>
         <point>
            <x>0</x>
            <y>1.75</y>
         </point>
         <point>
            <x>1</x>
            <y>1.75</y>
         </point>
         <point>
            <x>2</x>
            <y>1.75</y>
         </point>
         <point>
            <x>3</x>
            <y>1.75</y>
         </point>
         <point>
            <x>4</x>
            <y>1.75</y>
         </point>
         <point>
            <x>5</x>
            <y>1.75</y>
         </point>
         <point>
            <x>6</x>
            <y>1.75</y>
         </point>
         <point>
            <x>7</x>
            <y>1.75</y>
         </point>
         <point>
            <x>8</x>
            <y>1.75</y>
         </point>
         <point>
            <x>9</x>
            <y>1.75</y>
         </point>
         <point>
            <x>10</x>
            <y>1.75</y>
         </point>
         <point>
            <x>11</x>
            <y>1.75</y>
         </point>
         <point>
            <x>12</x>
            <y>1.75</y>
         </point>
         <point>
            <x>13</x>
            <y>1.75</y>
         </point>
         <point>
            <x>14</x>
            <y>1.75</y>
         </point>
         <point>
            <x>15</x>
            <y>1.75</y>
         </point>
         <point>
            <x>16</x>
            <y>1.75</y>
         </point>
         <point>
            <x>17</x>
            <y>1.75</y>
         </point>
         <point>
            <x>18</x>
            <y>1.75</y>
         </point>
         <point>
            <x>19</x>
            <y>1.75</y>
         </point>
         <point>
            <x>20</x>
            <y>1.75</y>
         </point>
         <point>
            <x>21</x>
            <y>1.75</y>
         </point>
         <point>
            <x>22</x>
            <y>1.75</y>
         </point>
         <point>
            <x>23</x>
            <y>1.75</y>
         </point>
         <point>
            <x>24</x>
            <y>1.75</y>
         </point>
         <point>
            <x>25</x>
            <y>1.75</y>
         </point>
         <point>
            <x>26</x>
            <y>1.75</y>
         </point>
         <point>
            <x>27</x>
            <y>1.75</y>
         </point>
         <point>
            <x>28</x>
            <y>1.75</y>
         </point>
         <point>
            <x>29</x>
            <y>1.75</y>
         </point>
         <point>
            <x>30</x>
            <y>1.75</y>
         </point>
         <point>
            <x>31</x>
            <y>1.75</y>
         </point>
         <point>
            <x>32</x>
            <y>1.75</y>
         </point>
         <point>
            <x>33</x>
            <y>1.75</y>
         </point>
         <point>
            <x>34</x>
            <y>1.75</y>
         </point>
         <point>
            <x>35</x>
            <y>1.75</y>
         </point>
         <point>
            <x>36</x>
            <y>1.75</y>
         </point>
         <point>
            <x>37</x>
            <y>1.75</y>
         </point>
         <point>
            <x>38</x>
            <y>1.75</y>
         </point>
         <point>
            <x>39</x>
            <y>1.75</y>
         </point>
         <point>
            <x>40</x>
            <y>1.75</y>
         </point>
         <point>
            <x>41</x>
            <y>1.75</y>
         </point>
         <point>
            <x>42</x>
            <y>1.75</y>
         </point>
         <point>
            <x>43</x>
            <y>1.75</y>
         </point>
         <point>
            <x>44</x>
            <y>1.75</y>
         </point>
         <point>
            <x>45</x>
            <y>1.75</y>
         </point>
         <point>
            <x>46</x>
            <y>1.75</y>
         </point>
         <point>
            <x>47</x>
            <y>1.75</y>
         </point>
         <point>
            <x>48</x>
            <y>1.75</y>
         </point>
         <point>
            <x>49</x>
            <y>1.75</y>
         </point>
         <point>
            <x>50</x>
            <y>1.75</y>
         </point>
         <point>
            <x>51</x>
            <y>1.75</y>
         </point>
         <point>
            <x>52</x>
            <y>1.75</y>
         </point>
         <point>
            <x>53</x>
            <y>1.75</y>
         </point>
         <point>
            <x>54</x>
            <y>1.75</y>
         </point>
         <point>
            <x>55</x>
            <y>1.75</y>
         </point>
         <point>
            <x>56</x>
            <y>1.75</y>
         </point>
         <point>
            <x>57</x>
            <y>1.75</y>
         </point>
         <point>
            <x>58</x>
            <y>1.75</y>
         </point>
         <point>
            <x>59</x>
            <y>1.75</y>
         </point>
         <point>
            <x>60</x>
            <y>1.75</y>
         </point>
         <point>
            <x>61</x>
            <y>1.75</y>
         </point>
         <point>
            <x>62</x>
            <y>1.75</y>
         </point>
         <point>
            <x>63</x>
            <y>1.75</y>
         </point>
         <point>
            <x>64</x>
            <y>1.75</y>
         </point>
         <point>
            <x>65</x>
            <y>1.75</y>
         </point>
         <point>
            <x>66</x>
            <y>1.75</y>
         </point>
         <point>
            <x>67</x>
            <y>1.75</y>
         </point>
         <point>
            <x>68</x>
            <y>1.75</y>
         </point>
         <point>
            <x>69</x>
            <y>1.75</y>
         </point>
         <point>
            <x>70</x>
            <y>1.75</y>
         </point>
         <point>
            <x>71</x>
            <y>1.75</y>
         </point>
         <point>
            <x>72</x>
            <y>1.75</y>
         </point>
         <point>
            <x>73</x>
            <y>1.75</y>
         </point>
         <point>
            <x>74</x>
            <y>1.75</y>
         </point>
         <point>
            <x>75</x>
            <y>1.75</y>
         </point>
         <point>
            <x>76</x>
            <y>1.75</y>
         </point>
         <point>
            <x>77</x>
            <y>1.75</y>
         </point>
         <point>
            <x>78</x>
            <y>1.75</y>
         </point>
         <point>
            <x>79</x>
            <y>1.75</y>
         </point>
         <point>
            <x>80</x>
            <y>1.75</y>
         </point>
         <point>
            <x>81</x>
            <y>1.75</y>
         </point>
         <point>
            <x>82</x>
            <y>1.75</y>
         </point>
         <point>
            <x>83</x>
            <y>1.75</y>
         </point>
         <point>
            <x>84</x>
            <y>1.75</y>
         </point>
         <point>
            <x>85</x>
            <y>1.75</y>
         </point>
         <point>
            <x>86</x>
            <y>1.75</y>
         </point>
         <point>
            <x>87</x>
            <y>1.75</y>
         </point>
         <point>
            <x>88</x>
            <y>1.75</y>
         </point>
         <point>
            <x>89</x>
            <y>1.75</y>
         </point>
         <point>
            <x>90</x>
            <y>1.75</y>
         </point>
         <point>
            <x>91</x>
            <y>1.75</y>
         </point>
         <point>
            <x>92</x>
            <y>1.75</y>
         </point>
         <point>
            <x>93</x>
            <y>1.75</y>
         </point>
         <point>
            <x>94</x>
            <y>1.75</y>
         </point>
         <point>
            <x>95</x>
            <y>1.75</y>
         </point>
         <point>
            <x>96</x>
            <y>1.75</y>
         </point>
         <point>
            <x>97</x>
            <y>1.75</y>
         </point>
         <point>
            <x>98</x>
            <y>1.75</y>
         </point>
         <point>
            <x>99</x>
            <y>1.75</y>
         </point>
         <point>
            <x>100</x>
            <y>1.75</y>
         </point>
         <point>
            <x>101</x>
            <y>1.75</y>
         </point>
         <point>
            <x>102</x>
            <y>1.75</y>
         </point>
         <point>
            <x>103</x>
            <y>1.75</y>
         </point>
         <point>
            <x>104</x>
            <y>1.75</y>
         </point>
         <point>
            <x>105</x>
            <y>1.75</y>
         </point>
         <point>
            <x>106</x>
            <y>1.75</y>
         </point>
         <point>
            <x>107</x>
            <y>1.75</y>
         </point>
         <point>
            <x>108</x>
            <y>1.75</y>
         </point>
         <point>
            <x>109</x>
            <y>1.75</y>
         </point>
         <point>
            <x>110</x>
            <y>1.75</y>
         </point>
         <point>
            <x>111</x>
            <y>1.75</y>
         </point>
         <point>
            <x>112</x>
            <y>1.75</y>
         </point>
         <point>
            <x>113</x>
            <y>1.75</y>
         </point>
         <point>
            <x>114</x>
            <y>1.75</y>
         </point>
         <point>
            <x>115</x>
            <y>1.75</y>
         </point>
         <point>
            <x>116</x>
            <y>1.75</y>
         </point>
         <point>
            <x>117</x>
            <y>1.75</y>
         </point>
         <point>
            <x>118</x>
            <y>1.75</y>
         </point>
         <point>
            <x>119</x>
            <y>1.75</y>
         </point>
         <point>
            <x>120</x>
            <y>1.75</y>
         </point>
         <point>
            <x>121</x>
            <y>1.75</y>
         </point>
         <point>
            <x>122</x>
            <y>1.75</y>
         </point>
         <point>
            <x>123</x>
            <y>1.75</y>
         </point>
         <point>
            <x>124</x>
            <y>1.75</y>
         </point>
         <point>
            <x>125</x>
            <y>1.75</y>
         </point>
         <point>
            <x>126</x>
            <y>1.75</y>
         </point>
         <point>
            <x>127</x>
            <y>1.75</y>
         </point>
         <point>
            <x>128</x>
            <y>1.75</y>
         </point>
         <point>
            <x>129</x>
            <y>1.75</y>
         </point>
         <point>
            <x>130</x>
            <y>1.75</y>
         </point>
         <point>
            <x>131</x>
            <y>1.75</y>
         </point>
         <point>
            <x>132</x>
            <y>1.75</y>
         </point>
         <point>
            <x>133</x>
            <y>1.75</y>
         </point>
         <point>
            <x>134</x>
            <y>1.75</y>
         </point>
         <point>
            <x>135</x>
            <y>1.75</y>
         </point>
         <point>
            <x>136</x>
            <y>1.75</y>
         </point>
         <point>
            <x>137</x>
            <y>1.75</y>
         </point>
         <point>
            <x>138</x>
            <y>1.75</y>
         </point>
         <point>
            <x>139</x>
            <y>1.75</y>
         </point>
         <point>
            <x>140</x>
            <y>1.75</y>
         </point>
         <point>
            <x>141</x>
            <y>1.75</y>
         </point>
         <point>
            <x>142</x>
            <y>1.75</y>
         </point>
         <point>
            <x>143</x>
            <y>1.75</y>
         </point>
         <point>
            <x>144</x>
            <y>1.75</y>
         </point>
         <point>
            <x>145</x>
            <y>1.75</y>
         </point>
         <point>
            <x>146</x>
            <y>1.75</y>
         </point>
         <point>
            <x>147</x>
            <y>1.75</y>
         </point>
         <point>
            <x>148</x>
            <y>1.75</y>
         </point>
         <point>
            <x>149</x>
            <y>1.75</y>
         </point>
         <point>
            <x>150</x>
            <y>1.75</y>
         </point>
         <point>
            <x>151</x>
            <y>1.75</y>
         </point>
         <point>
            <x>152</x>
            <y>1.75</y>
         </point>
         <point>
            <x>153</x>
            <y>1.75</y>
         </point>
         <point>
            <x>154</x>
            <y>1.75</y>
         </point>
         <point>
            <x>155</x>
            <y>1.75</y>
         </point>
         <point>
            <x>156</x>
            <y>1.75</y>
         </point>
         <point>
            <x>157</x>
            <y>1.75</y>
         </point>
         <point>
            <x>158</x>
            <y>1.75</y>
         </point>
         <point>
            <x>159</x>
            <y>1.75</y>
         </point>
         <point>
            <x>160</x>
            <y>1.75</y>
         </point>
         <point>
            <x>161</x>
            <y>1.75</y>
         </point>
         <point>
            <x>162</x>
            <y>1.75</y>
         </point>
         <point>
            <x>163</x>
            <y>1.75</y>
         </point>
         <point>
            <x>164</x>
            <y>1.75</y>
         </point>
         <point>
            <x>165</x>
            <y>1.75</y>
         </point>
         <point>
            <x>166</x>
            <y>1.75</y>
         </point>
         <point>
            <x>167</x>
            <y>1.75</y>
         </point>
         <point>
            <x>168</x>
            <y>1.75</y>
         </point>
         <point>
            <x>169</x>
            <y>1.75</y>
         </point>
         <point>
            <x>170</x>
            <y>1.75</y>
         </point>
         <point>
            <x>171</x>
            <y>1.75</y>
         </point>
         <point>
            <x>172</x>
            <y>1.75</y>
         </point>
         <point>
            <x>173</x>
            <y>1.75</y>
         </point>
         <point>
            <x>174</x>
            <y>1.75</y>
         </point>
         <point>
            <x>175</x>
            <y>1.75</y>
         </point>
         <point>
            <x>176</x>
            <y>1.75</y>
         </point>
         <point>
            <x>177</x>
            <y>1.75</y>
         </point>
         <point>
            <x>178</x>
            <y>1.75</y>
         </point>
         <point>
            <x>179</x>
            <y>1.75</y>
         </point>
         <point>
            <x>180</x>
            <y>1.75</y>
         </point>
         <point>
            <x>181</x>
            <y>1.75</y>
         </point>
         <point>
            <x>182</x>
            <y>1.75</y>
         </point>
         <point>
            <x>183</x>
            <y>1.75</y>
         </point>
         <point>
            <x>184</x>
            <y>1.75</y>
         </point>
         <point>
            <x>185</x>
            <y>1.75</y>
         </point>
         <point>
            <x>186</x>
            <y>1.75</y>
         </point>
         <point>
            <x>187</x>
            <y>1.75</y>
         </point>
         <point>
            <x>188</x>
            <y>1.75</y>
         </point>
         <point>
            <x>189</x>
            <y>1.75</y>
         </point>
         <point>
            <x>190</x>
            <y>1.75</y>
         </point>
         <point>
            <x>191</x>
            <y>1.75</y>
         </point>
         <point>
            <x>192</x>
            <y>1.75</y>
         </point>
         <point>
            <x>193</x>
            <y>1.75</y>
         </point>
         <point>
            <x>194</x>
            <y>1.75</y>
         </point>
         <point>
            <x>195</x>
            <y>1.75</y>
         </point>
         <point>
            <x>196</x>
            <y>1.75</y>
         </point>
         <point>
            <x>197</x>
            <y>1.75</y>
         </point>
         <point>
            <x>198</x>
            <y>1.75</y>
         </point>
         <point>
            <x>199</x>
            <y>1.75</y>
         </point>
      </leftBound>
      <rightBound>
         <point>
            <x>0</x>
            <y>-1.75</y>
         </point>
         <point>
            <x>1</x>
            <y>-1.75</y>
         </point>
         <point>
            <x>2</x>
            <y>-1.75</y>
         </point>
         <point>
            <x>3</x>
            <y>-1.75</y>
         </point>
         <point>
            <x>4</x>
            <y>-1.75</y>
         </point>
         <point>
            <x>5</x>
            <y>-1.75</y>
         </point>
         <point>
            <x>6</x>
            <y>-1.75</y>
         </point>
         <point>
            <x>7</x>
            <y>-1.75</y>
         </point>
         <point>
            <x>8</x>
            <y>-1.75</y>
         </point>
         <point>
            <x>9</x>
            <y>-1.75</y>
         </point>
         <point>
            <x>10</x>
            <y>-1.75</y>
         </point>
         <point>
            <x>11</x>
            <y>-1.75</y>
         </point>
         <point>
            <x>12</x>
            <y>-1.75</y>
         </point>
         <point>
            <x>13</x>
            <y>-1.75</y>
         </point>
         <point>
            <x>14</x>
            <y>-1.75</y>
         </point>
         <point>
            <x>15</x>
            <y>-1.75</y>
         </point>
         <point>
            <x>16</x>
            <y>-1.75</y>
         </point>
         <point>
            <x>17</x>
            <y>-1.75</y>
         </point>
         <point>
            <x>18</x>
            <y>-1.75</y>
         </point>
         <point>
            <x>19</x>
            <y>-1.75</y>
         </point>
         <point>
            <x>20</x>
            <y>-1.75</y>
         </point>
         <point>
            <x>21</x>
            <y>-1.75</y>
         </point>
         <point>
            <x>22</x>
            <y>-1.75</y>
         </point>
         <point>
            <x>23</x>
            <y>-1.75</y>
         </point>
         <point>
            <x>24</x>
            <y>-1.75</y>
         </point>
         <point>
            <x>25</x>
            <y>-1.75</y>
         </point>
         <point>
            <x>26</x>
            <y>-1.75</y>
         </point>
         <point>
            <x>27</x>
            <y>-1.75</y>
         </point>
         <point>
            <x>28</x>
            <y>-1.75</y>
         </point>
         <point>
            <x>29</x>
            <y>-1.75</y>
         </point>
         <point>
            <x>30</x>
            <y>-1.75</y>
         </point>
         <point>
            <x>31</x>
            <y>-1.75</y>
         </point>
         <point>
            <x>32</x>
            <y>-1.75</y>
         </point>
         <point>
            <x>33</x>
            <y>-1.75</y>
         </point>
         <point>
            <x>34</x>
            <y>-1.75</y>
         </point>
         <point>
            <x>35</x>
            <y>-1.75</y>
         </point>
         <point>
            <x>36</x>
            <y>-1.75</y>
         </point>
         <point>
            <x>37</x>
            <y>-1.75</y>
         </point>
         <point>
            <x>38</x>
            <y>-1.75</y>
         </point>
         <point>
            <x>39</x>
            <y>-1.75</y>
         </point>
         <point>
            <x>40</x>
            <y>-1.75</y>
         </point>
         <point>
            <x>41</x>
            <y>-1.75</y>
         </point>
         <point>
            <x>42</x>
            <y>-1.75</y>
         </point>
         <point>
            <x>43</x>
            <y>-1.75</y>
         </point>
         <point>
            <x>44</x>
            <y>-1.75</y>
         </point>
         <point>
            <x>45</x>
            <y>-1.75</y>
         </point>
         <point>
            <x>46</x>
            <y>-1.75</y>
         </point>
         <point>
            <x>47</x>
            <y>-1.75</y>
         </point>
         <point>
            <x>48</x>
            <y>-1.75</y>
         </point>
         <point>
            <x>49</x>
            <y>-1.75</y>
         </point>
         <point>
            <x>50</x>
            <y>-1.75</y>
         </point>
         <point>
            <x>51</x>
            <y>-1.75</y>
         </point>
         <point>
            <x>52</x>
            <y>-1.75</y>
         </point>
         <point>
            <x>53</x>
            <y>-1.75</y>
         </point>
         <point>
            <x>54</x>
            <y>-1.75</y>
         </point>
         <point>
            <x>55</x>
            <y>-1.75</y>
         </point>
         <point>
            <x>56</x>
            <y>-1.75</y>
         </point>
         <point>
            <x>57</x>
            <y>-1.75</y>
         </point>
         <point>
            <x>58</x>
            <y>-1.75</y>
         </point>
         <point>
            <x>59</x>
            <y>-1.75</y>
         </point>
         <point>
            <x>60</x>
            <y>-1.75</y>
         </point>
         <point>
            <x>61</x>
            <y>-1.75</y>
         </point>
         <point>
            <x>62</x>
            <y>-1.75</y>
         </point>
         <point>
            <x>63</x>
            <y>-1.75</y>
         </point>
         <point>
            <x>64</x>
            <y>-1.75</y>
         </point>
         <point>
            <x>65</x>
            <y>-1.75</y>
         </point>
         <point>
            <x>66</x>
            <y>-1.75</y>
         </point>
         <point>
            <x>67</x>
            <y>-1.75</y>
         </point>
         <point>
            <x>68</x>
            <y>-1.75</y>
         </point>
         <point>
            <x>69</x>
            <y>-1.75</y>
         </point>
         <point>
            <x>70</x>
            <y>-1.75</y>
         </point>
         <point>
            <x>71</x>
            <y>-1.75</y>
         </point>
         <point>
            <x>72</x>
            <y>-1.75</y>
         </point>
         <point>
            <x>73</x>
            <y>-1.75</y>
         </point>
         <point>
            <x>74</x>
            <y>-1.75</y>
         </point>
         <point>
            <x>75</x>
            <y>-1.75</y>
         </point>
         <point>
            <x>76</x>
            <y>-1.75</y>
         </point>
         <point>
            <x>77</x>
            <y>-1.75</y>
         </point>
         <point>
            <x>78</x>
            <y>-1.75</y>
         </point>
         <point>
            <x>79</x>
            <y>-1.75</y>
         </point>
         <point>
            <x>80</x>
            <y>-1.75</y>
         </point>
         <point>
            <x>81</x>
            <y>-1.75</y>
         </point>
         <point>
            <x>82</x>
            <y>-1.75</y>
         </point>
         <point>
            <x>83</x>
            <y>-1.75</y>
         </point>
         <point>
            <x>84</x>
            <y>-1.75</y>
         </point>
         <point>
            <x>85</x>
            <y>-1.75</y>
         </point>
         <point>
            <x>86</x>
            <y>-1.75</y>
         </point>
         <point>
            <x>87</x>
            <y>-1.75</y>
         </point>
         <point>
            <x>88</x>
            <y>-1.75</y>
         </point>
         <point>
            <x>89</x>
            <y>-1.75</y>
         </point>
         <point>
            <x>90</x>
            <y>-1.75</y>
         </point>
         <point>
            <x>91</x>
            <y>-1.75</y>
         </point>
         <point>
            <x>92</x>
            <y>-1.75</y>
         </point>
         <point>
            <x>93</x>
            <y>-1.75</y>
         </point>
         <point>
            <x>94</x>
            <y>-1.75</y>
         </point>
         <point>
            <x>95</x>
            <y>-1.75</y>
         </point>
         <point>
            <x>96</x>
            <y>-1.75</y>
         </point>
         <point>
            <x>97</x>
            <y>-1.75</y>
         </point>
         <point>
            <x>98</x>
            <y>-1.75</y>
         </point>
         <point>
            <x>99</x>
            <y>-1.75</y>
         </point>
         <point>
            <x>100</x>
            <y>-1.75</y>
         </point>
         <point>
            <x>101</x>
            <y>-1.75</y>
         </point>
         <point>
            <x>102</x>
            <y>-1.75</y>
         </point>
         <point>
            <x>103</x>
            <y>-1.75</y>
         </point>
         <point>
            <x>104</x>
            <y>-1.75</y>
         </point>
         <point>
            <x>105</x>
            <y>-1.75</y>
         </point>
         <point>
            <x>106</x>
            <y>-1.75</y>
         </point>
         <point>
            <x>107</x>
            <y>-1.75</y>
         </point>
         <point>
            <x>108</x>
            <y>-1.75</y>
         </point>
         <point>
            <x>109</x>
            <y>-1.75</y>
         </point>
         <point>
            <x>110</x>
            <y>-1.75</y>
         </point>
         <point>
            <x>111</x>
            <y>-1.75</y>
         </point>
         <point>
            <x>112</x>
            <y>-1.75</y>
         </point>
         <point>
            <x>113</x>
            <y>-1.75</y>
         </point>
         <point>
            <x>114</x>
            <y>-1.75</y>
         </point>
         <point>
            <x>115</x>
            <y>-1.75</y>
         </point>
         <point>
            <x>116</x>
            <y>-1.75</y>
         </point>
         <point>
            <x>117</x>
            <y>-1.75</y>
         </point>
         <point>
            <x>118</x>
            <y>-1.75</y>
         </point>
         <point>
            <x>119</x>
            <y>-1.75</y>
         </point>
         <point>
            <x>120</x>
            <y>-1.75</y>
         </point>
         <point>
            <x>121</x>
            <y>-1.75</y>
         </point>
         <point>
            <x>122</x>
            <y>-1.75</y>
         </point>
         <point>
            <x>123</x>
            <y>-1.75</y>
         </point>
         <point>
            <x>124</x>
            <y>-1.75</y>
         </point>
         <point>
            <x>125</x>
            <y>-1.75</y>
         </point>
         <point>
            <x>126</x>
            <y>-1.75</y>
         </point>
         <point>
            <x>127</x>
            <y>-1.75</y>
         </point>
         <point>
            <x>128</x>
            <y>-1.75</y>
         </point>
         <point>
            <x>129</x>
            <y>-1.75</y>
         </point>
         <point>
            <x>130</x>
            <y>-1.75</y>
         </point>
         <point>
            <x>131</x>
            <y>-1.75</y>
         </point>
         <point>
            <x>132</x>
            <y>-1.75</y>
         </point>
         <point>
            <x>133</x>
            <y>-1.75</y>
         </point>
         <point>
            <x>134</x>
            <y>-1.75</y>
         </point>
         <point>
            <x>135</x>
            <y>-1.75</y>
         </point>
         <point>
            <x>136</x>
            <y>-1.75</y>
         </point>
         <point>
            <x>137</x>
            <y>-1.75</y>
         </point>
         <point>
            <x>138</x>
            <y>-1.75</y>
         </point>
         <point>
            <x>139</x>
            <y>-1.75</y>
         </point>
         <point>
            <x>140</x>
            <y>-1.75</y>
         </point>
         <point>
            <x>141</x>
            <y>-1.75</y>
         </point>
         <point>
            <x>142</x>
            <y>-1.75</y>
         </point>
         <point>
            <x>143</x>
            <y>-1.75</y>
         </point>
         <point>
            <x>144</x>
            <y>-1.75</y>
         </point>
         <point>
            <x>145</x>
            <y>-1.75</y>
         </point>
         <point>
            <x>146</x>
            <y>-1.75</y>
         </point>
         <point>
            <x>147</x>
            <y>-1.75</y>
         </point>
         <point>
            <x>148</x>
            <y>-1.75</y>
         </point>
         <point>
            <x>149</x>
            <y>-1.75</y>
         </point>
         <point>
            <x>150</x>
            <y>-1.75</y>
         </point>
         <point>
            <x>151</x>
            <y>-1.75</y>
         </point>
         <point>
            <x>152</x>
            <y>-1.75</y>
         </point>
         <point>
            <x>153</x>
            <y>-1.75</y>
         </point>
         <point>
            <x>154</x>
            <y>-1.75</y>
         </point>
         <point>
            <x>155</x>
            <y>-1.75</y>
         </point>
         <point>
            <x>156</x>
            <y>-1.75</y>
         </point>
         <point>
            <x>157</x>
            <y>-1.75</y>
         </point>
         <point>
            <x>158</x>
            <y>-1.75</y>
         </point>
         <point>
            <x>159</x>
            <y>-1.75</y>
         </point>
         <point>
            <x>160</x>
            <y>-1.75</y>
         </point>
         <point>
            <x>161</x>
            <y>-1.75</y>
         </point>
         <point>
            <x>162</x>
            <y>-1.75</y>
         </point>
         <point>
            <x>163</x>
            <y>-1.75</y>
         </point>
         <point>
            <x>164</x>
            <y>-1.75</y>
         </point>
         <point>
            <x>165</x>
            <y>-1.75</y>
         </point>
         <point>
            <x>166</x>
            <y>-1.75</y>
         </point>
         <point>
            <x>167</x>
            <y>-1.75</y>
         </point>
         <point>
            <x>168</x>
            <y>-1.75</y>
         </point>
         <point>
            <x>169</x>
            <y>-1.75</y>
         </point>
         <point>
            <x>170</x>
            <y>-1.75</y>
         </point>
         <point>
            <x>171</x>
            <y>-1.75</y>
         </point>
         <point>
            <x>172</x>
            <y>-1.75</y>
         </point>
         <point>
            <x>173</x>
            <y>-1.75</y>
         </point>
         <point>
            <x>174</x>
            <y>-1.75</y>
         </point>
         <point>
            <x>175</x>
            <y>-1.75</y>
         </point>
         <point>
            <x>176</x>
            <y>-1.75</y>
         </point>
         <point>
            <x>177</x>
            <y>-1.75</y>
         </point>
         <point>
            <x>178</x>
            <y>-1.75</y>
         </point>
         <point>
            <x>179</x>
            <y>-1.75</y>
         </point>
         <point>
            <x>180</x>
            <y>-1.75</y>
         </point>
         <point>
            <x>181</x>
            <y>-1.75</y>
         </point>
         <point>
            <x>182</x>
            <y>-1.75</y>
         </point>
         <point>
            <x>183</x>
            <y>-1.75</y>
         </point>
         <point>
            <x>184</x>
            <y>-1.75</y>
         </point>
         <point>
            <x>185</x>
            <y>-1.75</y>
         </point>
         <point>
            <x>186</x>
            <y>-1.75</y>
         </point>
         <point>
            <x>187</x>
            <y>-1.75</y>
         </point>
         <point>
            <x>188</x>
            <y>-1.75</y>
         </point>
         <point>
            <x>189</x>
            <y>-1.75</y>
         </point>
         <point>
            <x>190</x>
            <y>-1.75</y>
         </point>
         <point>
            <x>191</x>
            <y>-1.75</y>
         </point>
         <point>
            <x>192</x>
            <y>-1.75</y>
         </point>
         <point>
            <x>193</x>
            <y>-1.75</y>
         </point>
         <point>
            <x>194</x>
            <y>-1.75</y>
         </point>
         <point>
            <x>195</x>
            <y>-1.75</y>
         </point>
         <point>
            <x>196</x>
            <y>-1.75</y>
         </point>
         <point>
            <x>197</x>
            <y>-1.75</y>
         </point>
         <point>
            <x>198</x>
            <y>-1.75</y>
         </point>
         <point>
            <x>199</x>
            <y>-1.75</y>
         </point>
      </rightBound>
      <adjacentLeft drivingDir="opposite" ref="2"/>
   </lanelet>
   <lanelet id="2">
      <rightBound>
         <point>
            <x>0</x>
            <y>5.25</y>
         </point>
         <point>
            <x>1</x>
            <y>5.25</y>
         </point>
         <point>
            <x>2</x>
            <y>5.25</y>
         </point>
         <point>
            <x>3</x>
            <y>5.25</y>
         </point>
         <point>
            <x>4</x>
            <y>5.25</y>
         </point>
         <point>
            <x>5</x>
            <y>5.25</y>
         </point>
         <point>
            <x>6</x>
            <y>5.25</y>
         </point>
         <point>
            <x>7</x>
            <y>5.25</y>
         </point>
         <point>
            <x>8</x>
            <y>5.25</y>
         </point>
         <point>
            <x>9</x>
            <y>5.25</y>
         </point>
         <point>
            <x>10</x>
            <y>5.25</y>
         </point>
         <point>
            <x>11</x>
            <y>5.25</y>
         </point>
         <point>
            <x>12</x>
            <y>5.25</y>
         </point>
         <point>
            <x>13</x>
            <y>5.25</y>
         </point>
         <point>
            <x>14</x>
            <y>5.25</y>
         </point>
         <point>
            <x>15</x>
            <y>5.25</y>
         </point>
         <point>
            <x>16</x>
            <y>5.25</y>
         </point>
         <point>
            <x>17</x>
            <y>5.25</y>
         </point>
         <point>
            <x>18</x>
            <y>5.25</y>
         </point>
         <point>
            <x>19</x>
            <y>5.25</y>
         </point>
         <point>
            <x>20</x>
            <y>5.25</y>
         </point>
         <point>
            <x>21</x>
            <y>5.25</y>
         </point>
         <point>
            <x>22</x>
            <y>5.25</y>
         </point>
         <point>
            <x>23</x>
            <y>5.25</y>
         </point>
         <point>
            <x>24</x>
            <y>5.25</y>
         </point>
         <point>
            <x>25</x>
            <y>5.25</y>
         </point>
         <point>
            <x>26</x>
            <y>5.25</y>
         </point>
         <point>
            <x>27</x>
            <y>5.25</y>
         </point>
         <point>
            <x>28</x>
            <y>5.25</y>
         </point>
         <point>
            <x>29</x>
            <y>5.25</y>
         </point>
         <point>
            <x>30</x>
            <y>5.25</y>
         </point>
         <point>
            <x>31</x>
            <y>5.25</y>
         </point>
         <point>
            <x>32</x>
            <y>5.25</y>
         </point>
         <point>
            <x>33</x>
            <y>5.25</y>
         </point>
         <point>
            <x>34</x>
            <y>5.25</y>
         </point>
         <point>
            <x>35</x>
            <y>5.25</y>
         </point>
         <point>
            <x>36</x>
            <y>5.25</y>
         </point>
         <point>
            <x>37</x>
            <y>5.25</y>
         </point>
         <point>
            <x>38</x>
            <y>5.25</y>
         </point>
         <point>
            <x>39</x>
            <y>5.25</y>
         </point>
         <point>
            <x>40</x>
            <y>5.25</y>
         </point>
         <point>
            <x>41</x>
            <y>5.25</y>
         </point>
         <point>
            <x>42</x>
            <y>5.25</y>
         </point>
         <point>
            <x>43</x>
            <y>5.25</y>
         </point>
         <point>
            <x>44</x>
            <y>5.25</y>
         </point>
         <point>
            <x>45</x>
            <y>5.25</y>
         </point>
         <point>
            <x>46</x>
            <y>5.25</y>
         </point>
         <point>
            <x>47</x>
            <y>5.25</y>
         </point>
         <point>
            <x>48</x>
            <y>5.25</y>
         </point>
         <point>
            <x>49</x>
            <y>5.25</y>
         </point>
         <point>
            <x>50</x>
            <y>5.25</y>
         </point>
         <point>
            <x>51</x>
            <y>5.25</y>
         </point>
         <point>
            <x>52</x>
            <y>5.25</y>
         </point>
         <point>
            <x>53</x>
            <y>5.25</y>
         </point>
         <point>
            <x>54</x>
            <y>5.25</y>
         </point>
         <point>
            <x>55</x>
            <y>5.25</y>
         </point>
         <point>
            <x>56</x>
            <y>5.25</y>
         </point>
         <point>
            <x>57</x>
            <y>5.25</y>
         </point>
         <point>
            <x>58</x>
            <y>5.25</y>
         </point>
         <point>
            <x>59</x>
            <y>5.25</y>
         </point>
         <point>
            <x>60</x>
            <y>5.25</y>
         </point>
         <point>
            <x>61</x>
            <y>5.25</y>
         </point>
         <point>
            <x>62</x>
            <y>5.25</y>
         </point>
         <point>
            <x>63</x>
            <y>5.25</y>
         </point>
         <point>
            <x>64</x>
            <y>5.25</y>
         </point>
         <point>
            <x>65</x>
            <y>5.25</y>
         </point>
         <point>
            <x>66</x>
            <y>5.25</y>
         </point>
         <point>
            <x>67</x>
            <y>5.25</y>
         </point>
         <point>
            <x>68</x>
            <y>5.25</y>
         </point>
         <point>
            <x>69</x>
            <y>5.25</y>
         </point>
         <point>
            <x>70</x>
            <y>5.25</y>
         </point>
         <point>
            <x>71</x>
            <y>5.25</y>
         </point>
         <point>
            <x>72</x>
            <y>5.25</y>
         </point>
         <point>
            <x>73</x>
            <y>5.25</y>
         </point>
         <point>
            <x>74</x>
            <y>5.25</y>
         </point>
         <point>
            <x>75</x>
            <y>5.25</y>
         </point>
         <point>
            <x>76</x>
            <y>5.25</y>
         </point>
         <point>
            <x>77</x>
            <y>5.25</y>
         </point>
         <point>
            <x>78</x>
            <y>5.25</y>
         </point>
         <point>
            <x>79</x>
            <y>5.25</y>
         </point>
         <point>
            <x>80</x>
            <y>5.25</y>
         </point>
         <point>
            <x>81</x>
            <y>5.25</y>
         </point>
         <point>
            <x>82</x>
            <y>5.25</y>
         </point>
         <point>
            <x>83</x>
            <y>5.25</y>
         </point>
         <point>
            <x>84</x>
            <y>5.25</y>
         </point>
         <point>
            <x>85</x>
            <y>5.25</y>
         </point>
         <point>
            <x>86</x>
            <y>5.25</y>
         </point>
         <point>
            <x>87</x>
            <y>5.25</y>
         </point>
         <point>
            <x>88</x>
            <y>5.25</y>
         </point>
         <point>
            <x>89</x>
            <y>5.25</y>
         </point>
         <point>
            <x>90</x>
            <y>5.25</y>
         </point>
         <point>
            <x>91</x>
            <y>5.25</y>
         </point>
         <point>
            <x>92</x>
            <y>5.25</y>
         </point>
         <point>
            <x>93</x>
            <y>5.25</y>
         </point>
         <point>
            <x>94</x>
            <y>5.25</y>
         </point>
         <point>
            <x>95</x>
            <y>5.25</y>
         </point>
         <point>
            <x>96</x>
            <y>5.25</y>
         </point>
         <point>
            <x>97</x>
            <y>5.25</y>
         </point>
         <point>
            <x>98</x>
            <y>5.25</y>
         </point>
         <point>
            <x>99</x>
            <y>5.25</y>
         </point>
         <point>
            <x>100</x>
            <y>5.25</y>
         </point>
         <point>
            <x>101</x>
            <y>5.25</y>
         </point>
         <point>
            <x>102</x>
            <y>5.25</y>
         </point>
         <point>
            <x>103</x>
            <y>5.25</y>
         </point>
         <point>
            <x>104</x>
            <y>5.25</y>
         </point>
         <point>
            <x>105</x>
            <y>5.25</y>
         </point>
         <point>
            <x>106</x>
            <y>5.25</y>
         </point>
         <point>
            <x>107</x>
            <y>5.25</y>
         </point>
         <point>
            <x>108</x>
            <y>5.25</y>
         </point>
         <point>
            <x>109</x>
            <y>5.25</y>
         </point>
         <point>
            <x>110</x>
            <y>5.25</y>
         </point>
         <point>
            <x>111</x>
            <y>5.25</y>
         </point>
         <point>
            <x>112</x>
            <y>5.25</y>
         </point>
         <point>
            <x>113</x>
            <y>5.25</y>
         </point>
         <point>
            <x>114</x>
            <y>5.25</y>
         </point>
         <point>
            <x>115</x>
            <y>5.25</y>
         </point>
         <point>
            <x>116</x>
            <y>5.25</y>
         </point>
         <point>
            <x>117</x>
            <y>5.25</y>
         </point>
         <point>
            <x>118</x>
            <y>5.25</y>
         </point>
         <point>
            <x>119</x>
            <y>5.25</y>
         </point>
         <point>
            <x>120</x>
            <y>5.25</y>
         </point>
         <point>
            <x>121</x>
            <y>5.25</y>
         </point>
         <point>
            <x>122</x>
            <y>5.25</y>
         </point>
         <point>
            <x>123</x>
            <y>5.25</y>
         </point>
         <point>
            <x>124</x>
            <y>5.25</y>
         </point>
         <point>
            <x>125</x>
            <y>5.25</y>
         </point>
         <point>
            <x>126</x>
            <y>5.25</y>
         </point>
         <point>
            <x>127</x>
            <y>5.25</y>
         </point>
         <point>
            <x>128</x>
            <y>5.25</y>
         </point>
         <point>
            <x>129</x>
            <y>5.25</y>
         </point>
         <point>
            <x>130</x>
            <y>5.25</y>
         </point>
         <point>
            <x>131</x>
            <y>5.25</y>
         </point>
         <point>
            <x>132</x>
            <y>5.25</y>
         </point>
         <point>
            <x>133</x>
            <y>5.25</y>
         </point>
         <point>
            <x>134</x>
            <y>5.25</y>
         </point>
         <point>
            <x>135</x>
            <y>5.25</y>
         </point>
         <point>
            <x>136</x>
            <y>5.25</y>
         </point>
         <point>
            <x>137</x>
            <y>5.25</y>
         </point>
         <point>
            <x>138</x>
            <y>5.25</y>
         </point>
         <point>
            <x>139</x>
            <y>5.25</y>
         </point>
         <point>
            <x>140</x>
            <y>5.25</y>
         </point>
         <point>
            <x>141</x>
            <y>5.25</y>
         </point>
         <point>
            <x>142</x>
            <y>5.25</y>
         </point>
         <point>
            <x>143</x>
            <y>5.25</y>
         </point>
         <point>
            <x>144</x>
            <y>5.25</y>
         </point>
         <point>
            <x>145</x>
            <y>5.25</y>
         </point>
         <point>
            <x>146</x>
            <y>5.25</y>
         </point>
         <point>
            <x>147</x>
            <y>5.25</y>
         </point>
         <point>
            <x>148</x>
            <y>5.25</y>
         </point>
         <point>
            <x>149</x>
            <y>5.25</y>
         </point>
         <point>
            <x>150</x>
            <y>5.25</y>
         </point>
         <point>
            <x>151</x>
            <y>5.25</y>
         </point>
         <point>
            <x>152</x>
            <y>5.25</y>
         </point>
         <point>
            <x>153</x>
            <y>5.25</y>
         </point>
         <point>
            <x>154</x>
            <y>5.25</y>
         </point>
         <point>
            <x>155</x>
            <y>5.25</y>
         </point>
         <point>
            <x>156</x>
            <y>5.25</y>
         </point>
         <point>
            <x>157</x>
            <y>5.25</y>
         </point>
         <point>
            <x>158</x>
            <y>5.25</y>
         </point>
         <point>
            <x>159</x>
            <y>5.25</y>
         </point>
         <point>
            <x>160</x>
            <y>5.25</y>
         </point>
         <point>
            <x>161</x>
            <y>5.25</y>
         </point>
         <point>
            <x>162</x>
            <y>5.25</y>
         </point>
         <point>
            <x>163</x>
            <y>5.25</y>
         </point>
         <point>
            <x>164</x>
            <y>5.25</y>
         </point>
         <point>
            <x>165</x>
            <y>5.25</y>
         </point>
         <point>
            <x>166</x>
            <y>5.25</y>
         </point>
         <point>
            <x>167</x>
            <y>5.25</y>
         </point>
         <point>
            <x>168</x>
            <y>5.25</y>
         </point>
         <point>
            <x>169</x>
            <y>5.25</y>
         </point>
         <point>
            <x>170</x>
            <y>5.25</y>
         </point>
         <point>
            <x>171</x>
            <y>5.25</y>
         </point>
         <point>
            <x>172</x>
            <y>5.25</y>
         </point>
         <point>
            <x>173</x>
            <y>5.25</y>
         </point>
         <point>
            <x>174</x>
            <y>5.25</y>
         </point>
         <point>
            <x>175</x>
            <y>5.25</y>
         </point>
         <point>
            <x>176</x>
            <y>5.25</y>
         </point>
         <point>
            <x>177</x>
            <y>5.25</y>
         </point>
         <point>
            <x>178</x>
            <y>5.25</y>
         </point>
         <point>
            <x>179</x>
            <y>5.25</y>
         </point>
         <point>
            <x>180</x>
            <y>5.25</y>
         </point>
         <point>
            <x>181</x>
            <y>5.25</y>
         </point>
         <point>
            <x>182</x>
            <y>5.25</y>
         </point>
         <point>
            <x>183</x>
            <y>5.25</y>
         </point>
         <point>
            <x>184</x>
            <y>5.25</y>
         </point>
         <point>
            <x>185</x>
            <y>5.25</y>
         </point>
         <point>
            <x>186</x>
            <y>5.25</y>
         </point>
         <point>
            <x>187</x>
            <y>5.25</y>
         </point>
         <point>
            <x>188</x>
            <y>5.25</y>
         </point>
         <point>
            <x>189</x>
            <y>5.25</y>
         </point>
         <point>
            <x>190</x>
            <y>5.25</y>
         </point>
         <point>
            <x>191</x>
            <y>5.25</y>
         </point>
         <point>
            <x>192</x>
            <y>5.25</y>
         </point>
         <point>
            <x>193</x>
            <y>5.25</y>
         </point>
         <point>
            <x>194</x>
            <y>5.25</y>
         </point>
         <point>
            <x>195</x>
            <y>5.25</y>
         </point>
         <point>
            <x>196</x>
            <y>5.25</y>
         </point>
         <point>
            <x>197</x>
            <y>5.25</y>
         </point>
         <point>
            <x>198</x>
            <y>5.25</y>
         </point>
         <point>
            <x>199</x>
            <y>5.25</y>
         </point>
      </rightBound>
      <leftBound>
         <point>
            <x>0</x>
            <y>1.75</y>
         </point>
         <point>
            <x>1</x>
            <y>1.75</y>
         </point>
         <point>
            <x>2</x>
            <y>1.75</y>
         </point>
         <point>
            <x>3</x>
            <y>1.75</y>
         </point>
         <point>
            <x>4</x>
            <y>1.75</y>
         </point>
         <point>
            <x>5</x>
            <y>1.75</y>
         </point>
         <point>
            <x>6</x>
            <y>1.75</y>
         </point>
         <point>
            <x>7</x>
            <y>1.75</y>
         </point>
         <point>
            <x>8</x>
            <y>1.75</y>
         </point>
         <point>
            <x>9</x>
            <y>1.75</y>
         </point>
         <point>
            <x>10</x>
            <y>1.75</y>
         </point>
         <point>
            <x>11</x>
            <y>1.75</y>
         </point>
         <point>
            <x>12</x>
            <y>1.75</y>
         </point>
         <point>
            <x>13</x>
            <y>1.75</y>
         </point>
         <point>
            <x>14</x>
            <y>1.75</y>
         </point>
         <point>
            <x>15</x>
            <y>1.75</y>
         </point>
         <point>
            <x>16</x>
            <y>1.75</y>
         </point>
         <point>
            <x>17</x>
            <y>1.75</y>
         </point>
         <point>
            <x>18</x>
            <y>1.75</y>
         </point>
         <point>
            <x>19</x>
            <y>1.75</y>
         </point>
         <point>
            <x>20</x>
            <y>1.75</y>
         </point>
         <point>
            <x>21</x>
            <y>1.75</y>
         </point>
         <point>
            <x>22</x>
            <y>1.75</y>
         </point>
         <point>
            <x>23</x>
            <y>1.75</y>
         </point>
         <point>
            <x>24</x>
            <y>1.75</y>
         </point>
         <point>
            <x>25</x>
            <y>1.75</y>
         </point>
         <point>
            <x>26</x>
            <y>1.75</y>
         </point>
         <point>
            <x>27</x>
            <y>1.75</y>
         </point>
         <point>
            <x>28</x>
            <y>1.75</y>
         </point>
         <point>
            <x>29</x>
            <y>1.75</y>
         </point>
         <point>
            <x>30</x>
            <y>1.75</y>
         </point>
         <point>
            <x>31</x>
            <y>1.75</y>
         </point>
         <point>
            <x>32</x>
            <y>1.75</y>
         </point>
         <point>
            <x>33</x>
            <y>1.75</y>
         </point>
         <point>
            <x>34</x>
            <y>1.75</y>
         </point>
         <point>
            <x>35</x>
            <y>1.75</y>
         </point>
         <point>
            <x>36</x>
            <y>1.75</y>
         </point>
         <point>
            <x>37</x>
            <y>1.75</y>
         </point>
         <point>
            <x>38</x>
            <y>1.75</y>
         </point>
         <point>
            <x>39</x>
            <y>1.75</y>
         </point>
         <point>
            <x>40</x>
            <y>1.75</y>
         </point>
         <point>
            <x>41</x>
            <y>1.75</y>
         </point>
         <point>
            <x>42</x>
            <y>1.75</y>
         </point>
         <point>
            <x>43</x>
            <y>1.75</y>
         </point>
         <point>
            <x>44</x>
            <y>1.75</y>
         </point>
         <point>
            <x>45</x>
            <y>1.75</y>
         </point>
         <point>
            <x>46</x>
            <y>1.75</y>
         </point>
         <point>
            <x>47</x>
            <y>1.75</y>
         </point>
         <point>
            <x>48</x>
            <y>1.75</y>
         </point>
         <point>
            <x>49</x>
            <y>1.75</y>
         </point>
         <point>
            <x>50</x>
            <y>1.75</y>
         </point>
         <point>
            <x>51</x>
            <y>1.75</y>
         </point>
         <point>
            <x>52</x>
            <y>1.75</y>
         </point>
         <point>
            <x>53</x>
            <y>1.75</y>
         </point>
         <point>
            <x>54</x>
            <y>1.75</y>
         </point>
         <point>
            <x>55</x>
            <y>1.75</y>
         </point>
         <point>
            <x>56</x>
            <y>1.75</y>
         </point>
         <point>
            <x>57</x>
            <y>1.75</y>
         </point>
         <point>
            <x>58</x>
            <y>1.75</y>
         </point>
         <point>
            <x>59</x>
            <y>1.75</y>
         </point>
         <point>
            <x>60</x>
            <y>1.75</y>
         </point>
         <point>
            <x>61</x>
            <y>1.75</y>
         </point>
         <point>
            <x>62</x>
            <y>1.75</y>
         </point>
         <point>
            <x>63</x>
            <y>1.75</y>
         </point>
         <point>
            <x>64</x>
            <y>1.75</y>
         </point>
         <point>
            <x>65</x>
            <y>1.75</y>
         </point>
         <point>
            <x>66</x>
            <y>1.75</y>
         </point>
         <point>
            <x>67</x>
            <y>1.75</y>
         </point>
         <point>
            <x>68</x>
            <y>1.75</y>
         </point>
         <point>
            <x>69</x>
            <y>1.75</y>
         </point>
         <point>
            <x>70</x>
            <y>1.75</y>
         </point>
         <point>
            <x>71</x>
            <y>1.75</y>
         </point>
         <point>
            <x>72</x>
            <y>1.75</y>
         </point>
         <point>
            <x>73</x>
            <y>1.75</y>
         </point>
         <point>
            <x>74</x>
            <y>1.75</y>
         </point>
         <point>
            <x>75</x>
            <y>1.75</y>
         </point>
         <point>
            <x>76</x>
            <y>1.75</y>
         </point>
         <point>
            <x>77</x>
            <y>1.75</y>
         </point>
         <point>
            <x>78</x>
            <y>1.75</y>
         </point>
         <point>
            <x>79</x>
            <y>1.75</y>
         </point>
         <point>
            <x>80</x>
            <y>1.75</y>
         </point>
         <point>
            <x>81</x>
            <y>1.75</y>
         </point>
         <point>
            <x>82</x>
            <y>1.75</y>
         </point>
         <point>
            <x>83</x>
            <y>1.75</y>
         </point>
         <point>
            <x>84</x>
            <y>1.75</y>
         </point>
         <point>
            <x>85</x>
            <y>1.75</y>
         </point>
         <point>
            <x>86</x>
            <y>1.75</y>
         </point>
         <point>
            <x>87</x>
            <y>1.75</y>
         </point>
         <point>
            <x>88</x>
            <y>1.75</y>
         </point>
         <point>
            <x>89</x>
            <y>1.75</y>
         </point>
         <point>
            <x>90</x>
            <y>1.75</y>
         </point>
         <point>
            <x>91</x>
            <y>1.75</y>
         </point>
         <point>
            <x>92</x>
            <y>1.75</y>
         </point>
         <point>
            <x>93</x>
            <y>1.75</y>
         </point>
         <point>
            <x>94</x>
            <y>1.75</y>
         </point>
         <point>
            <x>95</x>
            <y>1.75</y>
         </point>
         <point>
            <x>96</x>
            <y>1.75</y>
         </point>
         <point>
            <x>97</x>
            <y>1.75</y>
         </point>
         <point>
            <x>98</x>
            <y>1.75</y>
         </point>
         <point>
            <x>99</x>
            <y>1.75</y>
         </point>
         <point>
            <x>100</x>
            <y>1.75</y>
         </point>
         <point>
            <x>101</x>
            <y>1.75</y>
         </point>
         <point>
            <x>102</x>
            <y>1.75</y>
         </point>
         <point>
            <x>103</x>
            <y>1.75</y>
         </point>
         <point>
            <x>104</x>
            <y>1.75</y>
         </point>
         <point>
            <x>105</x>
            <y>1.75</y>
         </point>
         <point>
            <x>106</x>
            <y>1.75</y>
         </point>
         <point>
            <x>107</x>
            <y>1.75</y>
         </point>
         <point>
            <x>108</x>
            <y>1.75</y>
         </point>
         <point>
            <x>109</x>
            <y>1.75</y>
         </point>
         <point>
            <x>110</x>
            <y>1.75</y>
         </point>
         <point>
            <x>111</x>
            <y>1.75</y>
         </point>
         <point>
            <x>112</x>
            <y>1.75</y>
         </point>
         <point>
            <x>113</x>
            <y>1.75</y>
         </point>
         <point>
            <x>114</x>
            <y>1.75</y>
         </point>
         <point>
            <x>115</x>
            <y>1.75</y>
         </point>
         <point>
            <x>116</x>
            <y>1.75</y>
         </point>
         <point>
            <x>117</x>
            <y>1.75</y>
         </point>
         <point>
            <x>118</x>
            <y>1.75</y>
         </point>
         <point>
            <x>119</x>
            <y>1.75</y>
         </point>
         <point>
            <x>120</x>
            <y>1.75</y>
         </point>
         <point>
            <x>121</x>
            <y>1.75</y>
         </point>
         <point>
            <x>122</x>
            <y>1.75</y>
         </point>
         <point>
            <x>123</x>
            <y>1.75</y>
         </point>
         <point>
            <x>124</x>
            <y>1.75</y>
         </point>
         <point>
            <x>125</x>
            <y>1.75</y>
         </point>
         <point>
            <x>126</x>
            <y>1.75</y>
         </point>
         <point>
            <x>127</x>
            <y>1.75</y>
         </point>
         <point>
            <x>128</x>
            <y>1.75</y>
         </point>
         <point>
            <x>129</x>
            <y>1.75</y>
         </point>
         <point>
            <x>130</x>
            <y>1.75</y>
         </point>
         <point>
            <x>131</x>
            <y>1.75</y>
         </point>
         <point>
            <x>132</x>
            <y>1.75</y>
         </point>
         <point>
            <x>133</x>
            <y>1.75</y>
         </point>
         <point>
            <x>134</x>
            <y>1.75</y>
         </point>
         <point>
            <x>135</x>
            <y>1.75</y>
         </point>
         <point>
            <x>136</x>
            <y>1.75</y>
         </point>
         <point>
            <x>137</x>
            <y>1.75</y>
         </point>
         <point>
            <x>138</x>
            <y>1.75</y>
         </point>
         <point>
            <x>139</x>
            <y>1.75</y>
         </point>
         <point>
            <x>140</x>
            <y>1.75</y>
         </point>
         <point>
            <x>141</x>
            <y>1.75</y>
         </point>
         <point>
            <x>142</x>
            <y>1.75</y>
         </point>
         <point>
            <x>143</x>
            <y>1.75</y>
         </point>
         <point>
            <x>144</x>
            <y>1.75</y>
         </point>
         <point>
            <x>145</x>
            <y>1.75</y>
         </point>
         <point>
            <x>146</x>
            <y>1.75</y>
         </point>
         <point>
            <x>147</x>
            <y>1.75</y>
         </point>
         <point>
            <x>148</x>
            <y>1.75</y>
         </point>
         <point>
            <x>149</x>
            <y>1.75</y>
         </point>
         <point>
            <x>150</x>
            <y>1.75</y>
         </point>
         <point>
            <x>151</x>
            <y>1.75</y>
         </point>
         <point>
            <x>152</x>
            <y>1.75</y>
         </point>
         <point>
            <x>153</x>
            <y>1.75</y>
         </point>
         <point>
            <x>154</x>
            <y>1.75</y>
         </point>
         <point>
            <x>155</x>
            <y>1.75</y>
         </point>
         <point>
            <x>156</x>
            <y>1.75</y>
         </point>
         <point>
            <x>157</x>
            <y>1.75</y>
         </point>
         <point>
            <x>158</x>
            <y>1.75</y>
         </point>
         <point>
            <x>159</x>
            <y>1.75</y>
         </point>
         <point>
            <x>160</x>
            <y>1.75</y>
         </point>
         <point>
            <x>161</x>
            <y>1.75</y>
         </point>
         <point>
            <x>162</x>
            <y>1.75</y>
         </point>
         <point>
            <x>163</x>
            <y>1.75</y>
         </point>
         <point>
            <x>164</x>
            <y>1.75</y>
         </point>
         <point>
            <x>165</x>
            <y>1.75</y>
         </point>
         <point>
            <x>166</x>
            <y>1.75</y>
         </point>
         <point>
            <x>167</x>
            <y>1.75</y>
         </point>
         <point>
            <x>168</x>
            <y>1.75</y>
         </point>
         <point>
            <x>169</x>
            <y>1.75</y>
         </point>
         <point>
            <x>170</x>
            <y>1.75</y>
         </point>
         <point>
            <x>171</x>
            <y>1.75</y>
         </point>
         <point>
            <x>172</x>
            <y>1.75</y>
         </point>
         <point>
            <x>173</x>
            <y>1.75</y>
         </point>
         <point>
            <x>174</x>
            <y>1.75</y>
         </point>
         <point>
            <x>175</x>
            <y>1.75</y>
         </point>
         <point>
            <x>176</x>
            <y>1.75</y>
         </point>
         <point>
            <x>177</x>
            <y>1.75</y>
         </point>
         <point>
            <x>178</x>
            <y>1.75</y>
         </point>
         <point>
            <x>179</x>
            <y>1.75</y>
         </point>
         <point>
            <x>180</x>
            <y>1.75</y>
         </point>
         <point>
            <x>181</x>
            <y>1.75</y>
         </point>
         <point>
            <x>182</x>
            <y>1.75</y>
         </point>
         <point>
            <x>183</x>
            <y>1.75</y>
         </point>
         <point>
            <x>184</x>
            <y>1.75</y>
         </point>
         <point>
            <x>185</x>
            <y>1.75</y>
         </point>
         <point>
            <x>186</x>
            <y>1.75</y>
         </point>
         <point>
            <x>187</x>
            <y>1.75</y>
         </point>
         <point>
            <x>188</x>
            <y>1.75</y>
         </point>
         <point>
            <x>189</x>
            <y>1.75</y>
         </point>
         <point>
            <x>190</x>
            <y>1.75</y>
         </point>
         <point>
            <x>191</x>
            <y>1.75</y>
         </point>
         <point>
            <x>192</x>
            <y>1.75</y>
         </point>
         <point>
            <x>193</x>
            <y>1.75</y>
         </point>
         <point>
            <x>194</x>
            <y>1.75</y>
         </point>
         <point>
            <x>195</x>
            <y>1.75</y>
         </point>
         <point>
            <x>196</x>
            <y>1.75</y>
         </point>
         <point>
            <x>197</x>
            <y>1.75</y>
         </point>
         <point>
            <x>198</x>
            <y>1.75</y>
         </point>
         <point>
            <x>199</x>
            <y>1.75</y>
         </point>
      </leftBound>
      <adjacentLeft drivingDir="opposite" ref="1"/>
   </lanelet>
   <obstacle id="10">
     <role>dynamic</role>
     <type>pedestrian</type>
     <shape>
       <circle>
         <radius>0.5</radius>
	 <center>
	   <x>20</x>
	   <y>-2.26</y>
	 </center>
       </circle>
     </shape>
     <trajectory>
      <state>
        <position>
          <point>
            <x>20</x>
            <y>-1.75</y>
          </point>
        </position>
        <orientation>
          <exact>1.57</exact>
        </orientation>
        <time>
          <exact>0.0</exact>
        </time>
        <velocity>
          <exact>1.0</exact>
        </velocity>
        <acceleration>
          <exact>0.0</exact>
        </acceleration>
      </state>
      <state>
        <position>
          <point>
            <x>20</x>
            <y>-1.5</y>
          </point>
        </position>
        <orientation>
          <exact>0.0</exact>
        </orientation>
        <time>
          <exact>0.25</exact>
        </time>
        <velocity>
          <exact>1.0</exact>
        </velocity>
        <acceleration>
          <exact>0.0</exact>
        </acceleration>
      </state>
    </trajectory>
   </obstacle>
</commonRoad>
