<?xml version="1.0" encoding="utf-8"?>
<commonRoad affiliation="Technical University of Munich, Germany" author="Lukas Braunstorfer, Markus Koschi, Sebastian Lutz, Sebastian Söntges" benchmarkID="ZAM_Over-1_1" commonRoadVersion="2018a" date="2018-06-17" source="Next Generation Simulation (NGSIM) and OpenStreetMaps (OSM)" tags="rural two_lane no_oncoming_traffic parallel_lanes lane_change comfort speed_limit lane_blocked" timeStepSize="0.1">
   <lanelet id="1000">
      <leftBound>
         <point>
            <x>0</x>
            <y>0</y>
         </point>
         <point>
            <x>1</x>
            <y>0</y>
         </point>
         <point>
            <x>2</x>
            <y>0.001</y>
         </point>
         <point>
            <x>3</x>
            <y>0.00301</y>
         </point>
         <point>
            <x>4</x>
            <y>0.0060402</y>
         </point>
         <point>
            <x>5</x>
            <y>0.0101</y>
         </point>
         <point>
            <x>6</x>
            <y>0.015201</y>
         </point>
         <point>
            <x>7</x>
            <y>0.021352</y>
         </point>
         <point>
            <x>7.9999</x>
            <y>0.028563</y>
         </point>
         <point>
            <x>8.9999</x>
            <y>0.036844</y>
         </point>
         <point>
            <x>9.9998</x>
            <y>0.046206</y>
         </point>
         <point>
            <x>10.9998</x>
            <y>0.056658</y>
         </point>
         <point>
            <x>11.9997</x>
            <y>0.06821</y>
         </point>
         <point>
            <x>12.9996</x>
            <y>0.080873</y>
         </point>
         <point>
            <x>13.9996</x>
            <y>0.094657</y>
         </point>
         <point>
            <x>14.9994</x>
            <y>0.10957</y>
         </point>
         <point>
            <x>15.9993</x>
            <y>0.12563</y>
         </point>
         <point>
            <x>16.9992</x>
            <y>0.14283</y>
         </point>
         <point>
            <x>17.999</x>
            <y>0.1612</y>
         </point>
         <point>
            <x>18.9988</x>
            <y>0.18073</y>
         </point>
         <point>
            <x>19.9986</x>
            <y>0.20145</y>
         </point>
         <point>
            <x>20.9983</x>
            <y>0.22336</y>
         </point>
         <point>
            <x>21.9981</x>
            <y>0.24647</y>
         </point>
         <point>
            <x>22.9978</x>
            <y>0.27079</y>
         </point>
         <point>
            <x>23.9975</x>
            <y>0.29633</y>
         </point>
         <point>
            <x>24.9971</x>
            <y>0.3231</y>
         </point>
         <point>
            <x>25.9967</x>
            <y>0.35111</y>
         </point>
         <point>
            <x>26.9963</x>
            <y>0.38037</y>
         </point>
         <point>
            <x>27.9958</x>
            <y>0.41089</y>
         </point>
         <point>
            <x>28.9953</x>
            <y>0.44269</y>
         </point>
         <point>
            <x>29.9948</x>
            <y>0.47576</y>
         </point>
         <point>
            <x>30.9942</x>
            <y>0.51013</y>
         </point>
         <point>
            <x>31.9935</x>
            <y>0.54579</y>
         </point>
         <point>
            <x>32.9929</x>
            <y>0.58277</y>
         </point>
         <point>
            <x>33.9921</x>
            <y>0.62106</y>
         </point>
         <point>
            <x>34.9913</x>
            <y>0.66069</y>
         </point>
         <point>
            <x>35.9905</x>
            <y>0.70166</y>
         </point>
         <point>
            <x>36.9896</x>
            <y>0.74398</y>
         </point>
         <point>
            <x>37.9886</x>
            <y>0.78766</y>
         </point>
         <point>
            <x>38.9876</x>
            <y>0.83271</y>
         </point>
         <point>
            <x>39.9865</x>
            <y>0.87914</y>
         </point>
         <point>
            <x>40.9854</x>
            <y>0.92696</y>
         </point>
         <point>
            <x>41.9842</x>
            <y>0.97618</y>
         </point>
         <point>
            <x>42.9829</x>
            <y>1.0268</y>
         </point>
         <point>
            <x>43.9816</x>
            <y>1.0789</y>
         </point>
         <point>
            <x>44.9801</x>
            <y>1.1323</y>
         </point>
         <point>
            <x>45.9786</x>
            <y>1.1873</y>
         </point>
         <point>
            <x>46.977</x>
            <y>1.2436</y>
         </point>
         <point>
            <x>47.9754</x>
            <y>1.3015</y>
         </point>
         <point>
            <x>48.9736</x>
            <y>1.3608</y>
         </point>
         <point>
            <x>49.9717</x>
            <y>1.4216</y>
         </point>
         <point>
            <x>50.9698</x>
            <y>1.4838</y>
         </point>
         <point>
            <x>51.9678</x>
            <y>1.5476</y>
         </point>
         <point>
            <x>52.9656</x>
            <y>1.6129</y>
         </point>
         <point>
            <x>53.9634</x>
            <y>1.6797</y>
         </point>
         <point>
            <x>54.9611</x>
            <y>1.748</y>
         </point>
         <point>
            <x>55.9586</x>
            <y>1.8179</y>
         </point>
         <point>
            <x>56.9561</x>
            <y>1.8893</y>
         </point>
         <point>
            <x>57.9534</x>
            <y>1.9623</y>
         </point>
         <point>
            <x>58.9506</x>
            <y>2.0368</y>
         </point>
         <point>
            <x>59.9477</x>
            <y>2.1129</y>
         </point>
         <point>
            <x>60.9447</x>
            <y>2.1906</y>
         </point>
         <point>
            <x>61.9415</x>
            <y>2.27</y>
         </point>
         <point>
            <x>62.9383</x>
            <y>2.3509</y>
         </point>
         <point>
            <x>63.9349</x>
            <y>2.4334</y>
         </point>
         <point>
            <x>64.9313</x>
            <y>2.5176</y>
         </point>
         <point>
            <x>65.9276</x>
            <y>2.6034</y>
         </point>
         <point>
            <x>66.9238</x>
            <y>2.6908</y>
         </point>
         <point>
            <x>67.9198</x>
            <y>2.7799</y>
         </point>
         <point>
            <x>68.9157</x>
            <y>2.8707</y>
         </point>
         <point>
            <x>69.9114</x>
            <y>2.9631</y>
         </point>
         <point>
            <x>70.907</x>
            <y>3.0573</y>
         </point>
         <point>
            <x>71.9024</x>
            <y>3.1531</y>
         </point>
         <point>
            <x>72.8976</x>
            <y>3.2506</y>
         </point>
         <point>
            <x>73.8926</x>
            <y>3.3499</y>
         </point>
         <point>
            <x>74.8875</x>
            <y>3.4508</y>
         </point>
         <point>
            <x>75.8822</x>
            <y>3.5536</y>
         </point>
         <point>
            <x>76.8768</x>
            <y>3.658</y>
         </point>
         <point>
            <x>77.8711</x>
            <y>3.7642</y>
         </point>
         <point>
            <x>78.8653</x>
            <y>3.8722</y>
         </point>
         <point>
            <x>79.8592</x>
            <y>3.9819</y>
         </point>
         <point>
            <x>80.853</x>
            <y>4.0934</y>
         </point>
         <point>
            <x>81.8466</x>
            <y>4.2068</y>
         </point>
         <point>
            <x>82.8399</x>
            <y>4.3219</y>
         </point>
         <point>
            <x>83.833</x>
            <y>4.4388</y>
         </point>
         <point>
            <x>84.826</x>
            <y>4.5576</y>
         </point>
         <point>
            <x>85.8187</x>
            <y>4.6782</y>
         </point>
         <point>
            <x>86.8112</x>
            <y>4.8006</y>
         </point>
         <point>
            <x>87.8034</x>
            <y>4.9249</y>
         </point>
         <point>
            <x>88.7954</x>
            <y>5.051</y>
         </point>
         <point>
            <x>89.7872</x>
            <y>5.179</y>
         </point>
         <point>
            <x>90.7787</x>
            <y>5.3089</y>
         </point>
         <point>
            <x>91.77</x>
            <y>5.4407</y>
         </point>
         <point>
            <x>92.761</x>
            <y>5.5743</y>
         </point>
         <point>
            <x>93.7518</x>
            <y>5.7099</y>
         </point>
         <point>
            <x>94.7423</x>
            <y>5.8474</y>
         </point>
         <point>
            <x>95.7325</x>
            <y>5.9868</y>
         </point>
         <point>
            <x>96.7225</x>
            <y>6.1282</y>
         </point>
         <point>
            <x>97.7122</x>
            <y>6.2715</y>
         </point>
         <point>
            <x>98.7016</x>
            <y>6.4167</y>
         </point>
         <point>
            <x>99.6907</x>
            <y>6.5639</y>
         </point>
         <point>
            <x>100.6795</x>
            <y>6.7131</y>
         </point>
         <point>
            <x>101.668</x>
            <y>6.8643</y>
         </point>
         <point>
            <x>102.6562</x>
            <y>7.0175</y>
         </point>
         <point>
            <x>103.6441</x>
            <y>7.1726</y>
         </point>
         <point>
            <x>104.6316</x>
            <y>7.3298</y>
         </point>
         <point>
            <x>105.6189</x>
            <y>7.489</y>
         </point>
         <point>
            <x>106.6058</x>
            <y>7.6502</y>
         </point>
         <point>
            <x>107.5924</x>
            <y>7.8135</y>
         </point>
         <point>
            <x>108.5786</x>
            <y>7.9788</y>
         </point>
         <point>
            <x>109.5645</x>
            <y>8.1462</y>
         </point>
         <point>
            <x>110.5501</x>
            <y>8.3156</y>
         </point>
         <point>
            <x>111.5353</x>
            <y>8.4871</y>
         </point>
         <point>
            <x>112.5201</x>
            <y>8.6607</y>
         </point>
         <point>
            <x>113.5045</x>
            <y>8.8364</y>
         </point>
         <point>
            <x>114.4886</x>
            <y>9.0141</y>
         </point>
         <point>
            <x>115.4723</x>
            <y>9.194</y>
         </point>
         <point>
            <x>116.4556</x>
            <y>9.376</y>
         </point>
         <point>
            <x>117.4385</x>
            <y>9.5602</y>
         </point>
         <point>
            <x>118.421</x>
            <y>9.7465</y>
         </point>
         <point>
            <x>119.403</x>
            <y>9.9349</y>
         </point>
         <point>
            <x>120.3847</x>
            <y>10.1255</y>
         </point>
         <point>
            <x>121.366</x>
            <y>10.3182</y>
         </point>
         <point>
            <x>122.3468</x>
            <y>10.5132</y>
         </point>
         <point>
            <x>123.3272</x>
            <y>10.7103</y>
         </point>
         <point>
            <x>124.3071</x>
            <y>10.9096</y>
         </point>
         <point>
            <x>125.2866</x>
            <y>11.1111</y>
         </point>
         <point>
            <x>126.2656</x>
            <y>11.3148</y>
         </point>
         <point>
            <x>127.2442</x>
            <y>11.5207</y>
         </point>
         <point>
            <x>128.2223</x>
            <y>11.7289</y>
         </point>
         <point>
            <x>129.1999</x>
            <y>11.9393</y>
         </point>
         <point>
            <x>130.177</x>
            <y>12.1519</y>
         </point>
         <point>
            <x>131.1537</x>
            <y>12.3668</y>
         </point>
         <point>
            <x>132.1298</x>
            <y>12.5839</y>
         </point>
         <point>
            <x>133.1054</x>
            <y>12.8034</y>
         </point>
         <point>
            <x>134.0806</x>
            <y>13.0251</y>
         </point>
         <point>
            <x>135.0552</x>
            <y>13.249</y>
         </point>
         <point>
            <x>136.0292</x>
            <y>13.4753</y>
         </point>
         <point>
            <x>137.0027</x>
            <y>13.7039</y>
         </point>
         <point>
            <x>137.9757</x>
            <y>13.9348</y>
         </point>
         <point>
            <x>138.9481</x>
            <y>14.168</y>
         </point>
         <point>
            <x>139.92</x>
            <y>14.4036</y>
         </point>
         <point>
            <x>140.8913</x>
            <y>14.6415</y>
         </point>
         <point>
            <x>141.862</x>
            <y>14.8817</y>
         </point>
         <point>
            <x>142.8321</x>
            <y>15.1243</y>
         </point>
         <point>
            <x>143.8017</x>
            <y>15.3693</y>
         </point>
         <point>
            <x>144.7706</x>
            <y>15.6166</y>
         </point>
         <point>
            <x>145.7389</x>
            <y>15.8663</y>
         </point>
         <point>
            <x>146.7066</x>
            <y>16.1184</y>
         </point>
         <point>
            <x>147.6737</x>
            <y>16.3729</y>
         </point>
         <point>
            <x>148.6401</x>
            <y>16.6298</y>
         </point>
         <point>
            <x>149.6059</x>
            <y>16.8891</y>
         </point>
         <point>
            <x>150.5711</x>
            <y>17.1509</y>
         </point>
         <point>
            <x>151.5355</x>
            <y>17.415</y>
         </point>
         <point>
            <x>152.4993</x>
            <y>17.6816</y>
         </point>
         <point>
            <x>153.4625</x>
            <y>17.9507</y>
         </point>
         <point>
            <x>154.4249</x>
            <y>18.2222</y>
         </point>
         <point>
            <x>155.3867</x>
            <y>18.4961</y>
         </point>
         <point>
            <x>156.3477</x>
            <y>18.7726</y>
         </point>
         <point>
            <x>157.308</x>
            <y>19.0515</y>
         </point>
         <point>
            <x>158.2676</x>
            <y>19.3329</y>
         </point>
         <point>
            <x>159.2265</x>
            <y>19.6167</y>
         </point>
         <point>
            <x>160.1846</x>
            <y>19.9031</y>
         </point>
         <point>
            <x>161.1419</x>
            <y>20.192</y>
         </point>
         <point>
            <x>162.0985</x>
            <y>20.4834</y>
         </point>
         <point>
            <x>163.0544</x>
            <y>20.7773</y>
         </point>
         <point>
            <x>164.0094</x>
            <y>21.0738</y>
         </point>
         <point>
            <x>164.9637</x>
            <y>21.3728</y>
         </point>
         <point>
            <x>165.9171</x>
            <y>21.6743</y>
         </point>
         <point>
            <x>166.8698</x>
            <y>21.9784</y>
         </point>
         <point>
            <x>167.8216</x>
            <y>22.2851</y>
         </point>
         <point>
            <x>168.7726</x>
            <y>22.5943</y>
         </point>
         <point>
            <x>169.7227</x>
            <y>22.9061</y>
         </point>
         <point>
            <x>170.672</x>
            <y>23.2205</y>
         </point>
         <point>
            <x>171.6205</x>
            <y>23.5374</y>
         </point>
         <point>
            <x>172.568</x>
            <y>23.857</y>
         </point>
         <point>
            <x>173.5147</x>
            <y>24.1792</y>
         </point>
         <point>
            <x>174.4605</x>
            <y>24.5039</y>
         </point>
         <point>
            <x>175.4054</x>
            <y>24.8313</y>
         </point>
         <point>
            <x>176.3494</x>
            <y>25.1613</y>
         </point>
         <point>
            <x>177.2924</x>
            <y>25.494</y>
         </point>
         <point>
            <x>178.2345</x>
            <y>25.8293</y>
         </point>
         <point>
            <x>179.1757</x>
            <y>26.1672</y>
         </point>
         <point>
            <x>180.1159</x>
            <y>26.5078</y>
         </point>
         <point>
            <x>181.0552</x>
            <y>26.851</y>
         </point>
         <point>
            <x>181.9934</x>
            <y>27.1969</y>
         </point>
         <point>
            <x>182.9307</x>
            <y>27.5455</y>
         </point>
         <point>
            <x>183.867</x>
            <y>27.8968</y>
         </point>
         <point>
            <x>184.8023</x>
            <y>28.2507</y>
         </point>
         <point>
            <x>185.7365</x>
            <y>28.6074</y>
         </point>
         <point>
            <x>186.6697</x>
            <y>28.9667</y>
         </point>
         <point>
            <x>187.6019</x>
            <y>29.3287</y>
         </point>
         <point>
            <x>188.533</x>
            <y>29.6935</y>
         </point>
         <point>
            <x>189.463</x>
            <y>30.0609</y>
         </point>
         <point>
            <x>190.392</x>
            <y>30.4311</y>
         </point>
         <point>
            <x>191.3198</x>
            <y>30.804</y>
         </point>
         <point>
            <x>192.2466</x>
            <y>31.1797</y>
         </point>
         <point>
            <x>193.1722</x>
            <y>31.5581</y>
         </point>
         <point>
            <x>194.0968</x>
            <y>31.9392</y>
         </point>
         <point>
            <x>195.0201</x>
            <y>32.3231</y>
         </point>
         <point>
            <x>195.9424</x>
            <y>32.7098</y>
         </point>
      </leftBound>
      <rightBound>
         <point>
            <x>0</x>
            <y>-3.25</y>
         </point>
         <point>
            <x>1.0032</x>
            <y>-3.25</y>
         </point>
         <point>
            <x>2.0065</x>
            <y>-3.249</y>
         </point>
         <point>
            <x>3.0098</x>
            <y>-3.247</y>
         </point>
         <point>
            <x>4.0132</x>
            <y>-3.2439</y>
         </point>
         <point>
            <x>5.0166</x>
            <y>-3.2399</y>
         </point>
         <point>
            <x>6.02</x>
            <y>-3.2347</y>
         </point>
         <point>
            <x>7.0234</x>
            <y>-3.2286</y>
         </point>
         <point>
            <x>8.0268</x>
            <y>-3.2213</y>
         </point>
         <point>
            <x>9.0303</x>
            <y>-3.213</y>
         </point>
         <point>
            <x>10.0338</x>
            <y>-3.2036</y>
         </point>
         <point>
            <x>11.0373</x>
            <y>-3.1931</y>
         </point>
         <point>
            <x>12.0409</x>
            <y>-3.1815</y>
         </point>
         <point>
            <x>13.0444</x>
            <y>-3.1688</y>
         </point>
         <point>
            <x>14.048</x>
            <y>-3.155</y>
         </point>
         <point>
            <x>15.0516</x>
            <y>-3.14</y>
         </point>
         <point>
            <x>16.0552</x>
            <y>-3.1239</y>
         </point>
         <point>
            <x>17.0589</x>
            <y>-3.1066</y>
         </point>
         <point>
            <x>18.0625</x>
            <y>-3.0882</y>
         </point>
         <point>
            <x>19.0661</x>
            <y>-3.0686</y>
         </point>
         <point>
            <x>20.0698</x>
            <y>-3.0478</y>
         </point>
         <point>
            <x>21.0735</x>
            <y>-3.0258</y>
         </point>
         <point>
            <x>22.0771</x>
            <y>-3.0026</y>
         </point>
         <point>
            <x>23.0808</x>
            <y>-2.9782</y>
         </point>
         <point>
            <x>24.0845</x>
            <y>-2.9525</y>
         </point>
         <point>
            <x>25.0881</x>
            <y>-2.9256</y>
         </point>
         <point>
            <x>26.0918</x>
            <y>-2.8975</y>
         </point>
         <point>
            <x>27.0955</x>
            <y>-2.8681</y>
         </point>
         <point>
            <x>28.0991</x>
            <y>-2.8375</y>
         </point>
         <point>
            <x>29.1028</x>
            <y>-2.8055</y>
         </point>
         <point>
            <x>30.1064</x>
            <y>-2.7723</y>
         </point>
         <point>
            <x>31.1101</x>
            <y>-2.7378</y>
         </point>
         <point>
            <x>32.1137</x>
            <y>-2.702</y>
         </point>
         <point>
            <x>33.1173</x>
            <y>-2.6648</y>
         </point>
         <point>
            <x>34.1209</x>
            <y>-2.6264</y>
         </point>
         <point>
            <x>35.1245</x>
            <y>-2.5866</y>
         </point>
         <point>
            <x>36.128</x>
            <y>-2.5454</y>
         </point>
         <point>
            <x>37.1316</x>
            <y>-2.5029</y>
         </point>
         <point>
            <x>38.1351</x>
            <y>-2.459</y>
         </point>
         <point>
            <x>39.1385</x>
            <y>-2.4138</y>
         </point>
         <point>
            <x>40.142</x>
            <y>-2.3671</y>
         </point>
         <point>
            <x>41.1454</x>
            <y>-2.3191</y>
         </point>
         <point>
            <x>42.1487</x>
            <y>-2.2696</y>
         </point>
         <point>
            <x>43.1521</x>
            <y>-2.2188</y>
         </point>
         <point>
            <x>44.1554</x>
            <y>-2.1665</y>
         </point>
         <point>
            <x>45.1586</x>
            <y>-2.1127</y>
         </point>
         <point>
            <x>46.1618</x>
            <y>-2.0576</y>
         </point>
         <point>
            <x>47.165</x>
            <y>-2.0009</y>
         </point>
         <point>
            <x>48.1681</x>
            <y>-1.9428</y>
         </point>
         <point>
            <x>49.1711</x>
            <y>-1.8832</y>
         </point>
         <point>
            <x>50.1741</x>
            <y>-1.8221</y>
         </point>
         <point>
            <x>51.1771</x>
            <y>-1.7596</y>
         </point>
         <point>
            <x>52.1799</x>
            <y>-1.6955</y>
         </point>
         <point>
            <x>53.1827</x>
            <y>-1.6299</y>
         </point>
         <point>
            <x>54.1855</x>
            <y>-1.5627</y>
         </point>
         <point>
            <x>55.1881</x>
            <y>-1.494</y>
         </point>
         <point>
            <x>56.1907</x>
            <y>-1.4238</y>
         </point>
         <point>
            <x>57.1932</x>
            <y>-1.352</y>
         </point>
         <point>
            <x>58.1957</x>
            <y>-1.2787</y>
         </point>
         <point>
            <x>59.198</x>
            <y>-1.2038</y>
         </point>
         <point>
            <x>60.2003</x>
            <y>-1.1272</y>
         </point>
         <point>
            <x>61.2024</x>
            <y>-1.0491</y>
         </point>
         <point>
            <x>62.2045</x>
            <y>-0.96939</y>
         </point>
         <point>
            <x>63.2065</x>
            <y>-0.88804</y>
         </point>
         <point>
            <x>64.2084</x>
            <y>-0.80507</y>
         </point>
         <point>
            <x>65.2101</x>
            <y>-0.72045</y>
         </point>
         <point>
            <x>66.2118</x>
            <y>-0.63419</y>
         </point>
         <point>
            <x>67.2134</x>
            <y>-0.54626</y>
         </point>
         <point>
            <x>68.2148</x>
            <y>-0.45667</y>
         </point>
         <point>
            <x>69.2161</x>
            <y>-0.3654</y>
         </point>
         <point>
            <x>70.2173</x>
            <y>-0.27244</y>
         </point>
         <point>
            <x>71.2184</x>
            <y>-0.17778</y>
         </point>
         <point>
            <x>72.2193</x>
            <y>-0.081418</y>
         </point>
         <point>
            <x>73.2201</x>
            <y>0.016667</y>
         </point>
         <point>
            <x>74.2208</x>
            <y>0.11648</y>
         </point>
         <point>
            <x>75.2213</x>
            <y>0.21803</y>
         </point>
         <point>
            <x>76.2217</x>
            <y>0.32133</y>
         </point>
         <point>
            <x>77.222</x>
            <y>0.42638</y>
         </point>
         <point>
            <x>78.222</x>
            <y>0.53321</y>
         </point>
         <point>
            <x>79.2219</x>
            <y>0.64181</y>
         </point>
         <point>
            <x>80.2217</x>
            <y>0.7522</y>
         </point>
         <point>
            <x>81.2213</x>
            <y>0.86438</y>
         </point>
         <point>
            <x>82.2207</x>
            <y>0.97838</y>
         </point>
         <point>
            <x>83.2199</x>
            <y>1.0942</y>
         </point>
         <point>
            <x>84.219</x>
            <y>1.2118</y>
         </point>
         <point>
            <x>85.2179</x>
            <y>1.3313</y>
         </point>
         <point>
            <x>86.2166</x>
            <y>1.4526</y>
         </point>
         <point>
            <x>87.2151</x>
            <y>1.5758</y>
         </point>
         <point>
            <x>88.2133</x>
            <y>1.7008</y>
         </point>
         <point>
            <x>89.2114</x>
            <y>1.8277</y>
         </point>
         <point>
            <x>90.2093</x>
            <y>1.9565</y>
         </point>
         <point>
            <x>91.207</x>
            <y>2.0872</y>
         </point>
         <point>
            <x>92.2044</x>
            <y>2.2198</y>
         </point>
         <point>
            <x>93.2016</x>
            <y>2.3543</y>
         </point>
         <point>
            <x>94.1986</x>
            <y>2.4908</y>
         </point>
         <point>
            <x>95.1954</x>
            <y>2.6291</y>
         </point>
         <point>
            <x>96.1919</x>
            <y>2.7694</y>
         </point>
         <point>
            <x>97.1882</x>
            <y>2.9117</y>
         </point>
         <point>
            <x>98.1842</x>
            <y>3.0559</y>
         </point>
         <point>
            <x>99.18</x>
            <y>3.2021</y>
         </point>
         <point>
            <x>100.1755</x>
            <y>3.3503</y>
         </point>
         <point>
            <x>101.1708</x>
            <y>3.5005</y>
         </point>
         <point>
            <x>102.1658</x>
            <y>3.6526</y>
         </point>
         <point>
            <x>103.1605</x>
            <y>3.8068</y>
         </point>
         <point>
            <x>104.1549</x>
            <y>3.963</y>
         </point>
         <point>
            <x>105.149</x>
            <y>4.1212</y>
         </point>
         <point>
            <x>106.1429</x>
            <y>4.2815</y>
         </point>
         <point>
            <x>107.1364</x>
            <y>4.4438</y>
         </point>
         <point>
            <x>108.1296</x>
            <y>4.6082</y>
         </point>
         <point>
            <x>109.1226</x>
            <y>4.7746</y>
         </point>
         <point>
            <x>110.1152</x>
            <y>4.9431</y>
         </point>
         <point>
            <x>111.1075</x>
            <y>5.1137</y>
         </point>
         <point>
            <x>112.0994</x>
            <y>5.2864</y>
         </point>
         <point>
            <x>113.091</x>
            <y>5.4612</y>
         </point>
         <point>
            <x>114.0823</x>
            <y>5.6381</y>
         </point>
         <point>
            <x>115.0732</x>
            <y>5.8172</y>
         </point>
         <point>
            <x>116.0638</x>
            <y>5.9983</y>
         </point>
         <point>
            <x>117.054</x>
            <y>6.1816</y>
         </point>
         <point>
            <x>118.0439</x>
            <y>6.3671</y>
         </point>
         <point>
            <x>119.0334</x>
            <y>6.5547</y>
         </point>
         <point>
            <x>120.0225</x>
            <y>6.7445</y>
         </point>
         <point>
            <x>121.0112</x>
            <y>6.9364</y>
         </point>
         <point>
            <x>121.9995</x>
            <y>7.1306</y>
         </point>
         <point>
            <x>122.9874</x>
            <y>7.3269</y>
         </point>
         <point>
            <x>123.9749</x>
            <y>7.5255</y>
         </point>
         <point>
            <x>124.962</x>
            <y>7.7262</y>
         </point>
         <point>
            <x>125.9487</x>
            <y>7.9292</y>
         </point>
         <point>
            <x>126.9349</x>
            <y>8.1344</y>
         </point>
         <point>
            <x>127.9207</x>
            <y>8.3419</y>
         </point>
         <point>
            <x>128.9061</x>
            <y>8.5516</y>
         </point>
         <point>
            <x>129.891</x>
            <y>8.7636</y>
         </point>
         <point>
            <x>130.8754</x>
            <y>8.9778</y>
         </point>
         <point>
            <x>131.8594</x>
            <y>9.1943</y>
         </point>
         <point>
            <x>132.8429</x>
            <y>9.4131</y>
         </point>
         <point>
            <x>133.826</x>
            <y>9.6342</y>
         </point>
         <point>
            <x>134.8085</x>
            <y>9.8576</y>
         </point>
         <point>
            <x>135.7906</x>
            <y>10.0833</y>
         </point>
         <point>
            <x>136.7721</x>
            <y>10.3114</y>
         </point>
         <point>
            <x>137.7532</x>
            <y>10.5417</y>
         </point>
         <point>
            <x>138.7337</x>
            <y>10.7744</y>
         </point>
         <point>
            <x>139.7137</x>
            <y>11.0095</y>
         </point>
         <point>
            <x>140.6931</x>
            <y>11.2469</y>
         </point>
         <point>
            <x>141.6721</x>
            <y>11.4867</y>
         </point>
         <point>
            <x>142.6504</x>
            <y>11.7288</y>
         </point>
         <point>
            <x>143.6282</x>
            <y>11.9733</y>
         </point>
         <point>
            <x>144.6055</x>
            <y>12.2203</y>
         </point>
         <point>
            <x>145.5822</x>
            <y>12.4696</y>
         </point>
         <point>
            <x>146.5582</x>
            <y>12.7213</y>
         </point>
         <point>
            <x>147.5337</x>
            <y>12.9754</y>
         </point>
         <point>
            <x>148.5086</x>
            <y>13.232</y>
         </point>
         <point>
            <x>149.4829</x>
            <y>13.491</y>
         </point>
         <point>
            <x>150.4566</x>
            <y>13.7524</y>
         </point>
         <point>
            <x>151.4296</x>
            <y>14.0163</y>
         </point>
         <point>
            <x>152.402</x>
            <y>14.2827</y>
         </point>
         <point>
            <x>153.3737</x>
            <y>14.5515</y>
         </point>
         <point>
            <x>154.3448</x>
            <y>14.8228</y>
         </point>
         <point>
            <x>155.3153</x>
            <y>15.0965</y>
         </point>
         <point>
            <x>156.285</x>
            <y>15.3728</y>
         </point>
         <point>
            <x>157.2541</x>
            <y>15.6515</y>
         </point>
         <point>
            <x>158.2225</x>
            <y>15.9328</y>
         </point>
         <point>
            <x>159.1902</x>
            <y>16.2166</y>
         </point>
         <point>
            <x>160.1572</x>
            <y>16.5029</y>
         </point>
         <point>
            <x>161.1235</x>
            <y>16.7917</y>
         </point>
         <point>
            <x>162.089</x>
            <y>17.0831</y>
         </point>
         <point>
            <x>163.0538</x>
            <y>17.377</y>
         </point>
         <point>
            <x>164.0178</x>
            <y>17.6734</y>
         </point>
         <point>
            <x>164.9811</x>
            <y>17.9725</y>
         </point>
         <point>
            <x>165.9437</x>
            <y>18.2741</y>
         </point>
         <point>
            <x>166.9054</x>
            <y>18.5782</y>
         </point>
         <point>
            <x>167.8664</x>
            <y>18.885</y>
         </point>
         <point>
            <x>168.8265</x>
            <y>19.1944</y>
         </point>
         <point>
            <x>169.7859</x>
            <y>19.5063</y>
         </point>
         <point>
            <x>170.7444</x>
            <y>19.8209</y>
         </point>
         <point>
            <x>171.7022</x>
            <y>20.138</y>
         </point>
         <point>
            <x>172.659</x>
            <y>20.4578</y>
         </point>
         <point>
            <x>173.6151</x>
            <y>20.7803</y>
         </point>
         <point>
            <x>174.5702</x>
            <y>21.1053</y>
         </point>
         <point>
            <x>175.5245</x>
            <y>21.433</y>
         </point>
         <point>
            <x>176.4779</x>
            <y>21.7634</y>
         </point>
         <point>
            <x>177.4305</x>
            <y>22.0964</y>
         </point>
         <point>
            <x>178.3821</x>
            <y>22.4321</y>
         </point>
         <point>
            <x>179.3328</x>
            <y>22.7705</y>
         </point>
         <point>
            <x>180.2826</x>
            <y>23.1115</y>
         </point>
         <point>
            <x>181.2315</x>
            <y>23.4552</y>
         </point>
         <point>
            <x>182.1794</x>
            <y>23.8017</y>
         </point>
         <point>
            <x>183.1263</x>
            <y>24.1508</y>
         </point>
         <point>
            <x>184.0723</x>
            <y>24.5026</y>
         </point>
         <point>
            <x>185.0173</x>
            <y>24.8572</y>
         </point>
         <point>
            <x>185.9613</x>
            <y>25.2144</y>
         </point>
         <point>
            <x>186.9043</x>
            <y>25.5744</y>
         </point>
         <point>
            <x>187.8463</x>
            <y>25.9372</y>
         </point>
         <point>
            <x>188.7873</x>
            <y>26.3026</y>
         </point>
         <point>
            <x>189.7272</x>
            <y>26.6708</y>
         </point>
         <point>
            <x>190.6661</x>
            <y>27.0418</y>
         </point>
         <point>
            <x>191.604</x>
            <y>27.4156</y>
         </point>
         <point>
            <x>192.5407</x>
            <y>27.7921</y>
         </point>
         <point>
            <x>193.4764</x>
            <y>28.1713</y>
         </point>
         <point>
            <x>194.411</x>
            <y>28.5534</y>
         </point>
         <point>
            <x>195.3444</x>
            <y>28.9383</y>
         </point>
         <point>
            <x>196.2768</x>
            <y>29.3259</y>
         </point>
         <point>
            <x>197.199</x>
            <y>29.7125</y>
         </point>
      </rightBound>
      <adjacentLeft drivingDir="opposite" ref="1001"/>
      <speedLimit>23</speedLimit>
   </lanelet>
   <lanelet id="1001">
      <leftBound>
         <point>
            <x>195.9424</x>
            <y>32.7098</y>
         </point>
         <point>
            <x>195.0201</x>
            <y>32.3231</y>
         </point>
         <point>
            <x>194.0968</x>
            <y>31.9392</y>
         </point>
         <point>
            <x>193.1722</x>
            <y>31.5581</y>
         </point>
         <point>
            <x>192.2466</x>
            <y>31.1797</y>
         </point>
         <point>
            <x>191.3198</x>
            <y>30.804</y>
         </point>
         <point>
            <x>190.392</x>
            <y>30.4311</y>
         </point>
         <point>
            <x>189.463</x>
            <y>30.0609</y>
         </point>
         <point>
            <x>188.533</x>
            <y>29.6935</y>
         </point>
         <point>
            <x>187.6019</x>
            <y>29.3287</y>
         </point>
         <point>
            <x>186.6697</x>
            <y>28.9667</y>
         </point>
         <point>
            <x>185.7365</x>
            <y>28.6074</y>
         </point>
         <point>
            <x>184.8023</x>
            <y>28.2507</y>
         </point>
         <point>
            <x>183.867</x>
            <y>27.8968</y>
         </point>
         <point>
            <x>182.9307</x>
            <y>27.5455</y>
         </point>
         <point>
            <x>181.9934</x>
            <y>27.1969</y>
         </point>
         <point>
            <x>181.0552</x>
            <y>26.851</y>
         </point>
         <point>
            <x>180.1159</x>
            <y>26.5078</y>
         </point>
         <point>
            <x>179.1757</x>
            <y>26.1672</y>
         </point>
         <point>
            <x>178.2345</x>
            <y>25.8293</y>
         </point>
         <point>
            <x>177.2924</x>
            <y>25.494</y>
         </point>
         <point>
            <x>176.3494</x>
            <y>25.1613</y>
         </point>
         <point>
            <x>175.4054</x>
            <y>24.8313</y>
         </point>
         <point>
            <x>174.4605</x>
            <y>24.5039</y>
         </point>
         <point>
            <x>173.5147</x>
            <y>24.1792</y>
         </point>
         <point>
            <x>172.568</x>
            <y>23.857</y>
         </point>
         <point>
            <x>171.6205</x>
            <y>23.5374</y>
         </point>
         <point>
            <x>170.672</x>
            <y>23.2205</y>
         </point>
         <point>
            <x>169.7227</x>
            <y>22.9061</y>
         </point>
         <point>
            <x>168.7726</x>
            <y>22.5943</y>
         </point>
         <point>
            <x>167.8216</x>
            <y>22.2851</y>
         </point>
         <point>
            <x>166.8698</x>
            <y>21.9784</y>
         </point>
         <point>
            <x>165.9171</x>
            <y>21.6743</y>
         </point>
         <point>
            <x>164.9637</x>
            <y>21.3728</y>
         </point>
         <point>
            <x>164.0094</x>
            <y>21.0738</y>
         </point>
         <point>
            <x>163.0544</x>
            <y>20.7773</y>
         </point>
         <point>
            <x>162.0985</x>
            <y>20.4834</y>
         </point>
         <point>
            <x>161.1419</x>
            <y>20.192</y>
         </point>
         <point>
            <x>160.1846</x>
            <y>19.9031</y>
         </point>
         <point>
            <x>159.2265</x>
            <y>19.6167</y>
         </point>
         <point>
            <x>158.2676</x>
            <y>19.3329</y>
         </point>
         <point>
            <x>157.308</x>
            <y>19.0515</y>
         </point>
         <point>
            <x>156.3477</x>
            <y>18.7726</y>
         </point>
         <point>
            <x>155.3867</x>
            <y>18.4961</y>
         </point>
         <point>
            <x>154.4249</x>
            <y>18.2222</y>
         </point>
         <point>
            <x>153.4625</x>
            <y>17.9507</y>
         </point>
         <point>
            <x>152.4993</x>
            <y>17.6816</y>
         </point>
         <point>
            <x>151.5355</x>
            <y>17.415</y>
         </point>
         <point>
            <x>150.5711</x>
            <y>17.1509</y>
         </point>
         <point>
            <x>149.6059</x>
            <y>16.8891</y>
         </point>
         <point>
            <x>148.6401</x>
            <y>16.6298</y>
         </point>
         <point>
            <x>147.6737</x>
            <y>16.3729</y>
         </point>
         <point>
            <x>146.7066</x>
            <y>16.1184</y>
         </point>
         <point>
            <x>145.7389</x>
            <y>15.8663</y>
         </point>
         <point>
            <x>144.7706</x>
            <y>15.6166</y>
         </point>
         <point>
            <x>143.8017</x>
            <y>15.3693</y>
         </point>
         <point>
            <x>142.8321</x>
            <y>15.1243</y>
         </point>
         <point>
            <x>141.862</x>
            <y>14.8817</y>
         </point>
         <point>
            <x>140.8913</x>
            <y>14.6415</y>
         </point>
         <point>
            <x>139.92</x>
            <y>14.4036</y>
         </point>
         <point>
            <x>138.9481</x>
            <y>14.168</y>
         </point>
         <point>
            <x>137.9757</x>
            <y>13.9348</y>
         </point>
         <point>
            <x>137.0027</x>
            <y>13.7039</y>
         </point>
         <point>
            <x>136.0292</x>
            <y>13.4753</y>
         </point>
         <point>
            <x>135.0552</x>
            <y>13.249</y>
         </point>
         <point>
            <x>134.0806</x>
            <y>13.0251</y>
         </point>
         <point>
            <x>133.1054</x>
            <y>12.8034</y>
         </point>
         <point>
            <x>132.1298</x>
            <y>12.5839</y>
         </point>
         <point>
            <x>131.1537</x>
            <y>12.3668</y>
         </point>
         <point>
            <x>130.177</x>
            <y>12.1519</y>
         </point>
         <point>
            <x>129.1999</x>
            <y>11.9393</y>
         </point>
         <point>
            <x>128.2223</x>
            <y>11.7289</y>
         </point>
         <point>
            <x>127.2442</x>
            <y>11.5207</y>
         </point>
         <point>
            <x>126.2656</x>
            <y>11.3148</y>
         </point>
         <point>
            <x>125.2866</x>
            <y>11.1111</y>
         </point>
         <point>
            <x>124.3071</x>
            <y>10.9096</y>
         </point>
         <point>
            <x>123.3272</x>
            <y>10.7103</y>
         </point>
         <point>
            <x>122.3468</x>
            <y>10.5132</y>
         </point>
         <point>
            <x>121.366</x>
            <y>10.3182</y>
         </point>
         <point>
            <x>120.3847</x>
            <y>10.1255</y>
         </point>
         <point>
            <x>119.403</x>
            <y>9.9349</y>
         </point>
         <point>
            <x>118.421</x>
            <y>9.7465</y>
         </point>
         <point>
            <x>117.4385</x>
            <y>9.5602</y>
         </point>
         <point>
            <x>116.4556</x>
            <y>9.376</y>
         </point>
         <point>
            <x>115.4723</x>
            <y>9.194</y>
         </point>
         <point>
            <x>114.4886</x>
            <y>9.0141</y>
         </point>
         <point>
            <x>113.5045</x>
            <y>8.8364</y>
         </point>
         <point>
            <x>112.5201</x>
            <y>8.6607</y>
         </point>
         <point>
            <x>111.5353</x>
            <y>8.4871</y>
         </point>
         <point>
            <x>110.5501</x>
            <y>8.3156</y>
         </point>
         <point>
            <x>109.5645</x>
            <y>8.1462</y>
         </point>
         <point>
            <x>108.5786</x>
            <y>7.9788</y>
         </point>
         <point>
            <x>107.5924</x>
            <y>7.8135</y>
         </point>
         <point>
            <x>106.6058</x>
            <y>7.6502</y>
         </point>
         <point>
            <x>105.6189</x>
            <y>7.489</y>
         </point>
         <point>
            <x>104.6316</x>
            <y>7.3298</y>
         </point>
         <point>
            <x>103.6441</x>
            <y>7.1726</y>
         </point>
         <point>
            <x>102.6562</x>
            <y>7.0175</y>
         </point>
         <point>
            <x>101.668</x>
            <y>6.8643</y>
         </point>
         <point>
            <x>100.6795</x>
            <y>6.7131</y>
         </point>
         <point>
            <x>99.6907</x>
            <y>6.5639</y>
         </point>
         <point>
            <x>98.7016</x>
            <y>6.4167</y>
         </point>
         <point>
            <x>97.7122</x>
            <y>6.2715</y>
         </point>
         <point>
            <x>96.7225</x>
            <y>6.1282</y>
         </point>
         <point>
            <x>95.7325</x>
            <y>5.9868</y>
         </point>
         <point>
            <x>94.7423</x>
            <y>5.8474</y>
         </point>
         <point>
            <x>93.7518</x>
            <y>5.7099</y>
         </point>
         <point>
            <x>92.761</x>
            <y>5.5743</y>
         </point>
         <point>
            <x>91.77</x>
            <y>5.4407</y>
         </point>
         <point>
            <x>90.7787</x>
            <y>5.3089</y>
         </point>
         <point>
            <x>89.7872</x>
            <y>5.179</y>
         </point>
         <point>
            <x>88.7954</x>
            <y>5.051</y>
         </point>
         <point>
            <x>87.8034</x>
            <y>4.9249</y>
         </point>
         <point>
            <x>86.8112</x>
            <y>4.8006</y>
         </point>
         <point>
            <x>85.8187</x>
            <y>4.6782</y>
         </point>
         <point>
            <x>84.826</x>
            <y>4.5576</y>
         </point>
         <point>
            <x>83.833</x>
            <y>4.4388</y>
         </point>
         <point>
            <x>82.8399</x>
            <y>4.3219</y>
         </point>
         <point>
            <x>81.8466</x>
            <y>4.2068</y>
         </point>
         <point>
            <x>80.853</x>
            <y>4.0934</y>
         </point>
         <point>
            <x>79.8592</x>
            <y>3.9819</y>
         </point>
         <point>
            <x>78.8653</x>
            <y>3.8722</y>
         </point>
         <point>
            <x>77.8711</x>
            <y>3.7642</y>
         </point>
         <point>
            <x>76.8768</x>
            <y>3.658</y>
         </point>
         <point>
            <x>75.8822</x>
            <y>3.5536</y>
         </point>
         <point>
            <x>74.8875</x>
            <y>3.4508</y>
         </point>
         <point>
            <x>73.8926</x>
            <y>3.3499</y>
         </point>
         <point>
            <x>72.8976</x>
            <y>3.2506</y>
         </point>
         <point>
            <x>71.9024</x>
            <y>3.1531</y>
         </point>
         <point>
            <x>70.907</x>
            <y>3.0573</y>
         </point>
         <point>
            <x>69.9114</x>
            <y>2.9631</y>
         </point>
         <point>
            <x>68.9157</x>
            <y>2.8707</y>
         </point>
         <point>
            <x>67.9198</x>
            <y>2.7799</y>
         </point>
         <point>
            <x>66.9238</x>
            <y>2.6908</y>
         </point>
         <point>
            <x>65.9276</x>
            <y>2.6034</y>
         </point>
         <point>
            <x>64.9313</x>
            <y>2.5176</y>
         </point>
         <point>
            <x>63.9349</x>
            <y>2.4334</y>
         </point>
         <point>
            <x>62.9383</x>
            <y>2.3509</y>
         </point>
         <point>
            <x>61.9415</x>
            <y>2.27</y>
         </point>
         <point>
            <x>60.9447</x>
            <y>2.1906</y>
         </point>
         <point>
            <x>59.9477</x>
            <y>2.1129</y>
         </point>
         <point>
            <x>58.9506</x>
            <y>2.0368</y>
         </point>
         <point>
            <x>57.9534</x>
            <y>1.9623</y>
         </point>
         <point>
            <x>56.9561</x>
            <y>1.8893</y>
         </point>
         <point>
            <x>55.9586</x>
            <y>1.8179</y>
         </point>
         <point>
            <x>54.9611</x>
            <y>1.748</y>
         </point>
         <point>
            <x>53.9634</x>
            <y>1.6797</y>
         </point>
         <point>
            <x>52.9656</x>
            <y>1.6129</y>
         </point>
         <point>
            <x>51.9678</x>
            <y>1.5476</y>
         </point>
         <point>
            <x>50.9698</x>
            <y>1.4838</y>
         </point>
         <point>
            <x>49.9717</x>
            <y>1.4216</y>
         </point>
         <point>
            <x>48.9736</x>
            <y>1.3608</y>
         </point>
         <point>
            <x>47.9754</x>
            <y>1.3015</y>
         </point>
         <point>
            <x>46.977</x>
            <y>1.2436</y>
         </point>
         <point>
            <x>45.9786</x>
            <y>1.1873</y>
         </point>
         <point>
            <x>44.9801</x>
            <y>1.1323</y>
         </point>
         <point>
            <x>43.9816</x>
            <y>1.0789</y>
         </point>
         <point>
            <x>42.9829</x>
            <y>1.0268</y>
         </point>
         <point>
            <x>41.9842</x>
            <y>0.97618</y>
         </point>
         <point>
            <x>40.9854</x>
            <y>0.92696</y>
         </point>
         <point>
            <x>39.9865</x>
            <y>0.87914</y>
         </point>
         <point>
            <x>38.9876</x>
            <y>0.83271</y>
         </point>
         <point>
            <x>37.9886</x>
            <y>0.78766</y>
         </point>
         <point>
            <x>36.9896</x>
            <y>0.74398</y>
         </point>
         <point>
            <x>35.9905</x>
            <y>0.70166</y>
         </point>
         <point>
            <x>34.9913</x>
            <y>0.66069</y>
         </point>
         <point>
            <x>33.9921</x>
            <y>0.62106</y>
         </point>
         <point>
            <x>32.9929</x>
            <y>0.58277</y>
         </point>
         <point>
            <x>31.9935</x>
            <y>0.54579</y>
         </point>
         <point>
            <x>30.9942</x>
            <y>0.51013</y>
         </point>
         <point>
            <x>29.9948</x>
            <y>0.47576</y>
         </point>
         <point>
            <x>28.9953</x>
            <y>0.44269</y>
         </point>
         <point>
            <x>27.9958</x>
            <y>0.41089</y>
         </point>
         <point>
            <x>26.9963</x>
            <y>0.38037</y>
         </point>
         <point>
            <x>25.9967</x>
            <y>0.35111</y>
         </point>
         <point>
            <x>24.9971</x>
            <y>0.3231</y>
         </point>
         <point>
            <x>23.9975</x>
            <y>0.29633</y>
         </point>
         <point>
            <x>22.9978</x>
            <y>0.27079</y>
         </point>
         <point>
            <x>21.9981</x>
            <y>0.24647</y>
         </point>
         <point>
            <x>20.9983</x>
            <y>0.22336</y>
         </point>
         <point>
            <x>19.9986</x>
            <y>0.20145</y>
         </point>
         <point>
            <x>18.9988</x>
            <y>0.18073</y>
         </point>
         <point>
            <x>17.999</x>
            <y>0.1612</y>
         </point>
         <point>
            <x>16.9992</x>
            <y>0.14283</y>
         </point>
         <point>
            <x>15.9993</x>
            <y>0.12563</y>
         </point>
         <point>
            <x>14.9994</x>
            <y>0.10957</y>
         </point>
         <point>
            <x>13.9996</x>
            <y>0.094657</y>
         </point>
         <point>
            <x>12.9996</x>
            <y>0.080873</y>
         </point>
         <point>
            <x>11.9997</x>
            <y>0.06821</y>
         </point>
         <point>
            <x>10.9998</x>
            <y>0.056658</y>
         </point>
         <point>
            <x>9.9998</x>
            <y>0.046206</y>
         </point>
         <point>
            <x>8.9999</x>
            <y>0.036844</y>
         </point>
         <point>
            <x>7.9999</x>
            <y>0.028563</y>
         </point>
         <point>
            <x>7</x>
            <y>0.021352</y>
         </point>
         <point>
            <x>6</x>
            <y>0.015201</y>
         </point>
         <point>
            <x>5</x>
            <y>0.0101</y>
         </point>
         <point>
            <x>4</x>
            <y>0.0060402</y>
         </point>
         <point>
            <x>3</x>
            <y>0.00301</y>
         </point>
         <point>
            <x>2</x>
            <y>0.001</y>
         </point>
         <point>
            <x>1</x>
            <y>0</y>
         </point>
         <point>
            <x>0</x>
            <y>0</y>
         </point>
      </leftBound>
      <rightBound>
         <point>
            <x>194.6857</x>
            <y>35.707</y>
         </point>
         <point>
            <x>193.7725</x>
            <y>35.3241</y>
         </point>
         <point>
            <x>192.8581</x>
            <y>34.9439</y>
         </point>
         <point>
            <x>191.9425</x>
            <y>34.5664</y>
         </point>
         <point>
            <x>191.0257</x>
            <y>34.1917</y>
         </point>
         <point>
            <x>190.1079</x>
            <y>33.8196</y>
         </point>
         <point>
            <x>189.1889</x>
            <y>33.4502</y>
         </point>
         <point>
            <x>188.2688</x>
            <y>33.0836</y>
         </point>
         <point>
            <x>187.3476</x>
            <y>32.7196</y>
         </point>
         <point>
            <x>186.4253</x>
            <y>32.3583</y>
         </point>
         <point>
            <x>185.5019</x>
            <y>31.9996</y>
         </point>
         <point>
            <x>184.5774</x>
            <y>31.6436</y>
         </point>
         <point>
            <x>183.6519</x>
            <y>31.2903</y>
         </point>
         <point>
            <x>182.7254</x>
            <y>30.9397</y>
         </point>
         <point>
            <x>181.7978</x>
            <y>30.5917</y>
         </point>
         <point>
            <x>180.8692</x>
            <y>30.2463</y>
         </point>
         <point>
            <x>179.9396</x>
            <y>29.9036</y>
         </point>
         <point>
            <x>179.009</x>
            <y>29.5635</y>
         </point>
         <point>
            <x>178.0774</x>
            <y>29.226</y>
         </point>
         <point>
            <x>177.1449</x>
            <y>28.8912</y>
         </point>
         <point>
            <x>176.2113</x>
            <y>28.5589</y>
         </point>
         <point>
            <x>175.2768</x>
            <y>28.2293</y>
         </point>
         <point>
            <x>174.3414</x>
            <y>27.9022</y>
         </point>
         <point>
            <x>173.405</x>
            <y>27.5777</y>
         </point>
         <point>
            <x>172.4677</x>
            <y>27.2559</y>
         </point>
         <point>
            <x>171.5295</x>
            <y>26.9366</y>
         </point>
         <point>
            <x>170.5903</x>
            <y>26.6198</y>
         </point>
         <point>
            <x>169.6503</x>
            <y>26.3057</y>
         </point>
         <point>
            <x>168.7094</x>
            <y>25.9941</y>
         </point>
         <point>
            <x>167.7676</x>
            <y>25.685</y>
         </point>
         <point>
            <x>166.825</x>
            <y>25.3785</y>
         </point>
         <point>
            <x>165.8815</x>
            <y>25.0745</y>
         </point>
         <point>
            <x>164.9371</x>
            <y>24.7731</y>
         </point>
         <point>
            <x>163.9919</x>
            <y>24.4741</y>
         </point>
         <point>
            <x>163.0459</x>
            <y>24.1777</y>
         </point>
         <point>
            <x>162.0991</x>
            <y>23.8838</y>
         </point>
         <point>
            <x>161.1515</x>
            <y>23.5924</y>
         </point>
         <point>
            <x>160.2031</x>
            <y>23.3034</y>
         </point>
         <point>
            <x>159.2538</x>
            <y>23.017</y>
         </point>
         <point>
            <x>158.3038</x>
            <y>22.733</y>
         </point>
         <point>
            <x>157.3531</x>
            <y>22.4515</y>
         </point>
         <point>
            <x>156.4016</x>
            <y>22.1725</y>
         </point>
         <point>
            <x>155.4493</x>
            <y>21.8959</y>
         </point>
         <point>
            <x>154.4963</x>
            <y>21.6218</y>
         </point>
         <point>
            <x>153.5425</x>
            <y>21.3501</y>
         </point>
         <point>
            <x>152.5881</x>
            <y>21.0808</y>
         </point>
         <point>
            <x>151.6329</x>
            <y>20.814</y>
         </point>
         <point>
            <x>150.677</x>
            <y>20.5496</y>
         </point>
         <point>
            <x>149.7204</x>
            <y>20.2876</y>
         </point>
         <point>
            <x>148.7632</x>
            <y>20.028</y>
         </point>
         <point>
            <x>147.8052</x>
            <y>19.7707</y>
         </point>
         <point>
            <x>146.8466</x>
            <y>19.5159</y>
         </point>
         <point>
            <x>145.8873</x>
            <y>19.2635</y>
         </point>
         <point>
            <x>144.9274</x>
            <y>19.0134</y>
         </point>
         <point>
            <x>143.9668</x>
            <y>18.7656</y>
         </point>
         <point>
            <x>143.0055</x>
            <y>18.5203</y>
         </point>
         <point>
            <x>142.0437</x>
            <y>18.2772</y>
         </point>
         <point>
            <x>141.0812</x>
            <y>18.0365</y>
         </point>
         <point>
            <x>140.1181</x>
            <y>17.7982</y>
         </point>
         <point>
            <x>139.1544</x>
            <y>17.5621</y>
         </point>
         <point>
            <x>138.1902</x>
            <y>17.3284</y>
         </point>
         <point>
            <x>137.2253</x>
            <y>17.097</y>
         </point>
         <point>
            <x>136.2598</x>
            <y>16.8679</y>
         </point>
         <point>
            <x>135.2938</x>
            <y>16.641</y>
         </point>
         <point>
            <x>134.3272</x>
            <y>16.4165</y>
         </point>
         <point>
            <x>133.36</x>
            <y>16.1942</y>
         </point>
         <point>
            <x>132.3923</x>
            <y>15.9742</y>
         </point>
         <point>
            <x>131.4241</x>
            <y>15.7564</y>
         </point>
         <point>
            <x>130.4553</x>
            <y>15.5409</y>
         </point>
         <point>
            <x>129.486</x>
            <y>15.3276</y>
         </point>
         <point>
            <x>128.5161</x>
            <y>15.1165</y>
         </point>
         <point>
            <x>127.5458</x>
            <y>14.9077</y>
         </point>
         <point>
            <x>126.5749</x>
            <y>14.7011</y>
         </point>
         <point>
            <x>125.6036</x>
            <y>14.4966</y>
         </point>
         <point>
            <x>124.6317</x>
            <y>14.2944</y>
         </point>
         <point>
            <x>123.6594</x>
            <y>14.0944</y>
         </point>
         <point>
            <x>122.6866</x>
            <y>13.8965</y>
         </point>
         <point>
            <x>121.7133</x>
            <y>13.7008</y>
         </point>
         <point>
            <x>120.7395</x>
            <y>13.5073</y>
         </point>
         <point>
            <x>119.7653</x>
            <y>13.3159</y>
         </point>
         <point>
            <x>118.7907</x>
            <y>13.1267</y>
         </point>
         <point>
            <x>117.8155</x>
            <y>12.9396</y>
         </point>
         <point>
            <x>116.84</x>
            <y>12.7546</y>
         </point>
         <point>
            <x>115.864</x>
            <y>12.5718</y>
         </point>
         <point>
            <x>114.8876</x>
            <y>12.391</y>
         </point>
         <point>
            <x>113.9108</x>
            <y>12.2124</y>
         </point>
         <point>
            <x>112.9336</x>
            <y>12.0358</y>
         </point>
         <point>
            <x>111.9559</x>
            <y>11.8613</y>
         </point>
         <point>
            <x>110.9779</x>
            <y>11.6889</y>
         </point>
         <point>
            <x>109.9994</x>
            <y>11.5186</y>
         </point>
         <point>
            <x>109.0206</x>
            <y>11.3503</y>
         </point>
         <point>
            <x>108.0414</x>
            <y>11.1841</y>
         </point>
         <point>
            <x>107.0618</x>
            <y>11.0199</y>
         </point>
         <point>
            <x>106.0818</x>
            <y>10.8577</y>
         </point>
         <point>
            <x>105.1015</x>
            <y>10.6975</y>
         </point>
         <point>
            <x>104.1208</x>
            <y>10.5394</y>
         </point>
         <point>
            <x>103.1398</x>
            <y>10.3833</y>
         </point>
         <point>
            <x>102.1584</x>
            <y>10.2291</y>
         </point>
         <point>
            <x>101.1767</x>
            <y>10.0769</y>
         </point>
         <point>
            <x>100.1946</x>
            <y>9.9268</y>
         </point>
         <point>
            <x>99.2122</x>
            <y>9.7785</y>
         </point>
         <point>
            <x>98.2295</x>
            <y>9.6323</y>
         </point>
         <point>
            <x>97.2464</x>
            <y>9.4879</y>
         </point>
         <point>
            <x>96.2631</x>
            <y>9.3455</y>
         </point>
         <point>
            <x>95.2794</x>
            <y>9.2051</y>
         </point>
         <point>
            <x>94.2954</x>
            <y>9.0665</y>
         </point>
         <point>
            <x>93.3112</x>
            <y>8.9299</y>
         </point>
         <point>
            <x>92.3266</x>
            <y>8.7952</y>
         </point>
         <point>
            <x>91.3417</x>
            <y>8.6623</y>
         </point>
         <point>
            <x>90.3566</x>
            <y>8.5314</y>
         </point>
         <point>
            <x>89.3712</x>
            <y>8.4023</y>
         </point>
         <point>
            <x>88.3855</x>
            <y>8.275</y>
         </point>
         <point>
            <x>87.3995</x>
            <y>8.1497</y>
         </point>
         <point>
            <x>86.4133</x>
            <y>8.0261</y>
         </point>
         <point>
            <x>85.4268</x>
            <y>7.9044</y>
         </point>
         <point>
            <x>84.44</x>
            <y>7.7846</y>
         </point>
         <point>
            <x>83.453</x>
            <y>7.6665</y>
         </point>
         <point>
            <x>82.4658</x>
            <y>7.5503</y>
         </point>
         <point>
            <x>81.4783</x>
            <y>7.4358</y>
         </point>
         <point>
            <x>80.4905</x>
            <y>7.3232</y>
         </point>
         <point>
            <x>79.5026</x>
            <y>7.2123</y>
         </point>
         <point>
            <x>78.5144</x>
            <y>7.1032</y>
         </point>
         <point>
            <x>77.526</x>
            <y>6.9958</y>
         </point>
         <point>
            <x>76.5373</x>
            <y>6.8902</y>
         </point>
         <point>
            <x>75.5484</x>
            <y>6.7864</y>
         </point>
         <point>
            <x>74.5594</x>
            <y>6.6842</y>
         </point>
         <point>
            <x>73.5701</x>
            <y>6.5838</y>
         </point>
         <point>
            <x>72.5806</x>
            <y>6.4851</y>
         </point>
         <point>
            <x>71.5909</x>
            <y>6.3881</y>
         </point>
         <point>
            <x>70.601</x>
            <y>6.2928</y>
         </point>
         <point>
            <x>69.6109</x>
            <y>6.1992</y>
         </point>
         <point>
            <x>68.6207</x>
            <y>6.1073</y>
         </point>
         <point>
            <x>67.6302</x>
            <y>6.017</y>
         </point>
         <point>
            <x>66.6396</x>
            <y>5.9284</y>
         </point>
         <point>
            <x>65.6488</x>
            <y>5.8414</y>
         </point>
         <point>
            <x>64.6578</x>
            <y>5.756</y>
         </point>
         <point>
            <x>63.6666</x>
            <y>5.6723</y>
         </point>
         <point>
            <x>62.6753</x>
            <y>5.5902</y>
         </point>
         <point>
            <x>61.6838</x>
            <y>5.5097</y>
         </point>
         <point>
            <x>60.6921</x>
            <y>5.4308</y>
         </point>
         <point>
            <x>59.7003</x>
            <y>5.3535</y>
         </point>
         <point>
            <x>58.7083</x>
            <y>5.2778</y>
         </point>
         <point>
            <x>57.7162</x>
            <y>5.2036</y>
         </point>
         <point>
            <x>56.724</x>
            <y>5.131</y>
         </point>
         <point>
            <x>55.7315</x>
            <y>5.0599</y>
         </point>
         <point>
            <x>54.739</x>
            <y>4.9904</y>
         </point>
         <point>
            <x>53.7463</x>
            <y>4.9224</y>
         </point>
         <point>
            <x>52.7535</x>
            <y>4.8559</y>
         </point>
         <point>
            <x>51.7605</x>
            <y>4.791</y>
         </point>
         <point>
            <x>50.7674</x>
            <y>4.7275</y>
         </point>
         <point>
            <x>49.7742</x>
            <y>4.6655</y>
         </point>
         <point>
            <x>48.7809</x>
            <y>4.6051</y>
         </point>
         <point>
            <x>47.7874</x>
            <y>4.546</y>
         </point>
         <point>
            <x>46.7938</x>
            <y>4.4885</y>
         </point>
         <point>
            <x>45.8001</x>
            <y>4.4324</y>
         </point>
         <point>
            <x>44.8063</x>
            <y>4.3777</y>
         </point>
         <point>
            <x>43.8124</x>
            <y>4.3245</y>
         </point>
         <point>
            <x>42.8184</x>
            <y>4.2726</y>
         </point>
         <point>
            <x>41.8242</x>
            <y>4.2222</y>
         </point>
         <point>
            <x>40.83</x>
            <y>4.1732</y>
         </point>
         <point>
            <x>39.8357</x>
            <y>4.1256</y>
         </point>
         <point>
            <x>38.8412</x>
            <y>4.0794</y>
         </point>
         <point>
            <x>37.8467</x>
            <y>4.0346</y>
         </point>
         <point>
            <x>36.8521</x>
            <y>3.9911</y>
         </point>
         <point>
            <x>35.8573</x>
            <y>3.9489</y>
         </point>
         <point>
            <x>34.8625</x>
            <y>3.9081</y>
         </point>
         <point>
            <x>33.8677</x>
            <y>3.8687</y>
         </point>
         <point>
            <x>32.8727</x>
            <y>3.8305</y>
         </point>
         <point>
            <x>31.8776</x>
            <y>3.7937</y>
         </point>
         <point>
            <x>30.8825</x>
            <y>3.7582</y>
         </point>
         <point>
            <x>29.8873</x>
            <y>3.724</y>
         </point>
         <point>
            <x>28.892</x>
            <y>3.691</y>
         </point>
         <point>
            <x>27.8966</x>
            <y>3.6594</y>
         </point>
         <point>
            <x>26.9012</x>
            <y>3.629</y>
         </point>
         <point>
            <x>25.9057</x>
            <y>3.5998</y>
         </point>
         <point>
            <x>24.9101</x>
            <y>3.5719</y>
         </point>
         <point>
            <x>23.9145</x>
            <y>3.5453</y>
         </point>
         <point>
            <x>22.9187</x>
            <y>3.5198</y>
         </point>
         <point>
            <x>21.923</x>
            <y>3.4956</y>
         </point>
         <point>
            <x>20.9271</x>
            <y>3.4726</y>
         </point>
         <point>
            <x>19.9313</x>
            <y>3.4508</y>
         </point>
         <point>
            <x>18.9353</x>
            <y>3.4301</y>
         </point>
         <point>
            <x>17.9393</x>
            <y>3.4106</y>
         </point>
         <point>
            <x>16.9432</x>
            <y>3.3923</y>
         </point>
         <point>
            <x>15.9471</x>
            <y>3.3752</y>
         </point>
         <point>
            <x>14.951</x>
            <y>3.3592</y>
         </point>
         <point>
            <x>13.9548</x>
            <y>3.3443</y>
         </point>
         <point>
            <x>12.9585</x>
            <y>3.3306</y>
         </point>
         <point>
            <x>11.9622</x>
            <y>3.318</y>
         </point>
         <point>
            <x>10.9658</x>
            <y>3.3065</y>
         </point>
         <point>
            <x>9.9694</x>
            <y>3.2961</y>
         </point>
         <point>
            <x>8.973</x>
            <y>3.2867</y>
         </point>
         <point>
            <x>7.9765</x>
            <y>3.2785</y>
         </point>
         <point>
            <x>6.98</x>
            <y>3.2713</y>
         </point>
         <point>
            <x>5.9834</x>
            <y>3.2652</y>
         </point>
         <point>
            <x>4.9868</x>
            <y>3.2601</y>
         </point>
         <point>
            <x>3.9901</x>
            <y>3.256</y>
         </point>
         <point>
            <x>2.9935</x>
            <y>3.253</y>
         </point>
         <point>
            <x>1.9967</x>
            <y>3.251</y>
         </point>
         <point>
            <x>1</x>
            <y>3.25</y>
         </point>
         <point>
            <x>0</x>
            <y>3.25</y>
         </point>
      </rightBound>
      <adjacentLeft drivingDir="opposite" ref="1000"/>
      <speedLimit>23</speedLimit>
   </lanelet>
   <obstacle id="1402">
      <role>static</role>
      <type>unknown</type>
      <shape>
         <rectangle>
            <length>6</length>
            <width>3.5</width>
            <orientation>0.07759</orientation>
            <center>
               <x>59.948</x>
               <y>0.48323</y>
            </center>
         </rectangle>
      </shape>
   </obstacle>
   <planningProblem id="1">
      <initialState>
         <position>
            <point>
               <x>29.9948</x>
               <y>-1.1501</y>
            </point>
         </position>
         <velocity>
            <exact>20</exact>
         </velocity>
         <orientation>
            <exact>0.03495</exact>
         </orientation>
         <yawRate>
            <exact>0</exact>
         </yawRate>
         <slipAngle>
            <exact>0</exact>
         </slipAngle>
         <time>
            <exact>0</exact>
         </time>
      </initialState>
      <goalState>
         <position>
            <rectangle>
               <length>11.7</length>
               <width>2.925</width>
               <orientation>0.12648</orientation>
               <center>
                  <x>87.8</x>
                  <y>3.3</y>
               </center>
            </rectangle>
         </position>
         <orientation>
            <intervalStart>-0.5</intervalStart>
            <intervalEnd>0.5</intervalEnd>
         </orientation>
         <time>
            <intervalStart>0</intervalStart>
            <intervalEnd>3</intervalEnd>
         </time>
      </goalState>
   </planningProblem>
</commonRoad>